type	dataset_uuid	dataset_source_repo	dataset_title	description	dataset_source_id	dataset_source_url	PI_name	GPA	dataset_doc	dataset_pmid	funding_source	release_date	limitations_for_reuse	assay_method	study_type	primary_disease	participant_count	sample_count	study_links	related_genes	related_diseases	related_terms	dataset_year_enrollment_started	dataset_year_enrollment_ended	dataset_minimum_age_at_baseline	dataset_maximum_age_at_baseline
dataset	dacfd682-8683-5ac3-8c4e-fd224ca7957d	PMC Supplementary Material (rescued)	Drug and disease signature integration identifies synergistic combinations in glioblastoma - supplementary data: 41467_2018_7659_MOESM4_ESM.xlsx	"Numeric measurements underlying figures (84 rows by 11 columns). Description generated automatically from column headers; not yet curated. Source article: ""Drug and disease signature integration identifies synergistic combinations in glioblastoma"" (Nat Commun, 2018). Rescued from PubMed Central supplementary material; no dataset-level record existed."	PMC6294341/41467_2018_7659_MOESM4_ESM.xlsx	https://pmc.ncbi.nlm.nih.gov/articles/PMC6294341/	Ayad NG		https://doi.org/10.1038/s41467-018-07659-z	30552330	NCI	2018	CC BY	Other	Primary data table	Glioblastoma			https://doi.org/10.1038/s41467-018-07659-z							
dataset	475ff81e-16fc-5500-b3bb-ff5a2191dec5	PMC Supplementary Material (rescued)	Drug and disease signature integration identifies synergistic combinations in glioblastoma - supplementary data: 41467_2018_7659_MOESM5_ESM.xlsx	"Numeric measurements underlying figures (199 rows by 15 columns). Description generated automatically from column headers; not yet curated. Source article: ""Drug and disease signature integration identifies synergistic combinations in glioblastoma"" (Nat Commun, 2018). Rescued from PubMed Central supplementary material; no dataset-level record existed."	PMC6294341/41467_2018_7659_MOESM5_ESM.xlsx	https://pmc.ncbi.nlm.nih.gov/articles/PMC6294341/	Ayad NG		https://doi.org/10.1038/s41467-018-07659-z	30552330	NCI	2018	CC BY	Other	Primary data table	Glioblastoma			https://doi.org/10.1038/s41467-018-07659-z							
dataset	733807e8-3b30-57be-91f3-a6106ae04747	PMC Supplementary Material (rescued)	Drug and disease signature integration identifies synergistic combinations in glioblastoma - supplementary data: 41467_2018_7659_MOESM7_ESM.xlsx	"Data table (1,589 rows by 3 columns). Description generated automatically from column headers; not yet curated. Source article: ""Drug and disease signature integration identifies synergistic combinations in glioblastoma"" (Nat Commun, 2018). Rescued from PubMed Central supplementary material; no dataset-level record existed."	PMC6294341/41467_2018_7659_MOESM7_ESM.xlsx	https://pmc.ncbi.nlm.nih.gov/articles/PMC6294341/	Ayad NG		https://doi.org/10.1038/s41467-018-07659-z	30552330	NCI	2018	CC BY	Other	Primary data table	Glioblastoma			https://doi.org/10.1038/s41467-018-07659-z							
dataset	056705b0-ad58-5001-8af7-fca4e5ce4288	PMC Supplementary Material (rescued)	Drug and disease signature integration identifies synergistic combinations in glioblastoma - supplementary data: 41467_2018_7659_MOESM8_ESM.xlsx	"Genomic variants or positions (51 rows). Description generated automatically from column headers; not yet curated. Source article: ""Drug and disease signature integration identifies synergistic combinations in glioblastoma"" (Nat Commun, 2018). Rescued from PubMed Central supplementary material; no dataset-level record existed."	PMC6294341/41467_2018_7659_MOESM8_ESM.xlsx	https://pmc.ncbi.nlm.nih.gov/articles/PMC6294341/	Ayad NG		https://doi.org/10.1038/s41467-018-07659-z	30552330	NCI	2018	CC BY	Other	Primary data table	Glioblastoma			https://doi.org/10.1038/s41467-018-07659-z							
dataset	42bda92e-9593-5c47-a8b6-de851118c412	PMC Supplementary Material (rescued)	Drug and disease signature integration identifies synergistic combinations in glioblastoma - supplementary data: 41467_2018_7659_MOESM6_ESM.xlsx	"Data table (5,120 rows by 2 columns). Description generated automatically from column headers; not yet curated. Source article: ""Drug and disease signature integration identifies synergistic combinations in glioblastoma"" (Nat Commun, 2018). Rescued from PubMed Central supplementary material; no dataset-level record existed."	PMC6294341/41467_2018_7659_MOESM6_ESM.xlsx	https://pmc.ncbi.nlm.nih.gov/articles/PMC6294341/	Ayad NG		https://doi.org/10.1038/s41467-018-07659-z	30552330	NCI	2018	CC BY	Other	Primary data table	Glioblastoma			https://doi.org/10.1038/s41467-018-07659-z							
dataset	5e1b80d4-80f3-5c36-80f4-6bc05390aa67	PMC Supplementary Material (rescued)	Drug and disease signature integration identifies synergistic combinations in glioblastoma - supplementary data: 41467_2018_7659_MOESM9_ESM.xlsx	"Numeric measurements underlying figures (1,681 rows by 26 columns). Description generated automatically from column headers; not yet curated. Source article: ""Drug and disease signature integration identifies synergistic combinations in glioblastoma"" (Nat Commun, 2018). Rescued from PubMed Central supplementary material; no dataset-level record existed."	PMC6294341/41467_2018_7659_MOESM9_ESM.xlsx	https://pmc.ncbi.nlm.nih.gov/articles/PMC6294341/	Ayad NG		https://doi.org/10.1038/s41467-018-07659-z	30552330	NCI	2018	CC BY	Other	Primary data table	Glioblastoma			https://doi.org/10.1038/s41467-018-07659-z							
dataset	2af7a69d-e60f-59bc-8923-6870cbb64484	PMC Supplementary Material (rescued)	RNAi technology targeting the &lt;i&gt;FGFR3-TACC3&lt;/i&gt; fusion breakpoint: an opportunity for precision medicine - supplementary data: vdaa132_suppl_supplementary_table_1.docx	"Data table (206 rows by 4 columns). Description generated automatically from column headers; not yet curated. Source article: ""RNAi technology targeting the &lt;i&gt;FGFR3-TACC3&lt;/i&gt; fusion breakpoint: an opportunity for precision medicine"" (Neurooncol Adv, 2020). Rescued from PubMed Central supplementary material; no dataset-level record existed."	PMC7680176/vdaa132_suppl_supplementary_table_1.docx	https://pmc.ncbi.nlm.nih.gov/articles/PMC7680176/	Lang FF		https://doi.org/10.1093/noajnl/vdaa132	33241214	NCI	2020	CC BY-NC	Other	Primary data table	Glioblastoma			https://doi.org/10.1093/noajnl/vdaa132							
dataset	f2c5c10e-f845-5360-93f4-e1f827758b90	PMC Supplementary Material (rescued)	Integrated regulatory models for inference of subtype-specific susceptibilities in glioblastoma - supplementary data: MSB-16-e9506-s003.xlsx	"Data table (51 rows by 6 columns); analysis results rather than raw measurements. Description generated automatically from column headers; not yet curated. Source article: ""Integrated regulatory models for inference of subtype-specific susceptibilities in glioblastoma"" (Mol Syst Biol, 2020). Rescued from PubMed Central supplementary material; no dataset-level record existed."	PMC7516378/MSB-16-e9506-s003.xlsx	https://pmc.ncbi.nlm.nih.gov/articles/PMC7516378/	Hemann MT		https://doi.org/10.15252/msb.20209506	32974985	NCI	2020	CC BY	Other	Derived analysis results	Glioblastoma			https://doi.org/10.15252/msb.20209506							
dataset	1ce5b70e-2ace-5991-8ea9-b0e2d1c259f9	PMC Supplementary Material (rescued)	Integrated regulatory models for inference of subtype-specific susceptibilities in glioblastoma - supplementary data: MSB-16-e9506-s004.xlsx	"Data table (506 rows by 4 columns). Description generated automatically from column headers; not yet curated. Source article: ""Integrated regulatory models for inference of subtype-specific susceptibilities in glioblastoma"" (Mol Syst Biol, 2020). Rescued from PubMed Central supplementary material; no dataset-level record existed."	PMC7516378/MSB-16-e9506-s004.xlsx	https://pmc.ncbi.nlm.nih.gov/articles/PMC7516378/	Hemann MT		https://doi.org/10.15252/msb.20209506	32974985	NCI	2020	CC BY	Other	Primary data table	Glioblastoma			https://doi.org/10.15252/msb.20209506							
dataset	f01b41bd-6882-5387-8bad-4c31dbe09f99	PMC Supplementary Material (rescued)	The nuclear DICER-circular RNA complex drives the deregulation of the glioblastoma cell microRNAome - supplementary data: abc0221_Table_S2.xlsx	"Proteomics or mass-spectrometry measurements (605 rows). Description generated automatically from column headers; not yet curated. Source article: ""The nuclear DICER-circular RNA complex drives the deregulation of the glioblastoma cell microRNAome"" (Sci Adv, 2020). Rescued from PubMed Central supplementary material; no dataset-level record existed."	PMC7744081/abc0221_Table_S2.xlsx	https://pmc.ncbi.nlm.nih.gov/articles/PMC7744081/	Godlewski J		https://doi.org/10.1126/sciadv.abc0221	33328224	NCI	2020	CC BY-NC	Other	Primary data table	Glioblastoma			https://doi.org/10.1126/sciadv.abc0221							
dataset	dd753cac-b8d5-5734-aeb5-921801941d7c	PMC Supplementary Material (rescued)	The nuclear DICER-circular RNA complex drives the deregulation of the glioblastoma cell microRNAome - supplementary data: abc0221_Table_S1.xlsx	"Gene-level table (801 genes) with 19 measurement columns. Description generated automatically from column headers; not yet curated. Source article: ""The nuclear DICER-circular RNA complex drives the deregulation of the glioblastoma cell microRNAome"" (Sci Adv, 2020). Rescued from PubMed Central supplementary material; no dataset-level record existed."	PMC7744081/abc0221_Table_S1.xlsx	https://pmc.ncbi.nlm.nih.gov/articles/PMC7744081/	Godlewski J		https://doi.org/10.1126/sciadv.abc0221	33328224	NCI	2020	CC BY-NC	Other	Primary data table	Glioblastoma			https://doi.org/10.1126/sciadv.abc0221							
dataset	4103d1a8-445b-58b8-afec-6a394f5d3f58	PMC Supplementary Material (rescued)	The nuclear DICER-circular RNA complex drives the deregulation of the glioblastoma cell microRNAome - supplementary data: abc0221_Table_S3.xlsx	"Gene-level table (1,698 genes) with 8 measurement columns. Description generated automatically from column headers; not yet curated. Source article: ""The nuclear DICER-circular RNA complex drives the deregulation of the glioblastoma cell microRNAome"" (Sci Adv, 2020). Rescued from PubMed Central supplementary material; no dataset-level record existed."	PMC7744081/abc0221_Table_S3.xlsx	https://pmc.ncbi.nlm.nih.gov/articles/PMC7744081/	Godlewski J		https://doi.org/10.1126/sciadv.abc0221	33328224	NCI	2020	CC BY-NC	Other	Primary data table	Glioblastoma			https://doi.org/10.1126/sciadv.abc0221							
dataset	d90e01bf-f280-59d2-bc32-ec768938776c	PMC Supplementary Material (rescued)	Detecting molecular subtypes from multi-omics datasets using SUMO - supplementary data: mmc2.xlsx	"Data table (82 rows by 1025 columns). Description generated automatically from column headers; not yet curated. Source article: ""Detecting molecular subtypes from multi-omics datasets using SUMO"" (Cell Rep Methods, 2022). Rescued from PubMed Central supplementary material; no dataset-level record existed."	PMC8865426/mmc2.xlsx	https://pmc.ncbi.nlm.nih.gov/articles/PMC8865426/	Ratan A		https://doi.org/10.1016/j.crmeth.2021.100152	35211690	NCI	2022	CC BY	Other	Primary data table	Glioblastoma			https://doi.org/10.1016/j.crmeth.2021.100152							
dataset	dc83c57d-8af7-5829-9a9b-64485226d84a	PMC Supplementary Material (rescued)	An ID2-dependent mechanism for VHL inactivation in cancer - supplementary data: NIHMS740731-supplement-supp_tables1-4.xlsx	"Proteomics or mass-spectrometry measurements (266 rows). Description generated automatically from column headers; not yet curated. Source article: ""An ID2-dependent mechanism for VHL inactivation in cancer"" (Nature, 2016). Rescued from PubMed Central supplementary material; no dataset-level record existed."	PMC5384647/NIHMS740731-supplement-supp_tables1-4.xlsx	https://pmc.ncbi.nlm.nih.gov/articles/PMC5384647/	Lasorella A		https://doi.org/10.1038/nature16475	26735018	NCI	2016	LICENSE NOT TAGGED	Other	Primary data table	Glioblastoma			https://doi.org/10.1038/nature16475							
dataset	b8922b24-cffd-511f-aa66-476439d7939a	PMC Supplementary Material (rescued)	Integrated mapping of pharmacokinetics and pharmacodynamics in a patient-derived xenograft model of glioblastoma - supplementary data: 41467_2018_7334_MOESM5_ESM.xlsx	"Gene-level table (5,003 genes) with 18 measurement columns. Description generated automatically from column headers; not yet curated. Source article: ""Integrated mapping of pharmacokinetics and pharmacodynamics in a patient-derived xenograft model of glioblastoma"" (Nat Commun, 2018). Rescued from PubMed Central supplementary material; no dataset-level record existed."	PMC6249307/41467_2018_7334_MOESM5_ESM.xlsx	https://pmc.ncbi.nlm.nih.gov/articles/PMC6249307/	Agar NYR		https://doi.org/10.1038/s41467-018-07334-3	30464169	NCI	2018	CC BY	Other	Primary data table	Glioblastoma			https://doi.org/10.1038/s41467-018-07334-3							
dataset	46966fed-b631-5291-bdd3-a99abb0a7bcf	PMC Supplementary Material (rescued)	Integrated mapping of pharmacokinetics and pharmacodynamics in a patient-derived xenograft model of glioblastoma - supplementary data: 41467_2018_7334_MOESM3_ESM.xlsx	"Proteomics or mass-spectrometry measurements (211 rows). Description generated automatically from column headers; not yet curated. Source article: ""Integrated mapping of pharmacokinetics and pharmacodynamics in a patient-derived xenograft model of glioblastoma"" (Nat Commun, 2018). Rescued from PubMed Central supplementary material; no dataset-level record existed."	PMC6249307/41467_2018_7334_MOESM3_ESM.xlsx	https://pmc.ncbi.nlm.nih.gov/articles/PMC6249307/	Agar NYR		https://doi.org/10.1038/s41467-018-07334-3	30464169	NCI	2018	CC BY	Other	Primary data table	Glioblastoma			https://doi.org/10.1038/s41467-018-07334-3							
dataset	5ee2e9e4-576d-50bb-a9c8-89b59fd70d2a	PMC Supplementary Material (rescued)	Integrated mapping of pharmacokinetics and pharmacodynamics in a patient-derived xenograft model of glioblastoma - supplementary data: 41467_2018_7334_MOESM4_ESM.xlsx	"Proteomics or mass-spectrometry measurements (211 rows). Description generated automatically from column headers; not yet curated. Source article: ""Integrated mapping of pharmacokinetics and pharmacodynamics in a patient-derived xenograft model of glioblastoma"" (Nat Commun, 2018). Rescued from PubMed Central supplementary material; no dataset-level record existed."	PMC6249307/41467_2018_7334_MOESM4_ESM.xlsx	https://pmc.ncbi.nlm.nih.gov/articles/PMC6249307/	Agar NYR		https://doi.org/10.1038/s41467-018-07334-3	30464169	NCI	2018	CC BY	Other	Primary data table	Glioblastoma			https://doi.org/10.1038/s41467-018-07334-3							
dataset	fe156e48-8e19-51c2-85e7-2b37b425bd98	PMC Supplementary Material (rescued)	Longitudinal assessment of tumor development using cancer avatars derived from genetically engineered pluripotent stem cells - supplementary data: 41467_2020_14312_MOESM5_ESM.xlsx	"Data table (427 rows by 75 columns). Description generated automatically from column headers; not yet curated. Source article: ""Longitudinal assessment of tumor development using cancer avatars derived from genetically engineered pluripotent stem cells"" (Nat Commun, 2020). Rescued from PubMed Central supplementary material; no dataset-level record existed."	PMC6987220/41467_2020_14312_MOESM5_ESM.xlsx	https://pmc.ncbi.nlm.nih.gov/articles/PMC6987220/	Furnari FB		https://doi.org/10.1038/s41467-020-14312-1	31992716	NCI	2020	CC BY	Other	Primary data table	Glioblastoma			https://doi.org/10.1038/s41467-020-14312-1							
dataset	c0418984-3bef-5d17-b60d-bd5367496148	PMC Supplementary Material (rescued)	Longitudinal assessment of tumor development using cancer avatars derived from genetically engineered pluripotent stem cells - supplementary data: 41467_2020_14312_MOESM6_ESM.xlsx	"Gene-level table (511 genes) with 9 measurement columns; analysis results rather than raw measurements. Description generated automatically from column headers; not yet curated. Source article: ""Longitudinal assessment of tumor development using cancer avatars derived from genetically engineered pluripotent stem cells"" (Nat Commun, 2020). Rescued from PubMed Central supplementary material; no dataset-level record existed."	PMC6987220/41467_2020_14312_MOESM6_ESM.xlsx	https://pmc.ncbi.nlm.nih.gov/articles/PMC6987220/	Furnari FB		https://doi.org/10.1038/s41467-020-14312-1	31992716	NCI	2020	CC BY	Other	Derived analysis results	Glioblastoma			https://doi.org/10.1038/s41467-020-14312-1							
dataset	aa2b0bc3-2eab-5759-940a-bd81406241c4	PMC Supplementary Material (rescued)	Longitudinal assessment of tumor development using cancer avatars derived from genetically engineered pluripotent stem cells - supplementary data: 41467_2020_14312_MOESM4_ESM.xlsx	"Data table (152 rows by 5 columns). Description generated automatically from column headers; not yet curated. Source article: ""Longitudinal assessment of tumor development using cancer avatars derived from genetically engineered pluripotent stem cells"" (Nat Commun, 2020). Rescued from PubMed Central supplementary material; no dataset-level record existed."	PMC6987220/41467_2020_14312_MOESM4_ESM.xlsx	https://pmc.ncbi.nlm.nih.gov/articles/PMC6987220/	Furnari FB		https://doi.org/10.1038/s41467-020-14312-1	31992716	NCI	2020	CC BY	Other	Primary data table	Glioblastoma			https://doi.org/10.1038/s41467-020-14312-1							
dataset	c6092979-7010-5c58-a091-6d2235e5d241	PMC Supplementary Material (rescued)	ZNF131 suppresses centrosome fragmentation in glioblastoma stem-like cells through regulation of HAUS5 - supplementary data: oncotarget-08-48545-s003.xlsx	"Differential expression results (14,869 genes or features): fold changes and significance between conditions. Description generated automatically from column headers; not yet curated. Source article: ""ZNF131 suppresses centrosome fragmentation in glioblastoma stem-like cells through regulation of HAUS5"" (Oncotarget, 2017). Rescued from PubMed Central supplementary material; no dataset-level record existed."	PMC5564707/oncotarget-08-48545-s003.xlsx	https://pmc.ncbi.nlm.nih.gov/articles/PMC5564707/	Paddison PJ		https://doi.org/10.18632/oncotarget.18153	28596487	NCI	2017	CC BY	Other	Derived analysis results	Glioblastoma			https://doi.org/10.18632/oncotarget.18153							
dataset	f397b6da-4269-5314-80df-0f0047c82649	PMC Supplementary Material (rescued)	ZNF117 regulates glioblastoma stem cell differentiation towards oligodendroglial lineage - supplementary data: 41467_2022_29884_MOESM8_ESM.xlsx	"Differential expression results (48,227 genes or features): fold changes and significance between conditions. Description generated automatically from column headers; not yet curated. Source article: ""ZNF117 regulates glioblastoma stem cell differentiation towards oligodendroglial lineage"" (Nat Commun, 2022). Rescued from PubMed Central supplementary material; no dataset-level record existed."	PMC9033827/41467_2022_29884_MOESM8_ESM.xlsx	https://pmc.ncbi.nlm.nih.gov/articles/PMC9033827/	Zhou J		https://doi.org/10.1038/s41467-022-29884-3	35459228	NCI	2022	CC BY	Other	Derived analysis results	Glioblastoma			https://doi.org/10.1038/s41467-022-29884-3							
dataset	d76c2ef4-9bfe-5629-ab0e-da59b34515f9	PMC Supplementary Material (rescued)	ZNF117 regulates glioblastoma stem cell differentiation towards oligodendroglial lineage - supplementary data: 41467_2022_29884_MOESM5_ESM.xlsx	"Data table (334 rows by 20 columns). Description generated automatically from column headers; not yet curated. Source article: ""ZNF117 regulates glioblastoma stem cell differentiation towards oligodendroglial lineage"" (Nat Commun, 2022). Rescued from PubMed Central supplementary material; no dataset-level record existed."	PMC9033827/41467_2022_29884_MOESM5_ESM.xlsx	https://pmc.ncbi.nlm.nih.gov/articles/PMC9033827/	Zhou J		https://doi.org/10.1038/s41467-022-29884-3	35459228	NCI	2022	CC BY	Other	Primary data table	Glioblastoma			https://doi.org/10.1038/s41467-022-29884-3							
dataset	b3a02141-8bca-5f02-8bdc-a3f30aa09348	PMC Supplementary Material (rescued)	ZNF117 regulates glioblastoma stem cell differentiation towards oligodendroglial lineage - supplementary data: 41467_2022_29884_MOESM1_ESM.pdf	"Pathway or gene-set enrichment results (1,173 rows): which biological processes were over-represented. Description generated automatically from column headers; not yet curated. Source article: ""ZNF117 regulates glioblastoma stem cell differentiation towards oligodendroglial lineage"" (Nat Commun, 2022). Rescued from PubMed Central supplementary material; no dataset-level record existed."	PMC9033827/41467_2022_29884_MOESM1_ESM.pdf	https://pmc.ncbi.nlm.nih.gov/articles/PMC9033827/	Zhou J		https://doi.org/10.1038/s41467-022-29884-3	35459228	NCI	2022	CC BY	Other	Derived analysis results	Glioblastoma			https://doi.org/10.1038/s41467-022-29884-3							
dataset	722fc869-8cfb-58bf-9702-f04cd9ae5383	PMC Supplementary Material (rescued)	ZNF117 regulates glioblastoma stem cell differentiation towards oligodendroglial lineage - supplementary data: 41467_2022_29884_MOESM4_ESM.xlsx	"Numeric measurements underlying figures (11,704 rows by 15 columns). Description generated automatically from column headers; not yet curated. Source article: ""ZNF117 regulates glioblastoma stem cell differentiation towards oligodendroglial lineage"" (Nat Commun, 2022). Rescued from PubMed Central supplementary material; no dataset-level record existed."	PMC9033827/41467_2022_29884_MOESM4_ESM.xlsx	https://pmc.ncbi.nlm.nih.gov/articles/PMC9033827/	Zhou J		https://doi.org/10.1038/s41467-022-29884-3	35459228	NCI	2022	CC BY	Other	Primary data table	Glioblastoma			https://doi.org/10.1038/s41467-022-29884-3							
dataset	573af376-39a4-5881-bc55-c99061ac1fd4	PMC Supplementary Material (rescued)	ZNF117 regulates glioblastoma stem cell differentiation towards oligodendroglial lineage - supplementary data: 41467_2022_29884_MOESM3_ESM.xlsx	"Numeric measurements underlying figures (18,127 rows by 24 columns). Description generated automatically from column headers; not yet curated. Source article: ""ZNF117 regulates glioblastoma stem cell differentiation towards oligodendroglial lineage"" (Nat Commun, 2022). Rescued from PubMed Central supplementary material; no dataset-level record existed."	PMC9033827/41467_2022_29884_MOESM3_ESM.xlsx	https://pmc.ncbi.nlm.nih.gov/articles/PMC9033827/	Zhou J		https://doi.org/10.1038/s41467-022-29884-3	35459228	NCI	2022	CC BY	Other	Primary data table	Glioblastoma			https://doi.org/10.1038/s41467-022-29884-3							
dataset	75cb5902-76ac-5a69-aa80-18170624f808	PMC Supplementary Material (rescued)	Yeast display biopanning identifies human antibodies targeting glioblastoma stem-like cells - supplementary data: 41598_2017_16066_MOESM1_ESM.pdf	"Numeric measurements underlying figures (65 rows by 30 columns). Description generated automatically from column headers; not yet curated. Source article: ""Yeast display biopanning identifies human antibodies targeting glioblastoma stem-like cells"" (Sci Rep, 2017). Rescued from PubMed Central supplementary material; no dataset-level record existed."	PMC5696472/41598_2017_16066_MOESM1_ESM.pdf	https://pmc.ncbi.nlm.nih.gov/articles/PMC5696472/	Kuo JS		https://doi.org/10.1038/s41598-017-16066-1	29158489	NCI	2017	CC BY	Other	Primary data table	Glioblastoma			https://doi.org/10.1038/s41598-017-16066-1							
dataset	c8e16ef1-158e-5953-a020-e31b5d5467c9	PMC Supplementary Material (rescued)	Single-cell characterization of macrophages in glioblastoma reveals MARCO as a mesenchymal pro-tumor marker - supplementary data: 13073_2021_906_MOESM4_ESM.xlsx	"Gene-level table (16,288 genes) with 3 measurement columns. Description generated automatically from column headers; not yet curated. Source article: ""Single-cell characterization of macrophages in glioblastoma reveals MARCO as a mesenchymal pro-tumor marker"" (Genome Med, 2021). Rescued from PubMed Central supplementary material; no dataset-level record existed."	PMC8136167/13073_2021_906_MOESM4_ESM.xlsx	https://pmc.ncbi.nlm.nih.gov/articles/PMC8136167/	Rabadan R		https://doi.org/10.1186/s13073-021-00906-x	34011400	NCI	2021	CC BY	Other	Primary data table	Glioblastoma			https://doi.org/10.1186/s13073-021-00906-x							
dataset	f6eb70c6-a30a-5cd6-ad29-e0b67626363c	PMC Supplementary Material (rescued)	Single-cell characterization of macrophages in glioblastoma reveals MARCO as a mesenchymal pro-tumor marker - supplementary data: 13073_2021_906_MOESM2_ESM.xlsx	"Gene-level table (216 genes) with 4 measurement columns. Description generated automatically from column headers; not yet curated. Source article: ""Single-cell characterization of macrophages in glioblastoma reveals MARCO as a mesenchymal pro-tumor marker"" (Genome Med, 2021). Rescued from PubMed Central supplementary material; no dataset-level record existed."	PMC8136167/13073_2021_906_MOESM2_ESM.xlsx	https://pmc.ncbi.nlm.nih.gov/articles/PMC8136167/	Rabadan R		https://doi.org/10.1186/s13073-021-00906-x	34011400	NCI	2021	CC BY	Other	Primary data table	Glioblastoma			https://doi.org/10.1186/s13073-021-00906-x							
dataset	2944ed29-b333-5129-b6a1-329f030f4611	PMC Supplementary Material (rescued)	TERT promoter wild-type glioblastomas show distinct clinical features and frequent PI3K pathway mutations - supplementary data: 40478_2018_613_MOESM2_ESM.xlsx	"One row per patient or sample (122 rows), with age, sex, idh, mgmt; analysis results rather than raw measurements. Description generated automatically from column headers; not yet curated. Source article: ""TERT promoter wild-type glioblastomas show distinct clinical features and frequent PI3K pathway mutations"" (Acta Neuropathol Commun, 2018). Rescued from PubMed Central supplementary material; no dataset-level record existed."	PMC6193287/40478_2018_613_MOESM2_ESM.xlsx	https://pmc.ncbi.nlm.nih.gov/articles/PMC6193287/	Cahill DP		https://doi.org/10.1186/s40478-018-0613-2	30333046	NCI	2018	CC BY	Other	Derived analysis results	Glioblastoma			https://doi.org/10.1186/s40478-018-0613-2							
dataset	77a80c24-370d-5c1c-8205-02bb904e4617	PMC Supplementary Material (rescued)	Expression of lncRNAs in Low-Grade Gliomas and Glioblastoma Multiforme: An In Silico Analysis - supplementary data: pmed.1002192.s007.xlsx	"Numeric measurements underlying figures (212 rows by 8 columns). Description generated automatically from column headers; not yet curated. Source article: ""Expression of lncRNAs in Low-Grade Gliomas and Glioblastoma Multiforme: An In Silico Analysis"" (PLoS Med, 2016). Rescued from PubMed Central supplementary material; no dataset-level record existed."	PMC5140055/pmed.1002192.s007.xlsx	https://pmc.ncbi.nlm.nih.gov/articles/PMC5140055/	Dutta A		https://doi.org/10.1371/journal.pmed.1002192	27923049	NCI	2016	CC BY	Other	Primary data table	Glioblastoma			https://doi.org/10.1371/journal.pmed.1002192							
dataset	e220c4b2-c95b-53b5-bb15-5e873d3242c3	PMC Supplementary Material (rescued)	Expression of lncRNAs in Low-Grade Gliomas and Glioblastoma Multiforme: An In Silico Analysis - supplementary data: pmed.1002192.s012.xlsx	"Numeric measurements underlying figures (866 rows by 3 columns). Description generated automatically from column headers; not yet curated. Source article: ""Expression of lncRNAs in Low-Grade Gliomas and Glioblastoma Multiforme: An In Silico Analysis"" (PLoS Med, 2016). Rescued from PubMed Central supplementary material; no dataset-level record existed."	PMC5140055/pmed.1002192.s012.xlsx	https://pmc.ncbi.nlm.nih.gov/articles/PMC5140055/	Dutta A		https://doi.org/10.1371/journal.pmed.1002192	27923049	NCI	2016	CC BY	Other	Primary data table	Glioblastoma			https://doi.org/10.1371/journal.pmed.1002192							
dataset	6e44c839-d412-5fbe-b6f1-6fbefdfd0fb0	PMC Supplementary Material (rescued)	Expression of lncRNAs in Low-Grade Gliomas and Glioblastoma Multiforme: An In Silico Analysis - supplementary data: pmed.1002192.s008.xlsx	"Numeric measurements underlying figures (1,358 rows by 6 columns). Description generated automatically from column headers; not yet curated. Source article: ""Expression of lncRNAs in Low-Grade Gliomas and Glioblastoma Multiforme: An In Silico Analysis"" (PLoS Med, 2016). Rescued from PubMed Central supplementary material; no dataset-level record existed."	PMC5140055/pmed.1002192.s008.xlsx	https://pmc.ncbi.nlm.nih.gov/articles/PMC5140055/	Dutta A		https://doi.org/10.1371/journal.pmed.1002192	27923049	NCI	2016	CC BY	Other	Primary data table	Glioblastoma			https://doi.org/10.1371/journal.pmed.1002192							
dataset	8732f44d-3433-5066-8334-6a418085c128	PMC Supplementary Material (rescued)	Expression of lncRNAs in Low-Grade Gliomas and Glioblastoma Multiforme: An In Silico Analysis - supplementary data: pmed.1002192.s004.xlsx	"Numeric measurements underlying figures (1,097 rows by 5 columns). Description generated automatically from column headers; not yet curated. Source article: ""Expression of lncRNAs in Low-Grade Gliomas and Glioblastoma Multiforme: An In Silico Analysis"" (PLoS Med, 2016). Rescued from PubMed Central supplementary material; no dataset-level record existed."	PMC5140055/pmed.1002192.s004.xlsx	https://pmc.ncbi.nlm.nih.gov/articles/PMC5140055/	Dutta A		https://doi.org/10.1371/journal.pmed.1002192	27923049	NCI	2016	CC BY	Other	Primary data table	Glioblastoma			https://doi.org/10.1371/journal.pmed.1002192							
dataset	7edd912e-49bd-53e4-b0bd-281c4c78540d	PMC Supplementary Material (rescued)	Expression of lncRNAs in Low-Grade Gliomas and Glioblastoma Multiforme: An In Silico Analysis - supplementary data: pmed.1002192.s006.xlsx	"Genomic variants or positions (947 rows); analysis results rather than raw measurements. Description generated automatically from column headers; not yet curated. Source article: ""Expression of lncRNAs in Low-Grade Gliomas and Glioblastoma Multiforme: An In Silico Analysis"" (PLoS Med, 2016). Rescued from PubMed Central supplementary material; no dataset-level record existed."	PMC5140055/pmed.1002192.s006.xlsx	https://pmc.ncbi.nlm.nih.gov/articles/PMC5140055/	Dutta A		https://doi.org/10.1371/journal.pmed.1002192	27923049	NCI	2016	CC BY	Other	Derived analysis results	Glioblastoma			https://doi.org/10.1371/journal.pmed.1002192							
dataset	a5320434-2572-5ef5-a934-80d7efb984cd	PMC Supplementary Material (rescued)	Expression of lncRNAs in Low-Grade Gliomas and Glioblastoma Multiforme: An In Silico Analysis - supplementary data: pmed.1002192.s005.xlsx	"Genomic variants or positions (513 rows); analysis results rather than raw measurements. Description generated automatically from column headers; not yet curated. Source article: ""Expression of lncRNAs in Low-Grade Gliomas and Glioblastoma Multiforme: An In Silico Analysis"" (PLoS Med, 2016). Rescued from PubMed Central supplementary material; no dataset-level record existed."	PMC5140055/pmed.1002192.s005.xlsx	https://pmc.ncbi.nlm.nih.gov/articles/PMC5140055/	Dutta A		https://doi.org/10.1371/journal.pmed.1002192	27923049	NCI	2016	CC BY	Other	Derived analysis results	Glioblastoma			https://doi.org/10.1371/journal.pmed.1002192							
dataset	21bd77f4-c549-5ab8-8087-99566daa6d19	PMC Supplementary Material (rescued)	OKN-007 Increases temozolomide (TMZ) Sensitivity and Suppresses TMZ-Resistant Glioblastoma (GBM) Tumor Growth - supplementary data: mmc1.xls	"Data table (106 rows by 9 columns). Description generated automatically from column headers; not yet curated. Source article: ""OKN-007 Increases temozolomide (TMZ) Sensitivity and Suppresses TMZ-Resistant Glioblastoma (GBM) Tumor Growth"" (Transl Oncol, 2019). Rescued from PubMed Central supplementary material; no dataset-level record existed."	PMC6251232/mmc1.xls	https://pmc.ncbi.nlm.nih.gov/articles/PMC6251232/	Battiste J		https://doi.org/10.1016/j.tranon.2018.10.002	30468988	NCI	2019	CC BY-NC-ND	Other	Primary data table	Glioblastoma			https://doi.org/10.1016/j.tranon.2018.10.002							
dataset	04de5c7b-7dd7-5a62-a6b8-0bfeb8977590	PMC Supplementary Material (rescued)	The combination of neoantigen quality and T lymphocyte infiltrates identifies glioblastomas with the longest survival - supplementary data: 42003_2019_369_MOESM5_ESM.xlsx	"Gene-level table (3,626 genes) with 14 measurement columns; analysis results rather than raw measurements. Description generated automatically from column headers; not yet curated. Source article: ""The combination of neoantigen quality and T lymphocyte infiltrates identifies glioblastomas with the longest survival"" (Commun Biol, 2019). Rescued from PubMed Central supplementary material; no dataset-level record existed."	PMC6478916/42003_2019_369_MOESM5_ESM.xlsx	https://pmc.ncbi.nlm.nih.gov/articles/PMC6478916/	Iavarone A		https://doi.org/10.1038/s42003-019-0369-7	31044160	NCI	2019	CC BY	Other	Derived analysis results	Glioblastoma			https://doi.org/10.1038/s42003-019-0369-7							
dataset	388ba572-ea74-5560-9263-cac0f37a338d	PMC Supplementary Material (rescued)	The combination of neoantigen quality and T lymphocyte infiltrates identifies glioblastomas with the longest survival - supplementary data: 42003_2019_369_MOESM7_ESM.xlsx	"Gene-level table (442 genes) with 7 measurement columns; analysis results rather than raw measurements. Description generated automatically from column headers; not yet curated. Source article: ""The combination of neoantigen quality and T lymphocyte infiltrates identifies glioblastomas with the longest survival"" (Commun Biol, 2019). Rescued from PubMed Central supplementary material; no dataset-level record existed."	PMC6478916/42003_2019_369_MOESM7_ESM.xlsx	https://pmc.ncbi.nlm.nih.gov/articles/PMC6478916/	Iavarone A		https://doi.org/10.1038/s42003-019-0369-7	31044160	NCI	2019	CC BY	Other	Derived analysis results	Glioblastoma			https://doi.org/10.1038/s42003-019-0369-7							
dataset	b75c35d6-38be-5257-944e-48395fb5fe06	PMC Supplementary Material (rescued)	The combination of neoantigen quality and T lymphocyte infiltrates identifies glioblastomas with the longest survival - supplementary data: 42003_2019_369_MOESM4_ESM.xlsx	"Gene-level table (1,706 genes) with 14 measurement columns; analysis results rather than raw measurements. Description generated automatically from column headers; not yet curated. Source article: ""The combination of neoantigen quality and T lymphocyte infiltrates identifies glioblastomas with the longest survival"" (Commun Biol, 2019). Rescued from PubMed Central supplementary material; no dataset-level record existed."	PMC6478916/42003_2019_369_MOESM4_ESM.xlsx	https://pmc.ncbi.nlm.nih.gov/articles/PMC6478916/	Iavarone A		https://doi.org/10.1038/s42003-019-0369-7	31044160	NCI	2019	CC BY	Other	Derived analysis results	Glioblastoma			https://doi.org/10.1038/s42003-019-0369-7							
dataset	70e0762a-1b37-5334-9b6c-c3c947b90240	PMC Supplementary Material (rescued)	The combination of neoantigen quality and T lymphocyte infiltrates identifies glioblastomas with the longest survival - supplementary data: 42003_2019_369_MOESM2_ESM.xlsx	"One row per patient or sample (815 rows). Description generated automatically from column headers; not yet curated. Source article: ""The combination of neoantigen quality and T lymphocyte infiltrates identifies glioblastomas with the longest survival"" (Commun Biol, 2019). Rescued from PubMed Central supplementary material; no dataset-level record existed."	PMC6478916/42003_2019_369_MOESM2_ESM.xlsx	https://pmc.ncbi.nlm.nih.gov/articles/PMC6478916/	Iavarone A		https://doi.org/10.1038/s42003-019-0369-7	31044160	NCI	2019	CC BY	Other	Primary data table	Glioblastoma			https://doi.org/10.1038/s42003-019-0369-7							
dataset	a4b47147-ab4d-5193-8cf2-b0f36c912a63	PMC Supplementary Material (rescued)	The combination of neoantigen quality and T lymphocyte infiltrates identifies glioblastomas with the longest survival - supplementary data: 42003_2019_369_MOESM6_ESM.xlsx	"Gene-level table (278 genes) with 7 measurement columns; analysis results rather than raw measurements. Description generated automatically from column headers; not yet curated. Source article: ""The combination of neoantigen quality and T lymphocyte infiltrates identifies glioblastomas with the longest survival"" (Commun Biol, 2019). Rescued from PubMed Central supplementary material; no dataset-level record existed."	PMC6478916/42003_2019_369_MOESM6_ESM.xlsx	https://pmc.ncbi.nlm.nih.gov/articles/PMC6478916/	Iavarone A		https://doi.org/10.1038/s42003-019-0369-7	31044160	NCI	2019	CC BY	Other	Derived analysis results	Glioblastoma			https://doi.org/10.1038/s42003-019-0369-7							
dataset	2a299d1d-7822-554b-8d9a-43862778fee8	PMC Supplementary Material (rescued)	The combination of neoantigen quality and T lymphocyte infiltrates identifies glioblastomas with the longest survival - supplementary data: 42003_2019_369_MOESM3_ESM.xlsx	"Gene-level table (141 genes) with 34 measurement columns. Description generated automatically from column headers; not yet curated. Source article: ""The combination of neoantigen quality and T lymphocyte infiltrates identifies glioblastomas with the longest survival"" (Commun Biol, 2019). Rescued from PubMed Central supplementary material; no dataset-level record existed."	PMC6478916/42003_2019_369_MOESM3_ESM.xlsx	https://pmc.ncbi.nlm.nih.gov/articles/PMC6478916/	Iavarone A		https://doi.org/10.1038/s42003-019-0369-7	31044160	NCI	2019	CC BY	Other	Primary data table	Glioblastoma			https://doi.org/10.1038/s42003-019-0369-7							
dataset	a332f792-3e71-5f21-8b77-0e7104c5f226	PMC Supplementary Material (rescued)	Radiogenomic analysis of hypoxia pathway is predictive of overall survival in Glioblastoma - supplementary data: 41598_2017_18310_MOESM1_ESM.xlsx	"Data table (271 rows by 4 columns). Description generated automatically from column headers; not yet curated. Source article: ""Radiogenomic analysis of hypoxia pathway is predictive of overall survival in Glioblastoma"" (Sci Rep, 2018). Rescued from PubMed Central supplementary material; no dataset-level record existed."	PMC5758516/41598_2017_18310_MOESM1_ESM.xlsx	https://pmc.ncbi.nlm.nih.gov/articles/PMC5758516/	Tiwari P		https://doi.org/10.1038/s41598-017-18310-0	29311558	NCI	2018	CC BY	Other	Primary data table	Glioblastoma			https://doi.org/10.1038/s41598-017-18310-0							
dataset	f6b79d63-8499-545f-b1ad-deb6273d16a5	PMC Supplementary Material (rescued)	Multivariate analysis of associations between clinical sequencing and outcome in glioblastoma - supplementary data: vdac002_suppl_supplementary_table_s1.docx	"Differential expression results (101 genes or features): fold changes and significance between conditions. Description generated automatically from column headers; not yet curated. Source article: ""Multivariate analysis of associations between clinical sequencing and outcome in glioblastoma"" (Neurooncol Adv, 2022). Rescued from PubMed Central supplementary material; no dataset-level record existed."	PMC8826782/vdac002_suppl_supplementary_table_s1.docx	https://pmc.ncbi.nlm.nih.gov/articles/PMC8826782/	Kim AH		https://doi.org/10.1093/noajnl/vdac002	35156038	NCI	2022	CC BY	Other	Primary data table	Glioblastoma			https://doi.org/10.1093/noajnl/vdac002							
dataset	9a98a7e1-7544-563a-98f7-6ff681534dd9	PMC Supplementary Material (rescued)	Therapeutic relevance of the protein phosphatase 2A in cancer - supplementary data: oncotarget-07-61544-s002.docx	"Data table (381 rows by 13 columns). Description generated automatically from column headers; not yet curated. Source article: ""Therapeutic relevance of the protein phosphatase 2A in cancer"" (Oncotarget, 2016). Rescued from PubMed Central supplementary material; no dataset-level record existed."	PMC5308671/oncotarget-07-61544-s002.docx	https://pmc.ncbi.nlm.nih.gov/articles/PMC5308671/	Vizeacoumar FJ		https://doi.org/10.18632/oncotarget.11399	27557495	NCI	2016	CC BY	Other	Primary data table	Glioblastoma			https://doi.org/10.18632/oncotarget.11399							
dataset	c9b64b73-d3c3-5c2a-9f27-757364ba3cba	PMC Supplementary Material (rescued)	An integrated approach to biomarker discovery reveals gene signatures highly predictive of cancer progression - supplementary data: 41598_2020_78126_MOESM1_ESM.docx	"Data table (80 rows by 6 columns). Description generated automatically from column headers; not yet curated. Source article: ""An integrated approach to biomarker discovery reveals gene signatures highly predictive of cancer progression"" (Sci Rep, 2020). Rescued from PubMed Central supplementary material; no dataset-level record existed."	PMC7718261/41598_2020_78126_MOESM1_ESM.docx	https://pmc.ncbi.nlm.nih.gov/articles/PMC7718261/	Varghese RT		https://doi.org/10.1038/s41598-020-78126-3	33277589	NCI	2020	CC BY	Other	Primary data table	Glioblastoma			https://doi.org/10.1038/s41598-020-78126-3							
dataset	e78a1de3-f759-59f5-b417-66508f68dca1	PMC Supplementary Material (rescued)	Diversity in responses to oncolytic Lassa-vesicular stomatitis virus in patient-derived glioblastoma cells - supplementary data: mmc2.xlsx	"Pathway or gene-set enrichment results (95 rows): which biological processes were over-represented. Description generated automatically from column headers; not yet curated. Source article: ""Diversity in responses to oncolytic Lassa-vesicular stomatitis virus in patient-derived glioblastoma cells"" (Mol Ther Oncolytics, 2021). Rescued from PubMed Central supplementary material; no dataset-level record existed."	PMC8424128/mmc2.xlsx	https://pmc.ncbi.nlm.nih.gov/articles/PMC8424128/	Lyles DS		https://doi.org/10.1016/j.omto.2021.06.003	34514102	NCI	2021	CC BY-NC-ND	Other	Derived analysis results	Glioblastoma			https://doi.org/10.1016/j.omto.2021.06.003							
dataset	f4085fc7-1050-56af-b1d5-0c6ce2e8a135	PMC Supplementary Material (rescued)	Diversity in responses to oncolytic Lassa-vesicular stomatitis virus in patient-derived glioblastoma cells - supplementary data: mmc1.xlsx	"Gene-level table (15,402 genes) with 20 measurement columns. Description generated automatically from column headers; not yet curated. Source article: ""Diversity in responses to oncolytic Lassa-vesicular stomatitis virus in patient-derived glioblastoma cells"" (Mol Ther Oncolytics, 2021). Rescued from PubMed Central supplementary material; no dataset-level record existed."	PMC8424128/mmc1.xlsx	https://pmc.ncbi.nlm.nih.gov/articles/PMC8424128/	Lyles DS		https://doi.org/10.1016/j.omto.2021.06.003	34514102	NCI	2021	CC BY-NC-ND	Other	Primary data table	Glioblastoma			https://doi.org/10.1016/j.omto.2021.06.003							
dataset	4a99bd0e-9cec-5953-aac6-649069ae453a	PMC Supplementary Material (rescued)	Competitive binding of E3 ligases TRIM26 and WWP2 controls SOX2 in glioblastoma - supplementary data: 41467_2021_26653_MOESM4_ESM.xlsx	"Differential expression results (35,684 genes or features): fold changes and significance between conditions. Description generated automatically from column headers; not yet curated. Source article: ""Competitive binding of E3 ligases TRIM26 and WWP2 controls SOX2 in glioblastoma"" (Nat Commun, 2021). Rescued from PubMed Central supplementary material; no dataset-level record existed."	PMC8566473/41467_2021_26653_MOESM4_ESM.xlsx	https://pmc.ncbi.nlm.nih.gov/articles/PMC8566473/	Kim AH		https://doi.org/10.1038/s41467-021-26653-6	34732716	NCI	2021	CC BY	Other	Primary data table	Glioblastoma			https://doi.org/10.1038/s41467-021-26653-6							
dataset	6000df20-d1cf-5b45-9fba-a0b412b38847	PMC Supplementary Material (rescued)	Glioblastoma-derived extracellular vesicle subpopulations following 5-aminolevulinic acid treatment bear diagnostic implications - supplementary data: JEV2-11-12278-s004.xlsx	"Pathway or gene-set enrichment results (466 rows): which biological processes were over-represented. Description generated automatically from column headers; not yet curated. Source article: ""Glioblastoma-derived extracellular vesicle subpopulations following 5-aminolevulinic acid treatment bear diagnostic implications"" (J Extracell Vesicles, 2022). Rescued from PubMed Central supplementary material; no dataset-level record existed."	PMC9676504/JEV2-11-12278-s004.xlsx	https://pmc.ncbi.nlm.nih.gov/articles/PMC9676504/	Balaj L		https://doi.org/10.1002/jev2.12278	36404434	NCI	2022	CC BY-NC	Other	Derived analysis results	Glioblastoma			https://doi.org/10.1002/jev2.12278							
dataset	0a74f607-280e-5050-b435-ca933a15399a	PMC Supplementary Material (rescued)	Glioblastoma-derived extracellular vesicle subpopulations following 5-aminolevulinic acid treatment bear diagnostic implications - supplementary data: JEV2-11-12278-s002.xlsx	"Data table (330 rows by 17 columns); analysis results rather than raw measurements. Description generated automatically from column headers; not yet curated. Source article: ""Glioblastoma-derived extracellular vesicle subpopulations following 5-aminolevulinic acid treatment bear diagnostic implications"" (J Extracell Vesicles, 2022). Rescued from PubMed Central supplementary material; no dataset-level record existed."	PMC9676504/JEV2-11-12278-s002.xlsx	https://pmc.ncbi.nlm.nih.gov/articles/PMC9676504/	Balaj L		https://doi.org/10.1002/jev2.12278	36404434	NCI	2022	CC BY-NC	Other	Derived analysis results	Glioblastoma			https://doi.org/10.1002/jev2.12278							
dataset	39dc23e1-9147-5a62-a5fd-c96e4730eeb6	PMC Supplementary Material (rescued)	Glioblastoma-derived extracellular vesicle subpopulations following 5-aminolevulinic acid treatment bear diagnostic implications - supplementary data: JEV2-11-12278-s001.xlsx	"Pathway or gene-set enrichment results (2,742 rows): which biological processes were over-represented. Description generated automatically from column headers; not yet curated. Source article: ""Glioblastoma-derived extracellular vesicle subpopulations following 5-aminolevulinic acid treatment bear diagnostic implications"" (J Extracell Vesicles, 2022). Rescued from PubMed Central supplementary material; no dataset-level record existed."	PMC9676504/JEV2-11-12278-s001.xlsx	https://pmc.ncbi.nlm.nih.gov/articles/PMC9676504/	Balaj L		https://doi.org/10.1002/jev2.12278	36404434	NCI	2022	CC BY-NC	Other	Derived analysis results	Glioblastoma			https://doi.org/10.1002/jev2.12278							
dataset	a61a8ec5-7307-53d1-867f-cac9d59c6408	PMC Supplementary Material (rescued)	Glioblastoma-derived extracellular vesicle subpopulations following 5-aminolevulinic acid treatment bear diagnostic implications - supplementary data: JEV2-11-12278-s003.xlsx	"Pathway or gene-set enrichment results (496 rows): which biological processes were over-represented. Description generated automatically from column headers; not yet curated. Source article: ""Glioblastoma-derived extracellular vesicle subpopulations following 5-aminolevulinic acid treatment bear diagnostic implications"" (J Extracell Vesicles, 2022). Rescued from PubMed Central supplementary material; no dataset-level record existed."	PMC9676504/JEV2-11-12278-s003.xlsx	https://pmc.ncbi.nlm.nih.gov/articles/PMC9676504/	Balaj L		https://doi.org/10.1002/jev2.12278	36404434	NCI	2022	CC BY-NC	Other	Derived analysis results	Glioblastoma			https://doi.org/10.1002/jev2.12278							
dataset	5088ca78-7ac2-5704-8b62-843bbbc9c1dc	PMC Supplementary Material (rescued)	Inhibition of the de novo pyrimidine biosynthesis pathway limits ribosomal RNA transcription causing nucleolar stress in glioblastoma cells - supplementary data: pgen.1009117.s013.xlsx	"Numeric measurements underlying figures (282 rows by 6 columns). Description generated automatically from column headers; not yet curated. Source article: ""Inhibition of the de novo pyrimidine biosynthesis pathway limits ribosomal RNA transcription causing nucleolar stress in glioblastoma cells"" (PLoS Genet, 2020). Rescued from PubMed Central supplementary material; no dataset-level record existed."	PMC7707548/pgen.1009117.s013.xlsx	https://pmc.ncbi.nlm.nih.gov/articles/PMC7707548/	Conacci-Sorrell M		https://doi.org/10.1371/journal.pgen.1009117	33201894	NCI	2020	CC BY	Other	Primary data table	Glioblastoma			https://doi.org/10.1371/journal.pgen.1009117							
dataset	0d0086fc-4262-5c9d-9825-1f2e9b6df5c0	PMC Supplementary Material (rescued)	Inhibition of the de novo pyrimidine biosynthesis pathway limits ribosomal RNA transcription causing nucleolar stress in glioblastoma cells - supplementary data: pgen.1009117.s009.xlsx	"Numeric measurements underlying figures (256 rows by 14 columns). Description generated automatically from column headers; not yet curated. Source article: ""Inhibition of the de novo pyrimidine biosynthesis pathway limits ribosomal RNA transcription causing nucleolar stress in glioblastoma cells"" (PLoS Genet, 2020). Rescued from PubMed Central supplementary material; no dataset-level record existed."	PMC7707548/pgen.1009117.s009.xlsx	https://pmc.ncbi.nlm.nih.gov/articles/PMC7707548/	Conacci-Sorrell M		https://doi.org/10.1371/journal.pgen.1009117	33201894	NCI	2020	CC BY	Other	Primary data table	Glioblastoma			https://doi.org/10.1371/journal.pgen.1009117							
dataset	7fed23b1-e0cb-55ff-b080-d0374be30c0a	PMC Supplementary Material (rescued)	Inhibition of the de novo pyrimidine biosynthesis pathway limits ribosomal RNA transcription causing nucleolar stress in glioblastoma cells - supplementary data: pgen.1009117.s019.xlsx	"Numeric measurements underlying figures (64 rows by 6 columns). Description generated automatically from column headers; not yet curated. Source article: ""Inhibition of the de novo pyrimidine biosynthesis pathway limits ribosomal RNA transcription causing nucleolar stress in glioblastoma cells"" (PLoS Genet, 2020). Rescued from PubMed Central supplementary material; no dataset-level record existed."	PMC7707548/pgen.1009117.s019.xlsx	https://pmc.ncbi.nlm.nih.gov/articles/PMC7707548/	Conacci-Sorrell M		https://doi.org/10.1371/journal.pgen.1009117	33201894	NCI	2020	CC BY	Other	Primary data table	Glioblastoma			https://doi.org/10.1371/journal.pgen.1009117							
dataset	7605b300-6567-5e5e-ad78-fb4f5ba7a403	PMC Supplementary Material (rescued)	Inhibition of the de novo pyrimidine biosynthesis pathway limits ribosomal RNA transcription causing nucleolar stress in glioblastoma cells - supplementary data: pgen.1009117.s014.xlsx	"Numeric measurements underlying figures (151 rows by 12 columns). Description generated automatically from column headers; not yet curated. Source article: ""Inhibition of the de novo pyrimidine biosynthesis pathway limits ribosomal RNA transcription causing nucleolar stress in glioblastoma cells"" (PLoS Genet, 2020). Rescued from PubMed Central supplementary material; no dataset-level record existed."	PMC7707548/pgen.1009117.s014.xlsx	https://pmc.ncbi.nlm.nih.gov/articles/PMC7707548/	Conacci-Sorrell M		https://doi.org/10.1371/journal.pgen.1009117	33201894	NCI	2020	CC BY	Other	Primary data table	Glioblastoma			https://doi.org/10.1371/journal.pgen.1009117							
dataset	65552ec3-0819-504c-bd99-32c04667e324	PMC Supplementary Material (rescued)	Mitochondrial 1555 G&gt;A variant as a potential risk factor for childhood glioblastoma - supplementary data: vdac045_suppl_supplementary_tables.xlsx	"Numeric measurements underlying figures (316 rows by 3 columns). Description generated automatically from column headers; not yet curated. Source article: ""Mitochondrial 1555 G&gt;A variant as a potential risk factor for childhood glioblastoma"" (Neurooncol Adv, 2022). Rescued from PubMed Central supplementary material; no dataset-level record existed."	PMC9092641/vdac045_suppl_supplementary_tables.xlsx	https://pmc.ncbi.nlm.nih.gov/articles/PMC9092641/	Wiemels JL		https://doi.org/10.1093/noajnl/vdac045	35571988	NCI	2022	CC BY-NC	Other	Primary data table	Glioblastoma			https://doi.org/10.1093/noajnl/vdac045							
dataset	47969207-9caa-5869-868b-f2eeb6550818	PMC Supplementary Material (rescued)	Therapeutic modulation of phagocytosis in glioblastoma can activate both innate and adaptive antitumour immunity - supplementary data: 41467_2020_15129_MOESM4_ESM.xlsx	"Numeric measurements underlying figures (135 rows by 40 columns). Description generated automatically from column headers; not yet curated. Source article: ""Therapeutic modulation of phagocytosis in glioblastoma can activate both innate and adaptive antitumour immunity"" (Nat Commun, 2020). Rescued from PubMed Central supplementary material; no dataset-level record existed."	PMC7083893/41467_2020_15129_MOESM4_ESM.xlsx	https://pmc.ncbi.nlm.nih.gov/articles/PMC7083893/	Kim BYS		https://doi.org/10.1038/s41467-020-15129-8	32198351	NCI	2020	CC BY	Other	Primary data table	Glioblastoma			https://doi.org/10.1038/s41467-020-15129-8							
dataset	72e3785f-0f13-5062-bc0a-22b55befe604	PMC Supplementary Material (rescued)	5-Hydroxymethylcytosine localizes to enhancer elements and is associated with survival in glioblastoma patients - supplementary data: ncomms13177-s5.xls	"Gene-level table (57 genes) with 34 measurement columns. Description generated automatically from column headers; not yet curated. Source article: ""5-Hydroxymethylcytosine localizes to enhancer elements and is associated with survival in glioblastoma patients"" (Nat Commun, 2016). Rescued from PubMed Central supplementary material; no dataset-level record existed."	PMC5133638/ncomms13177-s5.xls	https://pmc.ncbi.nlm.nih.gov/articles/PMC5133638/	Christensen BC		https://doi.org/10.1038/ncomms13177	27886174	NCI	2016	CC BY	Other	Primary data table	Glioblastoma			https://doi.org/10.1038/ncomms13177							
dataset	959f253b-4a66-51ef-993a-223d899b4624	PMC Supplementary Material (rescued)	5-Hydroxymethylcytosine localizes to enhancer elements and is associated with survival in glioblastoma patients - supplementary data: ncomms13177-s4.xls	"Gene-level table (2,551 genes) with 6 measurement columns. Description generated automatically from column headers; not yet curated. Source article: ""5-Hydroxymethylcytosine localizes to enhancer elements and is associated with survival in glioblastoma patients"" (Nat Commun, 2016). Rescued from PubMed Central supplementary material; no dataset-level record existed."	PMC5133638/ncomms13177-s4.xls	https://pmc.ncbi.nlm.nih.gov/articles/PMC5133638/	Christensen BC		https://doi.org/10.1038/ncomms13177	27886174	NCI	2016	CC BY	Other	Primary data table	Glioblastoma			https://doi.org/10.1038/ncomms13177							
dataset	abad70f2-64b9-5a80-9ee0-d3ae106a0d15	PMC Supplementary Material (rescued)	5-Hydroxymethylcytosine localizes to enhancer elements and is associated with survival in glioblastoma patients - supplementary data: ncomms13177-s7.xls	"Gene-level table (121 genes) with 9 measurement columns. Description generated automatically from column headers; not yet curated. Source article: ""5-Hydroxymethylcytosine localizes to enhancer elements and is associated with survival in glioblastoma patients"" (Nat Commun, 2016). Rescued from PubMed Central supplementary material; no dataset-level record existed."	PMC5133638/ncomms13177-s7.xls	https://pmc.ncbi.nlm.nih.gov/articles/PMC5133638/	Christensen BC		https://doi.org/10.1038/ncomms13177	27886174	NCI	2016	CC BY	Other	Primary data table	Glioblastoma			https://doi.org/10.1038/ncomms13177							
dataset	615529d8-2450-531a-aa18-61088bb3b01d	PMC Supplementary Material (rescued)	5-Hydroxymethylcytosine localizes to enhancer elements and is associated with survival in glioblastoma patients - supplementary data: ncomms13177-s6.xlsx	"Numeric measurements underlying figures (66 rows by 12 columns). Description generated automatically from column headers; not yet curated. Source article: ""5-Hydroxymethylcytosine localizes to enhancer elements and is associated with survival in glioblastoma patients"" (Nat Commun, 2016). Rescued from PubMed Central supplementary material; no dataset-level record existed."	PMC5133638/ncomms13177-s6.xlsx	https://pmc.ncbi.nlm.nih.gov/articles/PMC5133638/	Christensen BC		https://doi.org/10.1038/ncomms13177	27886174	NCI	2016	CC BY	Other	Primary data table	Glioblastoma			https://doi.org/10.1038/ncomms13177							
dataset	81dbd59b-8491-5452-92b6-7e1de47db207	PMC Supplementary Material (rescued)	5-Hydroxymethylcytosine localizes to enhancer elements and is associated with survival in glioblastoma patients - supplementary data: ncomms13177-s2.xls	"Numeric measurements underlying figures (3,878 rows by 8 columns). Description generated automatically from column headers; not yet curated. Source article: ""5-Hydroxymethylcytosine localizes to enhancer elements and is associated with survival in glioblastoma patients"" (Nat Commun, 2016). Rescued from PubMed Central supplementary material; no dataset-level record existed."	PMC5133638/ncomms13177-s2.xls	https://pmc.ncbi.nlm.nih.gov/articles/PMC5133638/	Christensen BC		https://doi.org/10.1038/ncomms13177	27886174	NCI	2016	CC BY	Other	Primary data table	Glioblastoma			https://doi.org/10.1038/ncomms13177							
dataset	f97e695d-bd98-5623-9802-35c70baa95dd	PMC Supplementary Material (rescued)	5-Hydroxymethylcytosine localizes to enhancer elements and is associated with survival in glioblastoma patients - supplementary data: ncomms13177-s3.xls	"Pathway or gene-set enrichment results (691 rows): which biological processes were over-represented. Description generated automatically from column headers; not yet curated. Source article: ""5-Hydroxymethylcytosine localizes to enhancer elements and is associated with survival in glioblastoma patients"" (Nat Commun, 2016). Rescued from PubMed Central supplementary material; no dataset-level record existed."	PMC5133638/ncomms13177-s3.xls	https://pmc.ncbi.nlm.nih.gov/articles/PMC5133638/	Christensen BC		https://doi.org/10.1038/ncomms13177	27886174	NCI	2016	CC BY	Other	Primary data table	Glioblastoma			https://doi.org/10.1038/ncomms13177							
dataset	7781c7f7-7517-52f6-8d54-c806096588b4	PMC Supplementary Material (rescued)	Peak learning of mass spectrometry imaging data using artificial neural networks - supplementary data: 41467_2021_25744_MOESM5_ESM.xlsx	"Numeric measurements underlying figures (296 rows by 12 columns). Description generated automatically from column headers; not yet curated. Source article: ""Peak learning of mass spectrometry imaging data using artificial neural networks"" (Nat Commun, 2021). Rescued from PubMed Central supplementary material; no dataset-level record existed."	PMC8452737/41467_2021_25744_MOESM5_ESM.xlsx	https://pmc.ncbi.nlm.nih.gov/articles/PMC8452737/	Agar NYR		https://doi.org/10.1038/s41467-021-25744-8	34545087	NCI	2021	CC BY	Other	Primary data table	Glioblastoma			https://doi.org/10.1038/s41467-021-25744-8							
dataset	fce3dfa0-4d5d-5a1f-9f2a-74b3f4200972	PMC Supplementary Material (rescued)	Peak learning of mass spectrometry imaging data using artificial neural networks - supplementary data: 41467_2021_25744_MOESM6_ESM.xlsx	"Numeric measurements underlying figures (109 rows by 3 columns). Description generated automatically from column headers; not yet curated. Source article: ""Peak learning of mass spectrometry imaging data using artificial neural networks"" (Nat Commun, 2021). Rescued from PubMed Central supplementary material; no dataset-level record existed."	PMC8452737/41467_2021_25744_MOESM6_ESM.xlsx	https://pmc.ncbi.nlm.nih.gov/articles/PMC8452737/	Agar NYR		https://doi.org/10.1038/s41467-021-25744-8	34545087	NCI	2021	CC BY	Other	Primary data table	Glioblastoma			https://doi.org/10.1038/s41467-021-25744-8							
dataset	551c4884-de76-5b50-bdfe-9ede6374fd97	PMC Supplementary Material (rescued)	Peak learning of mass spectrometry imaging data using artificial neural networks - supplementary data: 41467_2021_25744_MOESM4_ESM.xlsx	"Proteomics or mass-spectrometry measurements (402 rows). Description generated automatically from column headers; not yet curated. Source article: ""Peak learning of mass spectrometry imaging data using artificial neural networks"" (Nat Commun, 2021). Rescued from PubMed Central supplementary material; no dataset-level record existed."	PMC8452737/41467_2021_25744_MOESM4_ESM.xlsx	https://pmc.ncbi.nlm.nih.gov/articles/PMC8452737/	Agar NYR		https://doi.org/10.1038/s41467-021-25744-8	34545087	NCI	2021	CC BY	Other	Primary data table	Glioblastoma			https://doi.org/10.1038/s41467-021-25744-8							
dataset	78871b8a-ffa2-58a9-8213-8c6abec66a1e	PMC Supplementary Material (rescued)	Revealing cancer subtypes with higher-order correlations applied to imaging and omics data - supplementary data: 12920_2017_256_MOESM14_ESM.xlsx	"Differential expression results (8,259 genes or features): fold changes and significance between conditions. Description generated automatically from column headers; not yet curated. Source article: ""Revealing cancer subtypes with higher-order correlations applied to imaging and omics data"" (BMC Med Genomics, 2017). Rescued from PubMed Central supplementary material; no dataset-level record existed."	PMC5374737/12920_2017_256_MOESM14_ESM.xlsx	https://pmc.ncbi.nlm.nih.gov/articles/PMC5374737/	Stuart JM		https://doi.org/10.1186/s12920-017-0256-3	28359308	NCI	2017	CC BY	Other	Primary data table	Glioblastoma			https://doi.org/10.1186/s12920-017-0256-3							
dataset	95805ae1-95ba-5cfb-8105-d98fef0ba45c	PMC Supplementary Material (rescued)	PRC2 activates interferon-stimulated genes indirectly by repressing miRNAs in glioblastoma - supplementary data: pone.0222435.s002.txt	"Differential expression results (1,368 genes or features): fold changes and significance between conditions. Description generated automatically from column headers; not yet curated. Source article: ""PRC2 activates interferon-stimulated genes indirectly by repressing miRNAs in glioblastoma"" (PLoS One, 2019). Rescued from PubMed Central supplementary material; no dataset-level record existed."	PMC6742368/pone.0222435.s002.txt	https://pmc.ncbi.nlm.nih.gov/articles/PMC6742368/	Iyer VR		https://doi.org/10.1371/journal.pone.0222435	31513636	NCI	2019	CC BY	Other	Primary data table	Glioblastoma			https://doi.org/10.1371/journal.pone.0222435							
dataset	2fd6c77f-0de6-5c0f-afbf-55afab610a9b	PMC Supplementary Material (rescued)	A machine learning classifier trained on cancer transcriptomes detects NF1 inactivation signal in glioblastoma - supplementary data: 12864_2017_3519_MOESM6_ESM.xlsx	"Gene-level table (293 genes) with 7 measurement columns. Description generated automatically from column headers; not yet curated. Source article: ""A machine learning classifier trained on cancer transcriptomes detects NF1 inactivation signal in glioblastoma"" (BMC Genomics, 2017). Rescued from PubMed Central supplementary material; no dataset-level record existed."	PMC5292791/12864_2017_3519_MOESM6_ESM.xlsx	https://pmc.ncbi.nlm.nih.gov/articles/PMC5292791/	Greene CS		https://doi.org/10.1186/s12864-017-3519-7	28166733	NCI	2017	CC BY	Other	Primary data table	Glioblastoma			https://doi.org/10.1186/s12864-017-3519-7							
dataset	b86cdcfc-5f7e-512b-83a8-2b8ebb57a015	PMC Supplementary Material (rescued)	Notch signaling regulates metabolic heterogeneity in glioblastoma stem cells - supplementary data: oncotarget-08-64932-s002.docx	"Differential expression results (240 genes or features): fold changes and significance between conditions. Description generated automatically from column headers; not yet curated. Source article: ""Notch signaling regulates metabolic heterogeneity in glioblastoma stem cells"" (Oncotarget, 2017). Rescued from PubMed Central supplementary material; no dataset-level record existed."	PMC5630302/oncotarget-08-64932-s002.docx	https://pmc.ncbi.nlm.nih.gov/articles/PMC5630302/	Placantonakis DG		https://doi.org/10.18632/oncotarget.18117	29029402	NCI	2017	CC BY	Other	Derived analysis results	Glioblastoma			https://doi.org/10.18632/oncotarget.18117							
dataset	7a7d962f-6d10-56c9-94ea-2e8d1fba9f4c	PMC Supplementary Material (rescued)	Interleukin-8/CXCR2 signaling regulates therapy-induced plasticity and enhances tumorigenicity in glioblastoma - supplementary data: 41419_2019_1387_MOESM1_ESM.docx	"Differential expression results (301 genes or features): fold changes and significance between conditions. Description generated automatically from column headers; not yet curated. Source article: ""Interleukin-8/CXCR2 signaling regulates therapy-induced plasticity and enhances tumorigenicity in glioblastoma"" (Cell Death Dis, 2019). Rescued from PubMed Central supplementary material; no dataset-level record existed."	PMC6441047/41419_2019_1387_MOESM1_ESM.docx	https://pmc.ncbi.nlm.nih.gov/articles/PMC6441047/	Ahmed AU		https://doi.org/10.1038/s41419-019-1387-6	30926789	NCI	2019	CC BY	Other	Derived analysis results	Glioblastoma			https://doi.org/10.1038/s41419-019-1387-6							
dataset	731b5f48-f643-5a4c-817e-399b676513e6	PMC Supplementary Material (rescued)	Neuronal CaMKK2 promotes immunosuppression and checkpoint blockade resistance in glioblastoma - supplementary data: 41467_2022_34175_MOESM6_ESM.xlsx	"Numeric measurements underlying figures (1,130 rows by 13 columns). Description generated automatically from column headers; not yet curated. Source article: ""Neuronal CaMKK2 promotes immunosuppression and checkpoint blockade resistance in glioblastoma"" (Nat Commun, 2022). Rescued from PubMed Central supplementary material; no dataset-level record existed."	PMC9617949/41467_2022_34175_MOESM6_ESM.xlsx	https://pmc.ncbi.nlm.nih.gov/articles/PMC9617949/	Sampson JH		https://doi.org/10.1038/s41467-022-34175-y	36309495	NCI	2022	CC BY	Other	Primary data table	Glioblastoma			https://doi.org/10.1038/s41467-022-34175-y							
dataset	a871e34c-9c61-5c91-89c6-b82d654e114c	PMC Supplementary Material (rescued)	Neuronal CaMKK2 promotes immunosuppression and checkpoint blockade resistance in glioblastoma - supplementary data: 41467_2022_34175_MOESM13_ESM.xlsx	"Numeric measurements underlying figures (61 rows by 9 columns). Description generated automatically from column headers; not yet curated. Source article: ""Neuronal CaMKK2 promotes immunosuppression and checkpoint blockade resistance in glioblastoma"" (Nat Commun, 2022). Rescued from PubMed Central supplementary material; no dataset-level record existed."	PMC9617949/41467_2022_34175_MOESM13_ESM.xlsx	https://pmc.ncbi.nlm.nih.gov/articles/PMC9617949/	Sampson JH		https://doi.org/10.1038/s41467-022-34175-y	36309495	NCI	2022	CC BY	Other	Primary data table	Glioblastoma			https://doi.org/10.1038/s41467-022-34175-y							
dataset	22930a0d-18a5-59bc-ad56-3e6c2df2d4ff	PMC Supplementary Material (rescued)	Neuronal CaMKK2 promotes immunosuppression and checkpoint blockade resistance in glioblastoma - supplementary data: 41467_2022_34175_MOESM5_ESM.xlsx	"Numeric measurements underlying figures (3,226 rows by 6 columns). Description generated automatically from column headers; not yet curated. Source article: ""Neuronal CaMKK2 promotes immunosuppression and checkpoint blockade resistance in glioblastoma"" (Nat Commun, 2022). Rescued from PubMed Central supplementary material; no dataset-level record existed."	PMC9617949/41467_2022_34175_MOESM5_ESM.xlsx	https://pmc.ncbi.nlm.nih.gov/articles/PMC9617949/	Sampson JH		https://doi.org/10.1038/s41467-022-34175-y	36309495	NCI	2022	CC BY	Other	Primary data table	Glioblastoma			https://doi.org/10.1038/s41467-022-34175-y							
dataset	5e3f295d-1092-5496-9732-8d547ddc70b1	PMC Supplementary Material (rescued)	Neuronal CaMKK2 promotes immunosuppression and checkpoint blockade resistance in glioblastoma - supplementary data: 41467_2022_34175_MOESM8_ESM.xlsx	"Numeric measurements underlying figures (2,045 rows by 6 columns). Description generated automatically from column headers; not yet curated. Source article: ""Neuronal CaMKK2 promotes immunosuppression and checkpoint blockade resistance in glioblastoma"" (Nat Commun, 2022). Rescued from PubMed Central supplementary material; no dataset-level record existed."	PMC9617949/41467_2022_34175_MOESM8_ESM.xlsx	https://pmc.ncbi.nlm.nih.gov/articles/PMC9617949/	Sampson JH		https://doi.org/10.1038/s41467-022-34175-y	36309495	NCI	2022	CC BY	Other	Primary data table	Glioblastoma			https://doi.org/10.1038/s41467-022-34175-y							
dataset	06184616-5d15-57e0-bcac-f0e73f662f9b	PMC Supplementary Material (rescued)	Neuronal CaMKK2 promotes immunosuppression and checkpoint blockade resistance in glioblastoma - supplementary data: 41467_2022_34175_MOESM7_ESM.xlsx	"Numeric measurements underlying figures (3,096 rows by 6 columns). Description generated automatically from column headers; not yet curated. Source article: ""Neuronal CaMKK2 promotes immunosuppression and checkpoint blockade resistance in glioblastoma"" (Nat Commun, 2022). Rescued from PubMed Central supplementary material; no dataset-level record existed."	PMC9617949/41467_2022_34175_MOESM7_ESM.xlsx	https://pmc.ncbi.nlm.nih.gov/articles/PMC9617949/	Sampson JH		https://doi.org/10.1038/s41467-022-34175-y	36309495	NCI	2022	CC BY	Other	Primary data table	Glioblastoma			https://doi.org/10.1038/s41467-022-34175-y							
dataset	284ce6cf-5d7a-52a4-9404-13f40e70d1c0	PMC Supplementary Material (rescued)	Neuronal CaMKK2 promotes immunosuppression and checkpoint blockade resistance in glioblastoma - supplementary data: 41467_2022_34175_MOESM4_ESM.xlsx	"Numeric measurements underlying figures (3,183 rows by 13 columns). Description generated automatically from column headers; not yet curated. Source article: ""Neuronal CaMKK2 promotes immunosuppression and checkpoint blockade resistance in glioblastoma"" (Nat Commun, 2022). Rescued from PubMed Central supplementary material; no dataset-level record existed."	PMC9617949/41467_2022_34175_MOESM4_ESM.xlsx	https://pmc.ncbi.nlm.nih.gov/articles/PMC9617949/	Sampson JH		https://doi.org/10.1038/s41467-022-34175-y	36309495	NCI	2022	CC BY	Other	Primary data table	Glioblastoma			https://doi.org/10.1038/s41467-022-34175-y							
dataset	2a8bc471-fdab-514a-8d08-603b35a36131	PMC Supplementary Material (rescued)	Correlation of genetic alterations by whole-exome sequencing with clinical outcomes of glioblastoma patients from the Lebanese population - supplementary data: pone.0242793.s002.xlsx	"Genomic variants or positions (61 rows). Description generated automatically from column headers; not yet curated. Source article: ""Correlation of genetic alterations by whole-exome sequencing with clinical outcomes of glioblastoma patients from the Lebanese population"" (PLoS One, 2020). Rescued from PubMed Central supplementary material; no dataset-level record existed."	PMC7688136/pone.0242793.s002.xlsx	https://pmc.ncbi.nlm.nih.gov/articles/PMC7688136/	Assi HI		https://doi.org/10.1371/journal.pone.0242793	33237934	NCI	2020	CC BY	Other	Primary data table	Glioblastoma			https://doi.org/10.1371/journal.pone.0242793							
dataset	317262c4-4c6d-5bd8-b72b-46d8ab20dd4e	PMC Supplementary Material (rescued)	Correlation of genetic alterations by whole-exome sequencing with clinical outcomes of glioblastoma patients from the Lebanese population - supplementary data: pone.0242793.s004.docx	"Genomic variants or positions (51 rows). Description generated automatically from column headers; not yet curated. Source article: ""Correlation of genetic alterations by whole-exome sequencing with clinical outcomes of glioblastoma patients from the Lebanese population"" (PLoS One, 2020). Rescued from PubMed Central supplementary material; no dataset-level record existed."	PMC7688136/pone.0242793.s004.docx	https://pmc.ncbi.nlm.nih.gov/articles/PMC7688136/	Assi HI		https://doi.org/10.1371/journal.pone.0242793	33237934	NCI	2020	CC BY	Other	Primary data table	Glioblastoma			https://doi.org/10.1371/journal.pone.0242793							
dataset	f9995c3f-8f5a-54d1-acea-bfc67eb1936b	PMC Supplementary Material (rescued)	Correlation of genetic alterations by whole-exome sequencing with clinical outcomes of glioblastoma patients from the Lebanese population - supplementary data: pone.0242793.s003.xlsx	"One row per patient or sample (361 rows), with age, gender, recurrence. Description generated automatically from column headers; not yet curated. Source article: ""Correlation of genetic alterations by whole-exome sequencing with clinical outcomes of glioblastoma patients from the Lebanese population"" (PLoS One, 2020). Rescued from PubMed Central supplementary material; no dataset-level record existed."	PMC7688136/pone.0242793.s003.xlsx	https://pmc.ncbi.nlm.nih.gov/articles/PMC7688136/	Assi HI		https://doi.org/10.1371/journal.pone.0242793	33237934	NCI	2020	CC BY	Other	Primary data table	Glioblastoma			https://doi.org/10.1371/journal.pone.0242793							
dataset	83b95a8b-880f-54ab-9dea-6e70e66b5138	PMC Supplementary Material (rescued)	Synergistic immunotherapy of glioblastoma by dual targeting of IL-6 and CD40 - supplementary data: 41467_2021_23832_MOESM3_ESM.xlsx	"Numeric measurements underlying figures (158 rows by 70 columns). Description generated automatically from column headers; not yet curated. Source article: ""Synergistic immunotherapy of glioblastoma by dual targeting of IL-6 and CD40"" (Nat Commun, 2021). Rescued from PubMed Central supplementary material; no dataset-level record existed."	PMC8187342/41467_2021_23832_MOESM3_ESM.xlsx	https://pmc.ncbi.nlm.nih.gov/articles/PMC8187342/	Fan Y		https://doi.org/10.1038/s41467-021-23832-3	34103524	NCI	2021	CC BY	Other	Primary data table	Glioblastoma			https://doi.org/10.1038/s41467-021-23832-3							
dataset	3ae2c78c-dd17-5374-86d1-50e36227581c	PMC Supplementary Material (rescued)	Targeted next-generation sequencing of 565 neuro-oncology patients at UCLA: A single-institution experience - supplementary data: vdaa009_suppl_supplemental_table_s1.docx	"Numeric measurements underlying figures (60 rows by 10 columns). Description generated automatically from column headers; not yet curated. Source article: ""Targeted next-generation sequencing of 565 neuro-oncology patients at UCLA: A single-institution experience"" (Neurooncol Adv, 2020). Rescued from PubMed Central supplementary material; no dataset-level record existed."	PMC7034640/vdaa009_suppl_supplemental_table_s1.docx	https://pmc.ncbi.nlm.nih.gov/articles/PMC7034640/	Lai A		https://doi.org/10.1093/noajnl/vdaa009	32118206	NCI	2020	CC BY	Other	Primary data table	Glioblastoma			https://doi.org/10.1093/noajnl/vdaa009							
dataset	5b8af67f-4b89-582c-ba02-5b9591d89e13	PMC Supplementary Material (rescued)	BKM-120 (Buparlisib): A Phosphatidyl-Inositol-3 Kinase Inhibitor with Anti-Invasive Properties in Glioblastoma - supplementary data: srep20189-s1.pdf	"Data table (143 rows by 6 columns). Description generated automatically from column headers; not yet curated. Source article: ""BKM-120 (Buparlisib): A Phosphatidyl-Inositol-3 Kinase Inhibitor with Anti-Invasive Properties in Glioblastoma"" (Sci Rep, 2016). Rescued from PubMed Central supplementary material; no dataset-level record existed."	PMC4742861/srep20189-s1.pdf	https://pmc.ncbi.nlm.nih.gov/articles/PMC4742861/	Lawler SE		https://doi.org/10.1038/srep20189	26846842	NCI	2016	CC BY	Other	Primary data table	Glioblastoma			https://doi.org/10.1038/srep20189							
dataset	471663c0-e272-558b-873d-aef509817747	PMC Supplementary Material (rescued)	Gene signatures of quiescent glioblastoma cells reveal mesenchymal shift and interactions with niche microenvironment - supplementary data: mmc2.xlsx	"Gene-level table (11,483 genes) with 2 measurement columns. Description generated automatically from column headers; not yet curated. Source article: ""Gene signatures of quiescent glioblastoma cells reveal mesenchymal shift and interactions with niche microenvironment"" (EBioMedicine, 2019). Rescued from PubMed Central supplementary material; no dataset-level record existed."	PMC6491796/mmc2.xlsx	https://pmc.ncbi.nlm.nih.gov/articles/PMC6491796/	Friedel RH		https://doi.org/10.1016/j.ebiom.2019.03.064	30952620	NCI	2019	CC BY-NC-ND	Other	Primary data table	Glioblastoma			https://doi.org/10.1016/j.ebiom.2019.03.064							
dataset	216a7cb5-5dba-56e5-84e4-fb3cae0cf728	PMC Supplementary Material (rescued)	Gene signatures of quiescent glioblastoma cells reveal mesenchymal shift and interactions with niche microenvironment - supplementary data: mmc1.xlsx	"Data table (1,196 rows by 10 columns); analysis results rather than raw measurements. Description generated automatically from column headers; not yet curated. Source article: ""Gene signatures of quiescent glioblastoma cells reveal mesenchymal shift and interactions with niche microenvironment"" (EBioMedicine, 2019). Rescued from PubMed Central supplementary material; no dataset-level record existed."	PMC6491796/mmc1.xlsx	https://pmc.ncbi.nlm.nih.gov/articles/PMC6491796/	Friedel RH		https://doi.org/10.1016/j.ebiom.2019.03.064	30952620	NCI	2019	CC BY-NC-ND	Other	Derived analysis results	Glioblastoma			https://doi.org/10.1016/j.ebiom.2019.03.064							
dataset	c6ba339e-0135-507e-aafe-bd74792acdd5	PMC Supplementary Material (rescued)	Gene signatures of quiescent glioblastoma cells reveal mesenchymal shift and interactions with niche microenvironment - supplementary data: mmc3.xlsx	"Pathway or gene-set enrichment results (211 rows): which biological processes were over-represented. Description generated automatically from column headers; not yet curated. Source article: ""Gene signatures of quiescent glioblastoma cells reveal mesenchymal shift and interactions with niche microenvironment"" (EBioMedicine, 2019). Rescued from PubMed Central supplementary material; no dataset-level record existed."	PMC6491796/mmc3.xlsx	https://pmc.ncbi.nlm.nih.gov/articles/PMC6491796/	Friedel RH		https://doi.org/10.1016/j.ebiom.2019.03.064	30952620	NCI	2019	CC BY-NC-ND	Other	Primary data table	Glioblastoma			https://doi.org/10.1016/j.ebiom.2019.03.064							
dataset	a7975ba4-fd77-56c6-b311-2b4641ca26e6	PMC Supplementary Material (rescued)	Dual Role of WISP1 in maintaining glioma stem cells and tumor-supportive macrophages in glioblastoma - supplementary data: 41467_2020_16827_MOESM4_ESM.xlsx	"Numeric measurements underlying figures (489 rows by 29 columns). Description generated automatically from column headers; not yet curated. Source article: ""Dual Role of WISP1 in maintaining glioma stem cells and tumor-supportive macrophages in glioblastoma"" (Nat Commun, 2020). Rescued from PubMed Central supplementary material; no dataset-level record existed."	PMC7295765/41467_2020_16827_MOESM4_ESM.xlsx	https://pmc.ncbi.nlm.nih.gov/articles/PMC7295765/	Bao S		https://doi.org/10.1038/s41467-020-16827-z	32541784	NCI	2020	CC BY	Other	Primary data table	Glioblastoma			https://doi.org/10.1038/s41467-020-16827-z							
dataset	7f3daa5e-72f8-5aed-a63e-949aba086046	PMC Supplementary Material (rescued)	PATZ1 fusions define a novel molecularly distinct neuroepithelial tumor entity with a broad histological spectrum - supplementary data: 401_2021_2354_MOESM7_ESM.xlsx	"One row per patient or sample (65 rows), with age, sex, treatment, recurrence. Description generated automatically from column headers; not yet curated. Source article: ""PATZ1 fusions define a novel molecularly distinct neuroepithelial tumor entity with a broad histological spectrum"" (Acta Neuropathol, 2021). Rescued from PubMed Central supplementary material; no dataset-level record existed."	PMC8500868/401_2021_2354_MOESM7_ESM.xlsx	https://pmc.ncbi.nlm.nih.gov/articles/PMC8500868/	Jones DTW		https://doi.org/10.1007/s00401-021-02354-8	34417833	NCI	2021	CC BY	Other	Primary data table	Glioblastoma			https://doi.org/10.1007/s00401-021-02354-8							
dataset	8c76d2cc-398a-5f4f-812f-e1c5e7e6306c	PMC Supplementary Material (rescued)	PATZ1 fusions define a novel molecularly distinct neuroepithelial tumor entity with a broad histological spectrum - supplementary data: 401_2021_2354_MOESM5_ESM.xlsx	"Differential expression results (1,121 genes or features): fold changes and significance between conditions. Description generated automatically from column headers; not yet curated. Source article: ""PATZ1 fusions define a novel molecularly distinct neuroepithelial tumor entity with a broad histological spectrum"" (Acta Neuropathol, 2021). Rescued from PubMed Central supplementary material; no dataset-level record existed."	PMC8500868/401_2021_2354_MOESM5_ESM.xlsx	https://pmc.ncbi.nlm.nih.gov/articles/PMC8500868/	Jones DTW		https://doi.org/10.1007/s00401-021-02354-8	34417833	NCI	2021	CC BY	Other	Derived analysis results	Glioblastoma			https://doi.org/10.1007/s00401-021-02354-8							
dataset	3bbd9732-0b0c-549e-b91d-ff834994df6c	PMC Supplementary Material (rescued)	Examining Peripheral and Tumor Cellular Immunome in Patients With Cancer - supplementary data: Data_Sheet_1.PDF	"Data table (84 rows by 7 columns). Description generated automatically from column headers; not yet curated. Source article: ""Examining Peripheral and Tumor Cellular Immunome in Patients With Cancer"" (Front Immunol, 2019). Rescued from PubMed Central supplementary material; no dataset-level record existed."	PMC6685102/Data_Sheet_1.PDF	https://pmc.ncbi.nlm.nih.gov/articles/PMC6685102/	Nair SK		https://doi.org/10.3389/fimmu.2019.01767	31417550	NCI	2019	CC BY	Other	Primary data table	Glioblastoma			https://doi.org/10.3389/fimmu.2019.01767							
dataset	80fa14b2-ba35-5d50-8913-0e04a2729962	PMC Supplementary Material (rescued)	Multiplatform molecular analyses refine classification of gliomas arising in patients with neurofibromatosis type 1 - supplementary data: 401_2022_2478_MOESM1_ESM.xlsx	"Data table (1,595 rows by 5 columns). Description generated automatically from column headers; not yet curated. Source article: ""Multiplatform molecular analyses refine classification of gliomas arising in patients with neurofibromatosis type 1"" (Acta Neuropathol, 2022). Rescued from PubMed Central supplementary material; no dataset-level record existed."	PMC9468105/401_2022_2478_MOESM1_ESM.xlsx	https://pmc.ncbi.nlm.nih.gov/articles/PMC9468105/	Solomon DA		https://doi.org/10.1007/s00401-022-02478-5	35945463	NCI	2022	CC BY	Other	Primary data table	Glioblastoma			https://doi.org/10.1007/s00401-022-02478-5							
dataset	ed23dbcf-fc7d-5801-9c30-8d3f30ca9841	PMC Supplementary Material (rescued)	Genomic Landscape of Intramedullary Spinal Cord Gliomas - supplementary data: 41598_2019_54286_MOESM2_ESM.pdf	"One row per patient or sample (63 rows), with age, sex. Description generated automatically from column headers; not yet curated. Source article: ""Genomic Landscape of Intramedullary Spinal Cord Gliomas"" (Sci Rep, 2019). Rescued from PubMed Central supplementary material; no dataset-level record existed."	PMC6904446/41598_2019_54286_MOESM2_ESM.pdf	https://pmc.ncbi.nlm.nih.gov/articles/PMC6904446/	Bettegowda C		https://doi.org/10.1038/s41598-019-54286-9	31822682	NCI	2019	CC BY	Other	Primary data table	Glioblastoma			https://doi.org/10.1038/s41598-019-54286-9							
dataset	db4f7d60-cdde-5988-8c09-7dce9c1b6480	PMC Supplementary Material (rescued)	Tissues Harvested Using an Automated Surgical Approach Confirm Molecular Heterogeneity of Glioblastoma and Enhance Specimen's Translational Research Value - supplementary data: Table_2.XLSX	"Data table (422 rows by 14 columns). Description generated automatically from column headers; not yet curated. Source article: ""Tissues Harvested Using an Automated Surgical Approach Confirm Molecular Heterogeneity of Glioblastoma and Enhance Specimen's Translational Research Value"" (Front Oncol, 2019). Rescued from PubMed Central supplementary material; no dataset-level record existed."	PMC6843001/Table_2.XLSX	https://pmc.ncbi.nlm.nih.gov/articles/PMC6843001/	Soroceanu L		https://doi.org/10.3389/fonc.2019.01119	31750239	NCI	2019	CC BY	Other	Primary data table	Glioblastoma			https://doi.org/10.3389/fonc.2019.01119							
dataset	ae1a5660-a34e-576f-95fb-8cfb7ac6d31c	PMC Supplementary Material (rescued)	A single-cell based precision medicine approach using glioblastoma patient-specific models - supplementary data: 41698_2022_294_MOESM3_ESM.xlsx	"Gene-level table (8,075 genes) with 7 measurement columns; analysis results rather than raw measurements. Description generated automatically from column headers; not yet curated. Source article: ""A single-cell based precision medicine approach using glioblastoma patient-specific models"" (NPJ Precis Oncol, 2022). Rescued from PubMed Central supplementary material; no dataset-level record existed."	PMC9360428/41698_2022_294_MOESM3_ESM.xlsx	https://pmc.ncbi.nlm.nih.gov/articles/PMC9360428/	Patel AP		https://doi.org/10.1038/s41698-022-00294-4	35941215	NCI	2022	CC BY	Other	Derived analysis results	Glioblastoma			https://doi.org/10.1038/s41698-022-00294-4							
dataset	c14cc882-aa85-5bfc-bb5f-d9739cb195fc	PMC Supplementary Material (rescued)	Can Tumor Location on Pre-treatment MRI Predict Likelihood of Pseudo-Progression vs. Tumor Recurrence in Glioblastoma?-A Feasibility Study - supplementary data: Table_1.xlsx	"One row per patient or sample (75 rows), with age, gender, treatment. Description generated automatically from column headers; not yet curated. Source article: ""Can Tumor Location on Pre-treatment MRI Predict Likelihood of Pseudo-Progression vs. Tumor Recurrence in Glioblastoma?-A Feasibility Study"" (Front Comput Neurosci, 2020). Rescued from PubMed Central supplementary material; no dataset-level record existed."	PMC7767991/Table_1.xlsx	https://pmc.ncbi.nlm.nih.gov/articles/PMC7767991/	Tiwari P		https://doi.org/10.3389/fncom.2020.563439	33381018	NCI	2020	CC BY	Other	Primary data table	Glioblastoma			https://doi.org/10.3389/fncom.2020.563439							
dataset	2531e5fb-d75c-55f9-b5ff-d1418743b15f	PMC Supplementary Material (rescued)	MicroRNA Signatures and Molecular Subtypes of Glioblastoma: The Role of Extracellular Transfer - supplementary data: mmc3.xls	"Data table (3,838 rows by 13 columns). Description generated automatically from column headers; not yet curated. Source article: ""MicroRNA Signatures and Molecular Subtypes of Glioblastoma: The Role of Extracellular Transfer"" (Stem Cell Reports, 2017). Rescued from PubMed Central supplementary material; no dataset-level record existed."	PMC5470095/mmc3.xls	https://pmc.ncbi.nlm.nih.gov/articles/PMC5470095/	Bronisz A		https://doi.org/10.1016/j.stemcr.2017.04.024	28528698	NCI	2017	CC BY-NC-ND	Other	Primary data table	Glioblastoma			https://doi.org/10.1016/j.stemcr.2017.04.024							
dataset	7c80237e-c84b-55cc-a704-b192642e8ba3	PMC Supplementary Material (rescued)	MicroRNA Signatures and Molecular Subtypes of Glioblastoma: The Role of Extracellular Transfer - supplementary data: mmc2.xls	"Data table (294 rows by 11 columns). Description generated automatically from column headers; not yet curated. Source article: ""MicroRNA Signatures and Molecular Subtypes of Glioblastoma: The Role of Extracellular Transfer"" (Stem Cell Reports, 2017). Rescued from PubMed Central supplementary material; no dataset-level record existed."	PMC5470095/mmc2.xls	https://pmc.ncbi.nlm.nih.gov/articles/PMC5470095/	Bronisz A		https://doi.org/10.1016/j.stemcr.2017.04.024	28528698	NCI	2017	CC BY-NC-ND	Other	Primary data table	Glioblastoma			https://doi.org/10.1016/j.stemcr.2017.04.024							
dataset	4c10f1f1-eee2-5196-9300-e0c89df1bbec	PMC Supplementary Material (rescued)	Detection of neoantigen-specific T cells following a personalized vaccine in a patient with glioblastoma - supplementary data: koni-08-04-1561106-s001.xlsx	"Gene-level table (57,884 genes) with 5 measurement columns. Description generated automatically from column headers; not yet curated. Source article: ""Detection of neoantigen-specific T cells following a personalized vaccine in a patient with glioblastoma"" (Oncoimmunology, 2019). Rescued from PubMed Central supplementary material; no dataset-level record existed."	PMC6422384/koni-08-04-1561106-s001.xlsx	https://pmc.ncbi.nlm.nih.gov/articles/PMC6422384/	Dunn GP		https://doi.org/10.1080/2162402x.2018.1561106	30906654	NCI	2019	CC BY-NC-ND	Other	Primary data table	Glioblastoma			https://doi.org/10.1080/2162402x.2018.1561106							
dataset	2ef58a02-981f-5638-9219-78fcee0bc7ea	PMC Supplementary Material (rescued)	A patient-designed tissue-engineered model of the infiltrative glioblastoma microenvironment - supplementary data: 41698_2022_290_MOESM1_ESM.pdf	"Numeric measurements underlying figures (58 rows by 12 columns). Description generated automatically from column headers; not yet curated. Source article: ""A patient-designed tissue-engineered model of the infiltrative glioblastoma microenvironment"" (NPJ Precis Oncol, 2022). Rescued from PubMed Central supplementary material; no dataset-level record existed."	PMC9338058/41698_2022_290_MOESM1_ESM.pdf	https://pmc.ncbi.nlm.nih.gov/articles/PMC9338058/	Munson JM		https://doi.org/10.1038/s41698-022-00290-8	35906273	NCI	2022	CC BY	Other	Primary data table	Glioblastoma			https://doi.org/10.1038/s41698-022-00290-8							
dataset	24bf02b0-8b1a-5d1a-8f2e-08dbe63d5c49	PMC Supplementary Material (rescued)	A high-throughput screening and computation platform for identifying synthetic promoters with enhanced cell-state specificity (SPECS) - supplementary data: 41467_2019_10912_MOESM4_ESM.xlsx	"Numeric measurements underlying figures (118,273 rows by 15 columns). Description generated automatically from column headers; not yet curated. Source article: ""A high-throughput screening and computation platform for identifying synthetic promoters with enhanced cell-state specificity (SPECS)"" (Nat Commun, 2019). Rescued from PubMed Central supplementary material; no dataset-level record existed."	PMC6599391/41467_2019_10912_MOESM4_ESM.xlsx	https://pmc.ncbi.nlm.nih.gov/articles/PMC6599391/	Lu TK		https://doi.org/10.1038/s41467-019-10912-8	31253799	NCI	2019	CC BY	Other	Primary data table	Glioblastoma			https://doi.org/10.1038/s41467-019-10912-8							
dataset	c9e9c4e2-5a4e-53c2-bf05-e565beab1624	PMC Supplementary Material (rescued)	Targeting Treg cells with GITR activation alleviates resistance to immunotherapy in murine glioblastomas - supplementary data: 41467_2021_22885_MOESM3_ESM.xlsx	"Data table (745 rows by 9 columns). Description generated automatically from column headers; not yet curated. Source article: ""Targeting Treg cells with GITR activation alleviates resistance to immunotherapy in murine glioblastomas"" (Nat Commun, 2021). Rescued from PubMed Central supplementary material; no dataset-level record existed."	PMC8113440/41467_2021_22885_MOESM3_ESM.xlsx	https://pmc.ncbi.nlm.nih.gov/articles/PMC8113440/	Jain RK		https://doi.org/10.1038/s41467-021-22885-8	33976133	NCI	2021	LICENSE NOT TAGGED	Other	Primary data table	Glioblastoma			https://doi.org/10.1038/s41467-021-22885-8							
dataset	101b7352-0c96-5112-a78e-e6ad0771fc9b	PMC Supplementary Material (rescued)	Glioblastoma stem cell-derived exosomes induce M2 macrophages and PD-L1 expression on human monocytes - supplementary data: koni-07-04-1412909-s002.xlsx	"Pathway or gene-set enrichment results (633 rows): which biological processes were over-represented. Description generated automatically from column headers; not yet curated. Source article: ""Glioblastoma stem cell-derived exosomes induce M2 macrophages and PD-L1 expression on human monocytes"" (Oncoimmunology, 2018). Rescued from PubMed Central supplementary material; no dataset-level record existed."	PMC5889290/koni-07-04-1412909-s002.xlsx	https://pmc.ncbi.nlm.nih.gov/articles/PMC5889290/	Heimberger AB		https://doi.org/10.1080/2162402x.2017.1412909	29632728	NCI	2018	LICENSE NOT TAGGED	Other	Primary data table	Glioblastoma			https://doi.org/10.1080/2162402x.2017.1412909							
dataset	97d23db4-84ac-5799-9407-4f5f66f2978b	PMC Supplementary Material (rescued)	Glioblastoma stem cell-derived exosomes induce M2 macrophages and PD-L1 expression on human monocytes - supplementary data: koni-07-04-1412909-s001.xlsx	"Proteomics or mass-spectrometry measurements (4,702 rows). Description generated automatically from column headers; not yet curated. Source article: ""Glioblastoma stem cell-derived exosomes induce M2 macrophages and PD-L1 expression on human monocytes"" (Oncoimmunology, 2018). Rescued from PubMed Central supplementary material; no dataset-level record existed."	PMC5889290/koni-07-04-1412909-s001.xlsx	https://pmc.ncbi.nlm.nih.gov/articles/PMC5889290/	Heimberger AB		https://doi.org/10.1080/2162402x.2017.1412909	29632728	NCI	2018	LICENSE NOT TAGGED	Other	Primary data table	Glioblastoma			https://doi.org/10.1080/2162402x.2017.1412909							
dataset	a19135cd-2bc0-5952-b3b2-fdf615b6fe8f	PMC Supplementary Material (rescued)	Pleiotropic tumor suppressor functions of WWOX antagonize metastasis - supplementary data: 41392_2020_136_MOESM7_ESM.xlsx	"Data table (302 rows by 4 columns); analysis results rather than raw measurements. Description generated automatically from column headers; not yet curated. Source article: ""Pleiotropic tumor suppressor functions of WWOX antagonize metastasis"" (Signal Transduct Target Ther, 2020). Rescued from PubMed Central supplementary material; no dataset-level record existed."	PMC7162874/41392_2020_136_MOESM7_ESM.xlsx	https://pmc.ncbi.nlm.nih.gov/articles/PMC7162874/	Aqeilan RI		https://doi.org/10.1038/s41392-020-0136-8	32300104	NCI	2020	CC BY	Other	Derived analysis results	Breast Cancer			https://doi.org/10.1038/s41392-020-0136-8							
dataset	cdd91954-ec4f-5fe0-b643-a169249010b7	PMC Supplementary Material (rescued)	Pleiotropic tumor suppressor functions of WWOX antagonize metastasis - supplementary data: 41392_2020_136_MOESM8_ESM.xlsx	"Differential expression results (294 genes or features): fold changes and significance between conditions. Description generated automatically from column headers; not yet curated. Source article: ""Pleiotropic tumor suppressor functions of WWOX antagonize metastasis"" (Signal Transduct Target Ther, 2020). Rescued from PubMed Central supplementary material; no dataset-level record existed."	PMC7162874/41392_2020_136_MOESM8_ESM.xlsx	https://pmc.ncbi.nlm.nih.gov/articles/PMC7162874/	Aqeilan RI		https://doi.org/10.1038/s41392-020-0136-8	32300104	NCI	2020	CC BY	Other	Primary data table	Breast Cancer			https://doi.org/10.1038/s41392-020-0136-8							
dataset	25056d7d-c66f-56a9-bea8-33190bbcc168	PMC Supplementary Material (rescued)	Pleiotropic tumor suppressor functions of WWOX antagonize metastasis - supplementary data: 41392_2020_136_MOESM6_ESM.xlsx	"Differential expression results (178 genes or features): fold changes and significance between conditions. Description generated automatically from column headers; not yet curated. Source article: ""Pleiotropic tumor suppressor functions of WWOX antagonize metastasis"" (Signal Transduct Target Ther, 2020). Rescued from PubMed Central supplementary material; no dataset-level record existed."	PMC7162874/41392_2020_136_MOESM6_ESM.xlsx	https://pmc.ncbi.nlm.nih.gov/articles/PMC7162874/	Aqeilan RI		https://doi.org/10.1038/s41392-020-0136-8	32300104	NCI	2020	CC BY	Other	Primary data table	Breast Cancer			https://doi.org/10.1038/s41392-020-0136-8							
dataset	02b274f1-b5e8-5cde-8578-66c5d382c772	PMC Supplementary Material (rescued)	Pleiotropic tumor suppressor functions of WWOX antagonize metastasis - supplementary data: 41392_2020_136_MOESM2_ESM.xlsx	"Differential expression results (1,333 genes or features): fold changes and significance between conditions. Description generated automatically from column headers; not yet curated. Source article: ""Pleiotropic tumor suppressor functions of WWOX antagonize metastasis"" (Signal Transduct Target Ther, 2020). Rescued from PubMed Central supplementary material; no dataset-level record existed."	PMC7162874/41392_2020_136_MOESM2_ESM.xlsx	https://pmc.ncbi.nlm.nih.gov/articles/PMC7162874/	Aqeilan RI		https://doi.org/10.1038/s41392-020-0136-8	32300104	NCI	2020	CC BY	Other	Derived analysis results	Breast Cancer			https://doi.org/10.1038/s41392-020-0136-8							
dataset	dce139ce-530a-5d7b-8858-75ca71e1edaf	PMC Supplementary Material (rescued)	Pleiotropic tumor suppressor functions of WWOX antagonize metastasis - supplementary data: 41392_2020_136_MOESM5_ESM.xlsx	"Numeric measurements underlying figures (735 rows by 17 columns); analysis results rather than raw measurements. Description generated automatically from column headers; not yet curated. Source article: ""Pleiotropic tumor suppressor functions of WWOX antagonize metastasis"" (Signal Transduct Target Ther, 2020). Rescued from PubMed Central supplementary material; no dataset-level record existed."	PMC7162874/41392_2020_136_MOESM5_ESM.xlsx	https://pmc.ncbi.nlm.nih.gov/articles/PMC7162874/	Aqeilan RI		https://doi.org/10.1038/s41392-020-0136-8	32300104	NCI	2020	CC BY	Other	Derived analysis results	Breast Cancer			https://doi.org/10.1038/s41392-020-0136-8							
dataset	af3d8a7d-12b3-587f-bd2f-332f5d0f0aac	PMC Supplementary Material (rescued)	FGFR1β is a driver isoform of FGFR1 alternative splicing in breast cancer cells - supplementary data: oncotarget-10-30-s002.xlsx	"Data table (1,778 rows by 11 columns). Description generated automatically from column headers; not yet curated. Source article: ""FGFR1β is a driver isoform of FGFR1 alternative splicing in breast cancer cells"" (Oncotarget, 2019). Rescued from PubMed Central supplementary material; no dataset-level record existed."	PMC6343755/oncotarget-10-30-s002.xlsx	https://pmc.ncbi.nlm.nih.gov/articles/PMC6343755/	Meric-Bernstam F		https://doi.org/10.18632/oncotarget.26530	30713601	NCI	2019	CC BY	Other	Primary data table	Breast Cancer			https://doi.org/10.18632/oncotarget.26530							
dataset	83fffa6f-5424-5cfa-8e2a-b8d8f3a5ab21	PMC Supplementary Material (rescued)	Aging is associated with an expansion of CD49f<sup>hi</sup> mammary stem cells that show a decline in function and increased transformation potential - supplementary data: aging-08-2754-s002.xlsx	"Data table (218 rows by 4 columns). Description generated automatically from column headers; not yet curated. Source article: ""Aging is associated with an expansion of CD49f<sup>hi</sup> mammary stem cells that show a decline in function and increased transformation potential"" (Aging (Albany NY), 2016). Rescued from PubMed Central supplementary material; no dataset-level record existed."	PMC5191868/aging-08-2754-s002.xlsx	https://pmc.ncbi.nlm.nih.gov/articles/PMC5191868/	Sun LZ		https://doi.org/10.18632/aging.101082	27852980	NCI	2016	CC BY	Other	Primary data table	Breast Cancer			https://doi.org/10.18632/aging.101082							
dataset	5625c108-5466-5fbf-8f5b-2a1d0a4b3ebb	PMC Supplementary Material (rescued)	Thermal proteome profiling of breast cancer cells reveals proteasomal activation by CDK4/6 inhibitor palbociclib - supplementary data: EMBJ-37-e98359-s006.xlsx	"Data table (411 rows by 27 columns). Description generated automatically from column headers; not yet curated. Source article: ""Thermal proteome profiling of breast cancer cells reveals proteasomal activation by CDK4/6 inhibitor palbociclib"" (EMBO J, 2018). Rescued from PubMed Central supplementary material; no dataset-level record existed."	PMC5978322/EMBJ-37-e98359-s006.xlsx	https://pmc.ncbi.nlm.nih.gov/articles/PMC5978322/	Björklund M		https://doi.org/10.15252/embj.201798359	29669860	NCI	2018	CC BY	Other	Primary data table	Breast Cancer			https://doi.org/10.15252/embj.201798359							
dataset	47aff300-be0e-51f1-bc20-1a8376f27d32	PMC Supplementary Material (rescued)	Thermal proteome profiling of breast cancer cells reveals proteasomal activation by CDK4/6 inhibitor palbociclib - supplementary data: EMBJ-37-e98359-s004.xlsx	"Numeric measurements underlying figures (194 rows by 10 columns). Description generated automatically from column headers; not yet curated. Source article: ""Thermal proteome profiling of breast cancer cells reveals proteasomal activation by CDK4/6 inhibitor palbociclib"" (EMBO J, 2018). Rescued from PubMed Central supplementary material; no dataset-level record existed."	PMC5978322/EMBJ-37-e98359-s004.xlsx	https://pmc.ncbi.nlm.nih.gov/articles/PMC5978322/	Björklund M		https://doi.org/10.15252/embj.201798359	29669860	NCI	2018	CC BY	Other	Primary data table	Breast Cancer			https://doi.org/10.15252/embj.201798359							
dataset	8bcd082e-b1b1-5bbf-88b8-3c554f602a1d	PMC Supplementary Material (rescued)	Thermal proteome profiling of breast cancer cells reveals proteasomal activation by CDK4/6 inhibitor palbociclib - supplementary data: EMBJ-37-e98359-s005.xlsx	"Proteomics or mass-spectrometry measurements (1,245 rows). Description generated automatically from column headers; not yet curated. Source article: ""Thermal proteome profiling of breast cancer cells reveals proteasomal activation by CDK4/6 inhibitor palbociclib"" (EMBO J, 2018). Rescued from PubMed Central supplementary material; no dataset-level record existed."	PMC5978322/EMBJ-37-e98359-s005.xlsx	https://pmc.ncbi.nlm.nih.gov/articles/PMC5978322/	Björklund M		https://doi.org/10.15252/embj.201798359	29669860	NCI	2018	CC BY	Other	Primary data table	Breast Cancer			https://doi.org/10.15252/embj.201798359							
dataset	568795b5-b17d-5125-8ee2-71477c159d45	PMC Supplementary Material (rescued)	Thermal proteome profiling of breast cancer cells reveals proteasomal activation by CDK4/6 inhibitor palbociclib - supplementary data: EMBJ-37-e98359-s003.xlsx	"Numeric measurements underlying figures (3,709 rows by 36 columns). Description generated automatically from column headers; not yet curated. Source article: ""Thermal proteome profiling of breast cancer cells reveals proteasomal activation by CDK4/6 inhibitor palbociclib"" (EMBO J, 2018). Rescued from PubMed Central supplementary material; no dataset-level record existed."	PMC5978322/EMBJ-37-e98359-s003.xlsx	https://pmc.ncbi.nlm.nih.gov/articles/PMC5978322/	Björklund M		https://doi.org/10.15252/embj.201798359	29669860	NCI	2018	CC BY	Other	Primary data table	Breast Cancer			https://doi.org/10.15252/embj.201798359							
dataset	8114018b-b6f3-5d01-8630-12248c93c379	PMC Supplementary Material (rescued)	A Polygenic Risk Score for Breast Cancer in US Latinas and Latin American Women - supplementary data: djz174_supplementary_data.pdf	"Genomic variants or positions (181 rows). Description generated automatically from column headers; not yet curated. Source article: ""A Polygenic Risk Score for Breast Cancer in US Latinas and Latin American Women"" (J Natl Cancer Inst, 2020). Rescued from PubMed Central supplementary material; no dataset-level record existed."	PMC7301155/djz174_supplementary_data.pdf	https://pmc.ncbi.nlm.nih.gov/articles/PMC7301155/	Neuhausen SL		https://doi.org/10.1093/jnci/djz174	31553449	NCI	2020	CC BY-NC	Other	Primary data table	Breast Cancer			https://doi.org/10.1093/jnci/djz174							
dataset	488e0cab-46d0-5f7b-af5f-2a64d986d300	PMC Supplementary Material (rescued)	Associations of genetic susceptibility to 16 cancers with risk of breast cancer overall and by intrinsic subtypes - supplementary data: mmc2.xlsx	"Genomic variants or positions (460 rows). Description generated automatically from column headers; not yet curated. Source article: ""Associations of genetic susceptibility to 16 cancers with risk of breast cancer overall and by intrinsic subtypes"" (HGG Adv, 2022). Rescued from PubMed Central supplementary material; no dataset-level record existed."	PMC8756518/mmc2.xlsx	https://pmc.ncbi.nlm.nih.gov/articles/PMC8756518/	Zheng W		https://doi.org/10.1016/j.xhgg.2021.100077	35047862	NCI	2022	CC BY-NC-ND	Other	Primary data table	Breast Cancer			https://doi.org/10.1016/j.xhgg.2021.100077							
dataset	9e18911f-5e20-5ab7-8904-a0f1e3502881	PMC Supplementary Material (rescued)	Relevance of the MHC region for breast cancer susceptibility in Asians - supplementary data: 12282_2022_1366_MOESM1_ESM.xlsx	"Numeric measurements underlying figures (277 rows by 54 columns). Description generated automatically from column headers; not yet curated. Source article: ""Relevance of the MHC region for breast cancer susceptibility in Asians"" (Breast Cancer, 2022). Rescued from PubMed Central supplementary material; no dataset-level record existed."	PMC9385763/12282_2022_1366_MOESM1_ESM.xlsx	https://pmc.ncbi.nlm.nih.gov/articles/PMC9385763/	Li J		https://doi.org/10.1007/s12282-022-01366-w	35543923	NCI	2022	CC BY	Other	Primary data table	Breast Cancer			https://doi.org/10.1007/s12282-022-01366-w							
dataset	740cb8d6-227e-5653-8cd4-62380c71f204	PMC Supplementary Material (rescued)	Systematic integrated analyses of methylomic and transcriptomic impacts of early combined botanicals on estrogen receptor-negative mammary cancer - supplementary data: 41598_2021_89131_MOESM1_ESM.xlsx	"Differential expression results (14,158 genes or features): fold changes and significance between conditions. Description generated automatically from column headers; not yet curated. Source article: ""Systematic integrated analyses of methylomic and transcriptomic impacts of early combined botanicals on estrogen receptor-negative mammary cancer"" (Sci Rep, 2021). Rescued from PubMed Central supplementary material; no dataset-level record existed."	PMC8096837/41598_2021_89131_MOESM1_ESM.xlsx	https://pmc.ncbi.nlm.nih.gov/articles/PMC8096837/	Tollefsbol TO		https://doi.org/10.1038/s41598-021-89131-5	33947955	NCI	2021	CC BY	Other	Derived analysis results	Breast Cancer			https://doi.org/10.1038/s41598-021-89131-5							
dataset	5306c6ac-1091-5aa1-b272-468eeb1e7aab	PMC Supplementary Material (rescued)	Systematic integrated analyses of methylomic and transcriptomic impacts of early combined botanicals on estrogen receptor-negative mammary cancer - supplementary data: 41598_2021_89131_MOESM2_ESM.xlsx	"Differential expression results (18,866 genes or features): fold changes and significance between conditions. Description generated automatically from column headers; not yet curated. Source article: ""Systematic integrated analyses of methylomic and transcriptomic impacts of early combined botanicals on estrogen receptor-negative mammary cancer"" (Sci Rep, 2021). Rescued from PubMed Central supplementary material; no dataset-level record existed."	PMC8096837/41598_2021_89131_MOESM2_ESM.xlsx	https://pmc.ncbi.nlm.nih.gov/articles/PMC8096837/	Tollefsbol TO		https://doi.org/10.1038/s41598-021-89131-5	33947955	NCI	2021	CC BY	Other	Derived analysis results	Breast Cancer			https://doi.org/10.1038/s41598-021-89131-5							
dataset	80cd9bd4-a6c2-56b9-b62e-01399c721980	PMC Supplementary Material (rescued)	Hi-C profiling of cancer spheroids identifies 3D-growth-specific chromatin interactions in breast cancer endocrine resistance - supplementary data: 13148_2021_1167_MOESM2_ESM.xlsx	"Data table (8,123 rows by 4 columns). Description generated automatically from column headers; not yet curated. Source article: ""Hi-C profiling of cancer spheroids identifies 3D-growth-specific chromatin interactions in breast cancer endocrine resistance"" (Clin Epigenetics, 2021). Rescued from PubMed Central supplementary material; no dataset-level record existed."	PMC8447690/13148_2021_1167_MOESM2_ESM.xlsx	https://pmc.ncbi.nlm.nih.gov/articles/PMC8447690/	Jin VX		https://doi.org/10.1186/s13148-021-01167-6	34535185	NCI	2021	CC BY	Other	Primary data table	Breast Cancer			https://doi.org/10.1186/s13148-021-01167-6							
dataset	584889f3-2c8e-5596-b4ea-7d78b9b020b2	PMC Supplementary Material (rescued)	Hi-C profiling of cancer spheroids identifies 3D-growth-specific chromatin interactions in breast cancer endocrine resistance - supplementary data: 13148_2021_1167_MOESM4_ESM.xlsx	"Differential expression results (4,319 genes or features): fold changes and significance between conditions. Description generated automatically from column headers; not yet curated. Source article: ""Hi-C profiling of cancer spheroids identifies 3D-growth-specific chromatin interactions in breast cancer endocrine resistance"" (Clin Epigenetics, 2021). Rescued from PubMed Central supplementary material; no dataset-level record existed."	PMC8447690/13148_2021_1167_MOESM4_ESM.xlsx	https://pmc.ncbi.nlm.nih.gov/articles/PMC8447690/	Jin VX		https://doi.org/10.1186/s13148-021-01167-6	34535185	NCI	2021	CC BY	Other	Derived analysis results	Breast Cancer			https://doi.org/10.1186/s13148-021-01167-6							
dataset	1edde160-b1d5-56eb-8bf7-6d9640968869	PMC Supplementary Material (rescued)	Hi-C profiling of cancer spheroids identifies 3D-growth-specific chromatin interactions in breast cancer endocrine resistance - supplementary data: 13148_2021_1167_MOESM3_ESM.xlsx	"Gene-level table (4,366 genes) with 5 measurement columns. Description generated automatically from column headers; not yet curated. Source article: ""Hi-C profiling of cancer spheroids identifies 3D-growth-specific chromatin interactions in breast cancer endocrine resistance"" (Clin Epigenetics, 2021). Rescued from PubMed Central supplementary material; no dataset-level record existed."	PMC8447690/13148_2021_1167_MOESM3_ESM.xlsx	https://pmc.ncbi.nlm.nih.gov/articles/PMC8447690/	Jin VX		https://doi.org/10.1186/s13148-021-01167-6	34535185	NCI	2021	CC BY	Other	Primary data table	Breast Cancer			https://doi.org/10.1186/s13148-021-01167-6							
dataset	53b7a0b6-8541-50ab-83af-e8250ef64293	PMC Supplementary Material (rescued)	BRCA1 and BRCA2 mutational profile and prevalence in hereditary breast and ovarian cancer (HBOC) probands from Southern Brazil: Are international testing criteria appropriate for this specific population? - supplementary data: pone.0187630.s001.xlsx	"Genomic variants or positions (72 rows). Description generated automatically from column headers; not yet curated. Source article: ""BRCA1 and BRCA2 mutational profile and prevalence in hereditary breast and ovarian cancer (HBOC) probands from Southern Brazil: Are international testing criteria appropriate for this specific population?"" (PLoS One, 2017). Rescued from PubMed Central supplementary material; no dataset-level record existed."	PMC5697861/pone.0187630.s001.xlsx	https://pmc.ncbi.nlm.nih.gov/articles/PMC5697861/	Ashton-Prolla P		https://doi.org/10.1371/journal.pone.0187630	29161300	NCI	2017	CC BY	Other	Primary data table	Breast Cancer			https://doi.org/10.1371/journal.pone.0187630							
dataset	051f893b-5dc5-5e91-9c7e-9fed46a87cbe	PMC Supplementary Material (rescued)	BRCA1 and BRCA2 mutational profile and prevalence in hereditary breast and ovarian cancer (HBOC) probands from Southern Brazil: Are international testing criteria appropriate for this specific population? - supplementary data: pone.0187630.s002.xlsx	"Genomic variants or positions (93 rows). Description generated automatically from column headers; not yet curated. Source article: ""BRCA1 and BRCA2 mutational profile and prevalence in hereditary breast and ovarian cancer (HBOC) probands from Southern Brazil: Are international testing criteria appropriate for this specific population?"" (PLoS One, 2017). Rescued from PubMed Central supplementary material; no dataset-level record existed."	PMC5697861/pone.0187630.s002.xlsx	https://pmc.ncbi.nlm.nih.gov/articles/PMC5697861/	Ashton-Prolla P		https://doi.org/10.1371/journal.pone.0187630	29161300	NCI	2017	CC BY	Other	Primary data table	Breast Cancer			https://doi.org/10.1371/journal.pone.0187630							
dataset	15a63465-8dda-5bf9-b714-1d0d7a5dbb7b	PMC Supplementary Material (rescued)	Genomic signature of parity in the breast of premenopausal women - supplementary data: 13058_2019_1128_MOESM1_ESM.xlsx	"Gene-level table (418 genes) with 20 measurement columns; analysis results rather than raw measurements. Description generated automatically from column headers; not yet curated. Source article: ""Genomic signature of parity in the breast of premenopausal women"" (Breast Cancer Res, 2019). Rescued from PubMed Central supplementary material; no dataset-level record existed."	PMC6438043/13058_2019_1128_MOESM1_ESM.xlsx	https://pmc.ncbi.nlm.nih.gov/articles/PMC6438043/	Russo J		https://doi.org/10.1186/s13058-019-1128-x	30922380	NCI	2019	CC BY	Other	Derived analysis results	Breast Cancer			https://doi.org/10.1186/s13058-019-1128-x							
dataset	ce161500-6ccb-54bd-aef2-f1de7476b126	PMC Supplementary Material (rescued)	Genomic signature of parity in the breast of premenopausal women - supplementary data: 13058_2019_1128_MOESM4_ESM.xlsx	"Differential expression results (111 genes or features): fold changes and significance between conditions. Description generated automatically from column headers; not yet curated. Source article: ""Genomic signature of parity in the breast of premenopausal women"" (Breast Cancer Res, 2019). Rescued from PubMed Central supplementary material; no dataset-level record existed."	PMC6438043/13058_2019_1128_MOESM4_ESM.xlsx	https://pmc.ncbi.nlm.nih.gov/articles/PMC6438043/	Russo J		https://doi.org/10.1186/s13058-019-1128-x	30922380	NCI	2019	CC BY	Other	Primary data table	Breast Cancer			https://doi.org/10.1186/s13058-019-1128-x							
dataset	3cb7e3d6-1ef1-56a7-8d6b-0a02e9dc1a34	PMC Supplementary Material (rescued)	Genomic signature of parity in the breast of premenopausal women - supplementary data: 13058_2019_1128_MOESM2_ESM.xlsx	"Differential expression results (107 genes or features): fold changes and significance between conditions. Description generated automatically from column headers; not yet curated. Source article: ""Genomic signature of parity in the breast of premenopausal women"" (Breast Cancer Res, 2019). Rescued from PubMed Central supplementary material; no dataset-level record existed."	PMC6438043/13058_2019_1128_MOESM2_ESM.xlsx	https://pmc.ncbi.nlm.nih.gov/articles/PMC6438043/	Russo J		https://doi.org/10.1186/s13058-019-1128-x	30922380	NCI	2019	CC BY	Other	Primary data table	Breast Cancer			https://doi.org/10.1186/s13058-019-1128-x							
dataset	fa0f1ac5-09c3-5995-a61c-03a05e79523f	PMC Supplementary Material (rescued)	Genomic signature of parity in the breast of premenopausal women - supplementary data: 13058_2019_1128_MOESM3_ESM.xlsx	"Differential expression results (69 genes or features): fold changes and significance between conditions. Description generated automatically from column headers; not yet curated. Source article: ""Genomic signature of parity in the breast of premenopausal women"" (Breast Cancer Res, 2019). Rescued from PubMed Central supplementary material; no dataset-level record existed."	PMC6438043/13058_2019_1128_MOESM3_ESM.xlsx	https://pmc.ncbi.nlm.nih.gov/articles/PMC6438043/	Russo J		https://doi.org/10.1186/s13058-019-1128-x	30922380	NCI	2019	CC BY	Other	Primary data table	Breast Cancer			https://doi.org/10.1186/s13058-019-1128-x							
dataset	865aef90-86a0-5bec-809b-20fdc5d80552	PMC Supplementary Material (rescued)	Genomic signature of parity in the breast of premenopausal women - supplementary data: 13058_2019_1128_MOESM7_ESM.xlsx	"Pathway or gene-set enrichment results (322 rows): which biological processes were over-represented. Description generated automatically from column headers; not yet curated. Source article: ""Genomic signature of parity in the breast of premenopausal women"" (Breast Cancer Res, 2019). Rescued from PubMed Central supplementary material; no dataset-level record existed."	PMC6438043/13058_2019_1128_MOESM7_ESM.xlsx	https://pmc.ncbi.nlm.nih.gov/articles/PMC6438043/	Russo J		https://doi.org/10.1186/s13058-019-1128-x	30922380	NCI	2019	CC BY	Other	Derived analysis results	Breast Cancer			https://doi.org/10.1186/s13058-019-1128-x							
dataset	080695b6-7cb8-57a9-9abf-8647cb17fdf5	PMC Supplementary Material (rescued)	Genomic signature of parity in the breast of premenopausal women - supplementary data: 13058_2019_1128_MOESM6_ESM.xlsx	"Gene-level table (1,022 genes) with 15 measurement columns. Description generated automatically from column headers; not yet curated. Source article: ""Genomic signature of parity in the breast of premenopausal women"" (Breast Cancer Res, 2019). Rescued from PubMed Central supplementary material; no dataset-level record existed."	PMC6438043/13058_2019_1128_MOESM6_ESM.xlsx	https://pmc.ncbi.nlm.nih.gov/articles/PMC6438043/	Russo J		https://doi.org/10.1186/s13058-019-1128-x	30922380	NCI	2019	CC BY	Other	Primary data table	Breast Cancer			https://doi.org/10.1186/s13058-019-1128-x							
dataset	0ed30a95-3495-500d-a539-8362d148702d	PMC Supplementary Material (rescued)	Development and validation of a targeted next generation DNA sequencing panel outperforming whole exome sequencing for the identification of clinically relevant genetic variants - supplementary data: oncotarget-08-102033-s004.xlsx	"Gene-level table (412 genes) with 6 measurement columns. Description generated automatically from column headers; not yet curated. Source article: ""Development and validation of a targeted next generation DNA sequencing panel outperforming whole exome sequencing for the identification of clinically relevant genetic variants"" (Oncotarget, 2017). Rescued from PubMed Central supplementary material; no dataset-level record existed."	PMC5731933/oncotarget-08-102033-s004.xlsx	https://pmc.ncbi.nlm.nih.gov/articles/PMC5731933/	Montagna C		https://doi.org/10.18632/oncotarget.22116	29254223	NCI	2017	CC BY	Other	Primary data table	Breast Cancer			https://doi.org/10.18632/oncotarget.22116							
dataset	7afd33d3-6a77-55fe-b076-536ae41262c3	PMC Supplementary Material (rescued)	Development and validation of a targeted next generation DNA sequencing panel outperforming whole exome sequencing for the identification of clinically relevant genetic variants - supplementary data: oncotarget-08-102033-s002.xlsx	"Gene-level table (216 genes) with 8 measurement columns. Description generated automatically from column headers; not yet curated. Source article: ""Development and validation of a targeted next generation DNA sequencing panel outperforming whole exome sequencing for the identification of clinically relevant genetic variants"" (Oncotarget, 2017). Rescued from PubMed Central supplementary material; no dataset-level record existed."	PMC5731933/oncotarget-08-102033-s002.xlsx	https://pmc.ncbi.nlm.nih.gov/articles/PMC5731933/	Montagna C		https://doi.org/10.18632/oncotarget.22116	29254223	NCI	2017	CC BY	Other	Primary data table	Breast Cancer			https://doi.org/10.18632/oncotarget.22116							
dataset	73b6e632-0d19-5ee5-892c-47ab2f9dc5c8	PMC Supplementary Material (rescued)	Development and validation of a targeted next generation DNA sequencing panel outperforming whole exome sequencing for the identification of clinically relevant genetic variants - supplementary data: oncotarget-08-102033-s003.xlsx	"Genomic variants or positions (6,310 rows). Description generated automatically from column headers; not yet curated. Source article: ""Development and validation of a targeted next generation DNA sequencing panel outperforming whole exome sequencing for the identification of clinically relevant genetic variants"" (Oncotarget, 2017). Rescued from PubMed Central supplementary material; no dataset-level record existed."	PMC5731933/oncotarget-08-102033-s003.xlsx	https://pmc.ncbi.nlm.nih.gov/articles/PMC5731933/	Montagna C		https://doi.org/10.18632/oncotarget.22116	29254223	NCI	2017	CC BY	Other	Primary data table	Breast Cancer			https://doi.org/10.18632/oncotarget.22116							
dataset	b64584ae-30a3-58f0-a6c6-88e3438d4a43	PMC Supplementary Material (rescued)	Copy number variants as modifiers of breast cancer risk for BRCA1/BRCA2 pathogenic variant carriers - supplementary data: 42003_2022_3978_MOESM4_ESM.xlsx	"Genomic variants or positions (26,084 rows). Description generated automatically from column headers; not yet curated. Source article: ""Copy number variants as modifiers of breast cancer risk for BRCA1/BRCA2 pathogenic variant carriers"" (Commun Biol, 2022). Rescued from PubMed Central supplementary material; no dataset-level record existed."	PMC9537519/42003_2022_3978_MOESM4_ESM.xlsx	https://pmc.ncbi.nlm.nih.gov/articles/PMC9537519/	Walker LC		https://doi.org/10.1038/s42003-022-03978-6	36203093	NCI	2022	CC BY	Other	Primary data table	Breast Cancer			https://doi.org/10.1038/s42003-022-03978-6							
dataset	ed85c7b6-d91f-57ea-aa1d-ae4c4305a777	PMC Supplementary Material (rescued)	Loss of Merlin induces metabolomic adaptation that engages dependence on Hedgehog signaling - supplementary data: srep40773-s1.pdf	"Proteomics or mass-spectrometry measurements (53 rows). Description generated automatically from column headers; not yet curated. Source article: ""Loss of Merlin induces metabolomic adaptation that engages dependence on Hedgehog signaling"" (Sci Rep, 2017). Rescued from PubMed Central supplementary material; no dataset-level record existed."	PMC5256100/srep40773-s1.pdf	https://pmc.ncbi.nlm.nih.gov/articles/PMC5256100/	Shevde LA		https://doi.org/10.1038/srep40773	28112165	NCI	2017	CC BY	Other	Primary data table	Breast Cancer			https://doi.org/10.1038/srep40773							
dataset	b927305b-daf7-5e45-91ff-6ae9bdd77430	PMC Supplementary Material (rescued)	Is conservative management of ductal carcinoma in situ risky? - supplementary data: 41523_2022_420_MOESM2_ESM.xlsx	"Data table (380 rows by 27 columns). Description generated automatically from column headers; not yet curated. Source article: ""Is conservative management of ductal carcinoma in situ risky?"" (NPJ Breast Cancer, 2022). Rescued from PubMed Central supplementary material; no dataset-level record existed."	PMC9050725/41523_2022_420_MOESM2_ESM.xlsx	https://pmc.ncbi.nlm.nih.gov/articles/PMC9050725/	Badve SS		https://doi.org/10.1038/s41523-022-00420-2	35484283	NCI	2022	CC BY	Other	Primary data table	Breast Cancer			https://doi.org/10.1038/s41523-022-00420-2							
dataset	daba6702-5c8a-59e0-a4a4-7525a5cd64e5	PMC Supplementary Material (rescued)	Somatic mutations in benign breast disease tissues and association with breast cancer risk - supplementary data: 12920_2021_1032_MOESM9_ESM.xlsx	"Genomic variants or positions (96 rows). Description generated automatically from column headers; not yet curated. Source article: ""Somatic mutations in benign breast disease tissues and association with breast cancer risk"" (BMC Med Genomics, 2021). Rescued from PubMed Central supplementary material; no dataset-level record existed."	PMC8278587/12920_2021_1032_MOESM9_ESM.xlsx	https://pmc.ncbi.nlm.nih.gov/articles/PMC8278587/	Cunningham JM		https://doi.org/10.1186/s12920-021-01032-8	34261476	NCI	2021	CC BY	Other	Primary data table	Breast Cancer			https://doi.org/10.1186/s12920-021-01032-8							
dataset	1348fcd2-7446-563f-800d-4723a1135a31	PMC Supplementary Material (rescued)	Somatic mutations in benign breast disease tissues and association with breast cancer risk - supplementary data: 12920_2021_1032_MOESM7_ESM.xlsx	"Genomic variants or positions (96 rows). Description generated automatically from column headers; not yet curated. Source article: ""Somatic mutations in benign breast disease tissues and association with breast cancer risk"" (BMC Med Genomics, 2021). Rescued from PubMed Central supplementary material; no dataset-level record existed."	PMC8278587/12920_2021_1032_MOESM7_ESM.xlsx	https://pmc.ncbi.nlm.nih.gov/articles/PMC8278587/	Cunningham JM		https://doi.org/10.1186/s12920-021-01032-8	34261476	NCI	2021	CC BY	Other	Primary data table	Breast Cancer			https://doi.org/10.1186/s12920-021-01032-8							
dataset	2db4e7c8-0491-5bd2-bc38-4291a4375aab	PMC Supplementary Material (rescued)	Somatic mutations in benign breast disease tissues and association with breast cancer risk - supplementary data: 12920_2021_1032_MOESM6_ESM.xlsx	"Numeric measurements underlying figures (97 rows by 7 columns). Description generated automatically from column headers; not yet curated. Source article: ""Somatic mutations in benign breast disease tissues and association with breast cancer risk"" (BMC Med Genomics, 2021). Rescued from PubMed Central supplementary material; no dataset-level record existed."	PMC8278587/12920_2021_1032_MOESM6_ESM.xlsx	https://pmc.ncbi.nlm.nih.gov/articles/PMC8278587/	Cunningham JM		https://doi.org/10.1186/s12920-021-01032-8	34261476	NCI	2021	CC BY	Other	Primary data table	Breast Cancer			https://doi.org/10.1186/s12920-021-01032-8							
dataset	74938cab-50cc-5304-b712-9a9af44b2868	PMC Supplementary Material (rescued)	Somatic mutations in benign breast disease tissues and association with breast cancer risk - supplementary data: 12920_2021_1032_MOESM8_ESM.xlsx	"Genomic variants or positions (96 rows). Description generated automatically from column headers; not yet curated. Source article: ""Somatic mutations in benign breast disease tissues and association with breast cancer risk"" (BMC Med Genomics, 2021). Rescued from PubMed Central supplementary material; no dataset-level record existed."	PMC8278587/12920_2021_1032_MOESM8_ESM.xlsx	https://pmc.ncbi.nlm.nih.gov/articles/PMC8278587/	Cunningham JM		https://doi.org/10.1186/s12920-021-01032-8	34261476	NCI	2021	CC BY	Other	Primary data table	Breast Cancer			https://doi.org/10.1186/s12920-021-01032-8							
dataset	8df17308-ce92-5cf5-9641-26769efc9893	PMC Supplementary Material (rescued)	Somatic mutations in benign breast disease tissues and association with breast cancer risk - supplementary data: 12920_2021_1032_MOESM3_ESM.xlsx	"Genomic variants or positions (211 rows). Description generated automatically from column headers; not yet curated. Source article: ""Somatic mutations in benign breast disease tissues and association with breast cancer risk"" (BMC Med Genomics, 2021). Rescued from PubMed Central supplementary material; no dataset-level record existed."	PMC8278587/12920_2021_1032_MOESM3_ESM.xlsx	https://pmc.ncbi.nlm.nih.gov/articles/PMC8278587/	Cunningham JM		https://doi.org/10.1186/s12920-021-01032-8	34261476	NCI	2021	CC BY	Other	Primary data table	Breast Cancer			https://doi.org/10.1186/s12920-021-01032-8							
dataset	d5a14ace-86ad-528c-af2a-57fb03e3e27f	PMC Supplementary Material (rescued)	Induction of HOXA9 expression in three-dimensional organotypic culture of the Claudin-low breast cancer cells - supplementary data: oncotarget-07-51503-s002.docx	"Gene-level table (50 genes) with 4 measurement columns. Description generated automatically from column headers; not yet curated. Source article: ""Induction of HOXA9 expression in three-dimensional organotypic culture of the Claudin-low breast cancer cells"" (Oncotarget, 2016). Rescued from PubMed Central supplementary material; no dataset-level record existed."	PMC5239492/oncotarget-07-51503-s002.docx	https://pmc.ncbi.nlm.nih.gov/articles/PMC5239492/	Shan B		https://doi.org/10.18632/oncotarget.10491	27409175	NCI	2016	CC BY	Other	Primary data table	Breast Cancer			https://doi.org/10.18632/oncotarget.10491							
dataset	38e6ec1c-6add-567b-8d7c-ce231b9a29f6	PMC Supplementary Material (rescued)	KSTAR: An algorithm to predict patient-specific kinase activities from phosphoproteomic data - supplementary data: 41467_2022_32017_MOESM4_ESM.xlsx	"Data table (60 rows by 201 columns). Description generated automatically from column headers; not yet curated. Source article: ""KSTAR: An algorithm to predict patient-specific kinase activities from phosphoproteomic data"" (Nat Commun, 2022). Rescued from PubMed Central supplementary material; no dataset-level record existed."	PMC9314348/41467_2022_32017_MOESM4_ESM.xlsx	https://pmc.ncbi.nlm.nih.gov/articles/PMC9314348/	Naegle KM		https://doi.org/10.1038/s41467-022-32017-5	35879309	NCI	2022	CC BY	Other	Primary data table	Breast Cancer			https://doi.org/10.1038/s41467-022-32017-5							
dataset	d9722237-c1c6-56b1-9c5c-2ed7df50f80e	PMC Supplementary Material (rescued)	MicroRNA 100 sensitizes luminal A breast cancer cells to paclitaxel treatment in part by targeting mTOR - supplementary data: oncotarget-07-5702-s001.xlsx	"One row per patient or sample (73 rows). Description generated automatically from column headers; not yet curated. Source article: ""MicroRNA 100 sensitizes luminal A breast cancer cells to paclitaxel treatment in part by targeting mTOR"" (Oncotarget, 2016). Rescued from PubMed Central supplementary material; no dataset-level record existed."	PMC4868715/oncotarget-07-5702-s001.xlsx	https://pmc.ncbi.nlm.nih.gov/articles/PMC4868715/	Dong JT		https://doi.org/10.18632/oncotarget.6790	26744318	NCI	2016	CC BY	Other	Primary data table	Breast Cancer			https://doi.org/10.18632/oncotarget.6790							
dataset	d318ca4c-e98e-5ac6-91cf-b1b8321bd987	PMC Supplementary Material (rescued)	MicroRNA 100 sensitizes luminal A breast cancer cells to paclitaxel treatment in part by targeting mTOR - supplementary data: oncotarget-07-5702-s004.xlsx	"One row per patient or sample (206 rows). Description generated automatically from column headers; not yet curated. Source article: ""MicroRNA 100 sensitizes luminal A breast cancer cells to paclitaxel treatment in part by targeting mTOR"" (Oncotarget, 2016). Rescued from PubMed Central supplementary material; no dataset-level record existed."	PMC4868715/oncotarget-07-5702-s004.xlsx	https://pmc.ncbi.nlm.nih.gov/articles/PMC4868715/	Dong JT		https://doi.org/10.18632/oncotarget.6790	26744318	NCI	2016	CC BY	Other	Primary data table	Breast Cancer			https://doi.org/10.18632/oncotarget.6790							
dataset	07c8fab2-d9f6-5fc3-8be2-07a1429aa0e0	PMC Supplementary Material (rescued)	Interaction Between SNP Genotype and Efficacy of Anastrozole and Exemestane in Early-Stage Breast Cancer - supplementary data: CPT-110-1038-s002.pdf	"Genomic variants or positions (60 rows). Description generated automatically from column headers; not yet curated. Source article: ""Interaction Between SNP Genotype and Efficacy of Anastrozole and Exemestane in Early-Stage Breast Cancer"" (Clin Pharmacol Ther, 2021). Rescued from PubMed Central supplementary material; no dataset-level record existed."	PMC8449801/CPT-110-1038-s002.pdf	https://pmc.ncbi.nlm.nih.gov/articles/PMC8449801/	Wang L		https://doi.org/10.1002/cpt.2311	34048027	NCI	2021	CC BY-NC	Other	Primary data table	Breast Cancer			https://doi.org/10.1002/cpt.2311							
dataset	0f6a69f8-b3e4-5fbc-a25c-c283cba238b9	PMC Supplementary Material (rescued)	Interaction Between SNP Genotype and Efficacy of Anastrozole and Exemestane in Early-Stage Breast Cancer - supplementary data: CPT-110-1038-s001.xlsx	"Genomic variants or positions (263 rows). Description generated automatically from column headers; not yet curated. Source article: ""Interaction Between SNP Genotype and Efficacy of Anastrozole and Exemestane in Early-Stage Breast Cancer"" (Clin Pharmacol Ther, 2021). Rescued from PubMed Central supplementary material; no dataset-level record existed."	PMC8449801/CPT-110-1038-s001.xlsx	https://pmc.ncbi.nlm.nih.gov/articles/PMC8449801/	Wang L		https://doi.org/10.1002/cpt.2311	34048027	NCI	2021	CC BY-NC	Other	Primary data table	Breast Cancer			https://doi.org/10.1002/cpt.2311							
dataset	3c028e18-9808-5de3-acab-4330bf924f99	PMC Supplementary Material (rescued)	Interaction Between SNP Genotype and Efficacy of Anastrozole and Exemestane in Early-Stage Breast Cancer - supplementary data: CPT-110-1038-s003.xlsx	"Gene-level table (20,116 genes) with 18 measurement columns. Description generated automatically from column headers; not yet curated. Source article: ""Interaction Between SNP Genotype and Efficacy of Anastrozole and Exemestane in Early-Stage Breast Cancer"" (Clin Pharmacol Ther, 2021). Rescued from PubMed Central supplementary material; no dataset-level record existed."	PMC8449801/CPT-110-1038-s003.xlsx	https://pmc.ncbi.nlm.nih.gov/articles/PMC8449801/	Wang L		https://doi.org/10.1002/cpt.2311	34048027	NCI	2021	CC BY-NC	Other	Primary data table	Breast Cancer			https://doi.org/10.1002/cpt.2311							
dataset	f717c7d0-b2e7-5bb7-8a3a-2c86fc949124	PMC Supplementary Material (rescued)	Interaction Between SNP Genotype and Efficacy of Anastrozole and Exemestane in Early-Stage Breast Cancer - supplementary data: CPT-110-1038-s004.xlsx	"Genomic variants or positions (889 rows). Description generated automatically from column headers; not yet curated. Source article: ""Interaction Between SNP Genotype and Efficacy of Anastrozole and Exemestane in Early-Stage Breast Cancer"" (Clin Pharmacol Ther, 2021). Rescued from PubMed Central supplementary material; no dataset-level record existed."	PMC8449801/CPT-110-1038-s004.xlsx	https://pmc.ncbi.nlm.nih.gov/articles/PMC8449801/	Wang L		https://doi.org/10.1002/cpt.2311	34048027	NCI	2021	CC BY-NC	Other	Primary data table	Breast Cancer			https://doi.org/10.1002/cpt.2311							
dataset	61680ff4-0836-5122-9d28-c4d54414404b	PMC Supplementary Material (rescued)	Development of a predictive miRNA signature for breast cancer risk among high-risk women - supplementary data: oncotarget-08-112170-s002.csv	"Numeric measurements underlying figures (2,579 rows by 4 columns). Description generated automatically from column headers; not yet curated. Source article: ""Development of a predictive miRNA signature for breast cancer risk among high-risk women"" (Oncotarget, 2017). Rescued from PubMed Central supplementary material; no dataset-level record existed."	PMC5762501/oncotarget-08-112170-s002.csv	https://pmc.ncbi.nlm.nih.gov/articles/PMC5762501/	Wood ME		https://doi.org/10.18632/oncotarget.22750	29348816	NCI	2017	CC BY	Other	Primary data table	Breast Cancer			https://doi.org/10.18632/oncotarget.22750							
dataset	4e621f90-7d4a-5d22-9ca6-cba17c3746dd	PMC Supplementary Material (rescued)	Development of a predictive miRNA signature for breast cancer risk among high-risk women - supplementary data: oncotarget-08-112170-s004.txt	"Data table (423 rows by 8 columns). Description generated automatically from column headers; not yet curated. Source article: ""Development of a predictive miRNA signature for breast cancer risk among high-risk women"" (Oncotarget, 2017). Rescued from PubMed Central supplementary material; no dataset-level record existed."	PMC5762501/oncotarget-08-112170-s004.txt	https://pmc.ncbi.nlm.nih.gov/articles/PMC5762501/	Wood ME		https://doi.org/10.18632/oncotarget.22750	29348816	NCI	2017	CC BY	Other	Primary data table	Breast Cancer			https://doi.org/10.18632/oncotarget.22750							
dataset	8aa5f838-331b-56bb-be0e-80929123161a	PMC Supplementary Material (rescued)	Development of a predictive miRNA signature for breast cancer risk among high-risk women - supplementary data: oncotarget-08-112170-s003.csv	"Data table (2,579 rows by 2 columns). Description generated automatically from column headers; not yet curated. Source article: ""Development of a predictive miRNA signature for breast cancer risk among high-risk women"" (Oncotarget, 2017). Rescued from PubMed Central supplementary material; no dataset-level record existed."	PMC5762501/oncotarget-08-112170-s003.csv	https://pmc.ncbi.nlm.nih.gov/articles/PMC5762501/	Wood ME		https://doi.org/10.18632/oncotarget.22750	29348816	NCI	2017	CC BY	Other	Primary data table	Breast Cancer			https://doi.org/10.18632/oncotarget.22750							
dataset	dbe11637-b5cd-598a-8846-9933002714cc	PMC Supplementary Material (rescued)	Divergent organ-specific isogenic metastatic cell lines identified using multi-omics exhibit differential drug sensitivity - supplementary data: pone.0242384.s061.xlsx	"Pathway or gene-set enrichment results (6,840 rows): which biological processes were over-represented. Description generated automatically from column headers; not yet curated. Source article: ""Divergent organ-specific isogenic metastatic cell lines identified using multi-omics exhibit differential drug sensitivity"" (PLoS One, 2020). Rescued from PubMed Central supplementary material; no dataset-level record existed."	PMC7668614/pone.0242384.s061.xlsx	https://pmc.ncbi.nlm.nih.gov/articles/PMC7668614/	Raman V		https://doi.org/10.1371/journal.pone.0242384	33196681	NCI	2020	CC BY	Other	Derived analysis results	Breast Cancer			https://doi.org/10.1371/journal.pone.0242384							
dataset	30ef3eb5-40d6-52fc-bae3-8974497577c8	PMC Supplementary Material (rescued)	Divergent organ-specific isogenic metastatic cell lines identified using multi-omics exhibit differential drug sensitivity - supplementary data: pone.0242384.s066.xlsx	"Gene-level table (3,076 genes) with 9 measurement columns. Description generated automatically from column headers; not yet curated. Source article: ""Divergent organ-specific isogenic metastatic cell lines identified using multi-omics exhibit differential drug sensitivity"" (PLoS One, 2020). Rescued from PubMed Central supplementary material; no dataset-level record existed."	PMC7668614/pone.0242384.s066.xlsx	https://pmc.ncbi.nlm.nih.gov/articles/PMC7668614/	Raman V		https://doi.org/10.1371/journal.pone.0242384	33196681	NCI	2020	CC BY	Other	Primary data table	Breast Cancer			https://doi.org/10.1371/journal.pone.0242384							
dataset	6758c115-0bba-5bb8-8e2a-bee76ebe07c4	PMC Supplementary Material (rescued)	Divergent organ-specific isogenic metastatic cell lines identified using multi-omics exhibit differential drug sensitivity - supplementary data: pone.0242384.s076.xlsx	"Pathway or gene-set enrichment results (529 rows): which biological processes were over-represented. Description generated automatically from column headers; not yet curated. Source article: ""Divergent organ-specific isogenic metastatic cell lines identified using multi-omics exhibit differential drug sensitivity"" (PLoS One, 2020). Rescued from PubMed Central supplementary material; no dataset-level record existed."	PMC7668614/pone.0242384.s076.xlsx	https://pmc.ncbi.nlm.nih.gov/articles/PMC7668614/	Raman V		https://doi.org/10.1371/journal.pone.0242384	33196681	NCI	2020	CC BY	Other	Derived analysis results	Breast Cancer			https://doi.org/10.1371/journal.pone.0242384							
dataset	d135b607-c12c-5a42-8a56-9977d9dc6cb9	PMC Supplementary Material (rescued)	Divergent organ-specific isogenic metastatic cell lines identified using multi-omics exhibit differential drug sensitivity - supplementary data: pone.0242384.s067.xlsx	"Gene-level table (1,128 genes) with 9 measurement columns. Description generated automatically from column headers; not yet curated. Source article: ""Divergent organ-specific isogenic metastatic cell lines identified using multi-omics exhibit differential drug sensitivity"" (PLoS One, 2020). Rescued from PubMed Central supplementary material; no dataset-level record existed."	PMC7668614/pone.0242384.s067.xlsx	https://pmc.ncbi.nlm.nih.gov/articles/PMC7668614/	Raman V		https://doi.org/10.1371/journal.pone.0242384	33196681	NCI	2020	CC BY	Other	Primary data table	Breast Cancer			https://doi.org/10.1371/journal.pone.0242384							
dataset	90ed1eab-0e10-54ef-bbfa-aa2bb209253e	PMC Supplementary Material (rescued)	Divergent organ-specific isogenic metastatic cell lines identified using multi-omics exhibit differential drug sensitivity - supplementary data: pone.0242384.s060.xlsx	"Pathway or gene-set enrichment results (6,840 rows): which biological processes were over-represented. Description generated automatically from column headers; not yet curated. Source article: ""Divergent organ-specific isogenic metastatic cell lines identified using multi-omics exhibit differential drug sensitivity"" (PLoS One, 2020). Rescued from PubMed Central supplementary material; no dataset-level record existed."	PMC7668614/pone.0242384.s060.xlsx	https://pmc.ncbi.nlm.nih.gov/articles/PMC7668614/	Raman V		https://doi.org/10.1371/journal.pone.0242384	33196681	NCI	2020	CC BY	Other	Derived analysis results	Breast Cancer			https://doi.org/10.1371/journal.pone.0242384							
dataset	32c038a5-236e-5305-9ed0-71a1cf22a56f	PMC Supplementary Material (rescued)	Divergent organ-specific isogenic metastatic cell lines identified using multi-omics exhibit differential drug sensitivity - supplementary data: pone.0242384.s071.xlsx	"Pathway or gene-set enrichment results (806 rows): which biological processes were over-represented. Description generated automatically from column headers; not yet curated. Source article: ""Divergent organ-specific isogenic metastatic cell lines identified using multi-omics exhibit differential drug sensitivity"" (PLoS One, 2020). Rescued from PubMed Central supplementary material; no dataset-level record existed."	PMC7668614/pone.0242384.s071.xlsx	https://pmc.ncbi.nlm.nih.gov/articles/PMC7668614/	Raman V		https://doi.org/10.1371/journal.pone.0242384	33196681	NCI	2020	CC BY	Other	Derived analysis results	Breast Cancer			https://doi.org/10.1371/journal.pone.0242384							
dataset	a762de1f-f9e9-54d9-9695-2de299060104	PMC Supplementary Material (rescued)	Divergent organ-specific isogenic metastatic cell lines identified using multi-omics exhibit differential drug sensitivity - supplementary data: pone.0242384.s062.xlsx	"Pathway or gene-set enrichment results (6,840 rows): which biological processes were over-represented. Description generated automatically from column headers; not yet curated. Source article: ""Divergent organ-specific isogenic metastatic cell lines identified using multi-omics exhibit differential drug sensitivity"" (PLoS One, 2020). Rescued from PubMed Central supplementary material; no dataset-level record existed."	PMC7668614/pone.0242384.s062.xlsx	https://pmc.ncbi.nlm.nih.gov/articles/PMC7668614/	Raman V		https://doi.org/10.1371/journal.pone.0242384	33196681	NCI	2020	CC BY	Other	Derived analysis results	Breast Cancer			https://doi.org/10.1371/journal.pone.0242384							
dataset	aff09034-2666-5818-b7bb-6251f51b5f73	PMC Supplementary Material (rescued)	Divergent organ-specific isogenic metastatic cell lines identified using multi-omics exhibit differential drug sensitivity - supplementary data: pone.0242384.s074.xlsx	"Pathway or gene-set enrichment results (1,415 rows): which biological processes were over-represented. Description generated automatically from column headers; not yet curated. Source article: ""Divergent organ-specific isogenic metastatic cell lines identified using multi-omics exhibit differential drug sensitivity"" (PLoS One, 2020). Rescued from PubMed Central supplementary material; no dataset-level record existed."	PMC7668614/pone.0242384.s074.xlsx	https://pmc.ncbi.nlm.nih.gov/articles/PMC7668614/	Raman V		https://doi.org/10.1371/journal.pone.0242384	33196681	NCI	2020	CC BY	Other	Derived analysis results	Breast Cancer			https://doi.org/10.1371/journal.pone.0242384							
dataset	4b645c8e-ea9c-5db2-8e4a-3240f862db7e	PMC Supplementary Material (rescued)	Divergent organ-specific isogenic metastatic cell lines identified using multi-omics exhibit differential drug sensitivity - supplementary data: pone.0242384.s077.xlsx	"Pathway or gene-set enrichment results (291 rows): which biological processes were over-represented. Description generated automatically from column headers; not yet curated. Source article: ""Divergent organ-specific isogenic metastatic cell lines identified using multi-omics exhibit differential drug sensitivity"" (PLoS One, 2020). Rescued from PubMed Central supplementary material; no dataset-level record existed."	PMC7668614/pone.0242384.s077.xlsx	https://pmc.ncbi.nlm.nih.gov/articles/PMC7668614/	Raman V		https://doi.org/10.1371/journal.pone.0242384	33196681	NCI	2020	CC BY	Other	Derived analysis results	Breast Cancer			https://doi.org/10.1371/journal.pone.0242384							
dataset	119920f5-d921-57bd-99d4-18181d89d0c8	PMC Supplementary Material (rescued)	Divergent organ-specific isogenic metastatic cell lines identified using multi-omics exhibit differential drug sensitivity - supplementary data: pone.0242384.s084.xlsx	"Pathway or gene-set enrichment results (84 rows): which biological processes were over-represented. Description generated automatically from column headers; not yet curated. Source article: ""Divergent organ-specific isogenic metastatic cell lines identified using multi-omics exhibit differential drug sensitivity"" (PLoS One, 2020). Rescued from PubMed Central supplementary material; no dataset-level record existed."	PMC7668614/pone.0242384.s084.xlsx	https://pmc.ncbi.nlm.nih.gov/articles/PMC7668614/	Raman V		https://doi.org/10.1371/journal.pone.0242384	33196681	NCI	2020	CC BY	Other	Derived analysis results	Breast Cancer			https://doi.org/10.1371/journal.pone.0242384							
dataset	892444b0-79b8-5f38-8fe6-f48a4e73cdf4	PMC Supplementary Material (rescued)	Divergent organ-specific isogenic metastatic cell lines identified using multi-omics exhibit differential drug sensitivity - supplementary data: pone.0242384.s064.xlsx	"Gene-level table (1,206 genes) with 9 measurement columns. Description generated automatically from column headers; not yet curated. Source article: ""Divergent organ-specific isogenic metastatic cell lines identified using multi-omics exhibit differential drug sensitivity"" (PLoS One, 2020). Rescued from PubMed Central supplementary material; no dataset-level record existed."	PMC7668614/pone.0242384.s064.xlsx	https://pmc.ncbi.nlm.nih.gov/articles/PMC7668614/	Raman V		https://doi.org/10.1371/journal.pone.0242384	33196681	NCI	2020	CC BY	Other	Primary data table	Breast Cancer			https://doi.org/10.1371/journal.pone.0242384							
dataset	ff7d02f1-4157-5f51-a32a-d65c484b3884	PMC Supplementary Material (rescued)	Divergent organ-specific isogenic metastatic cell lines identified using multi-omics exhibit differential drug sensitivity - supplementary data: pone.0242384.s083.xlsx	"Pathway or gene-set enrichment results (795 rows): which biological processes were over-represented. Description generated automatically from column headers; not yet curated. Source article: ""Divergent organ-specific isogenic metastatic cell lines identified using multi-omics exhibit differential drug sensitivity"" (PLoS One, 2020). Rescued from PubMed Central supplementary material; no dataset-level record existed."	PMC7668614/pone.0242384.s083.xlsx	https://pmc.ncbi.nlm.nih.gov/articles/PMC7668614/	Raman V		https://doi.org/10.1371/journal.pone.0242384	33196681	NCI	2020	CC BY	Other	Derived analysis results	Breast Cancer			https://doi.org/10.1371/journal.pone.0242384							
dataset	8a961920-db88-561f-990c-ce1764435ca7	PMC Supplementary Material (rescued)	Divergent organ-specific isogenic metastatic cell lines identified using multi-omics exhibit differential drug sensitivity - supplementary data: pone.0242384.s063.xlsx	"Pathway or gene-set enrichment results (6,840 rows): which biological processes were over-represented. Description generated automatically from column headers; not yet curated. Source article: ""Divergent organ-specific isogenic metastatic cell lines identified using multi-omics exhibit differential drug sensitivity"" (PLoS One, 2020). Rescued from PubMed Central supplementary material; no dataset-level record existed."	PMC7668614/pone.0242384.s063.xlsx	https://pmc.ncbi.nlm.nih.gov/articles/PMC7668614/	Raman V		https://doi.org/10.1371/journal.pone.0242384	33196681	NCI	2020	CC BY	Other	Derived analysis results	Breast Cancer			https://doi.org/10.1371/journal.pone.0242384							
dataset	9f285530-e7f4-586b-b6a9-844f0abc297c	PMC Supplementary Material (rescued)	Divergent organ-specific isogenic metastatic cell lines identified using multi-omics exhibit differential drug sensitivity - supplementary data: pone.0242384.s058.xlsx	"Pathway or gene-set enrichment results (6,840 rows): which biological processes were over-represented. Description generated automatically from column headers; not yet curated. Source article: ""Divergent organ-specific isogenic metastatic cell lines identified using multi-omics exhibit differential drug sensitivity"" (PLoS One, 2020). Rescued from PubMed Central supplementary material; no dataset-level record existed."	PMC7668614/pone.0242384.s058.xlsx	https://pmc.ncbi.nlm.nih.gov/articles/PMC7668614/	Raman V		https://doi.org/10.1371/journal.pone.0242384	33196681	NCI	2020	CC BY	Other	Derived analysis results	Breast Cancer			https://doi.org/10.1371/journal.pone.0242384							
dataset	e3abcead-66e6-5f11-8133-4eb7ec0ba6a7	PMC Supplementary Material (rescued)	Divergent organ-specific isogenic metastatic cell lines identified using multi-omics exhibit differential drug sensitivity - supplementary data: pone.0242384.s073.xlsx	"Pathway or gene-set enrichment results (607 rows): which biological processes were over-represented. Description generated automatically from column headers; not yet curated. Source article: ""Divergent organ-specific isogenic metastatic cell lines identified using multi-omics exhibit differential drug sensitivity"" (PLoS One, 2020). Rescued from PubMed Central supplementary material; no dataset-level record existed."	PMC7668614/pone.0242384.s073.xlsx	https://pmc.ncbi.nlm.nih.gov/articles/PMC7668614/	Raman V		https://doi.org/10.1371/journal.pone.0242384	33196681	NCI	2020	CC BY	Other	Derived analysis results	Breast Cancer			https://doi.org/10.1371/journal.pone.0242384							
dataset	e420e3d2-5748-5bbc-b08f-a1b89a3a63fb	PMC Supplementary Material (rescued)	Divergent organ-specific isogenic metastatic cell lines identified using multi-omics exhibit differential drug sensitivity - supplementary data: pone.0242384.s078.xlsx	"Pathway or gene-set enrichment results (174 rows): which biological processes were over-represented. Description generated automatically from column headers; not yet curated. Source article: ""Divergent organ-specific isogenic metastatic cell lines identified using multi-omics exhibit differential drug sensitivity"" (PLoS One, 2020). Rescued from PubMed Central supplementary material; no dataset-level record existed."	PMC7668614/pone.0242384.s078.xlsx	https://pmc.ncbi.nlm.nih.gov/articles/PMC7668614/	Raman V		https://doi.org/10.1371/journal.pone.0242384	33196681	NCI	2020	CC BY	Other	Derived analysis results	Breast Cancer			https://doi.org/10.1371/journal.pone.0242384							
dataset	825c00be-f053-5965-9e39-4a6255e1b837	PMC Supplementary Material (rescued)	Divergent organ-specific isogenic metastatic cell lines identified using multi-omics exhibit differential drug sensitivity - supplementary data: pone.0242384.s069.xlsx	"Gene-level table (3,786 genes) with 10 measurement columns. Description generated automatically from column headers; not yet curated. Source article: ""Divergent organ-specific isogenic metastatic cell lines identified using multi-omics exhibit differential drug sensitivity"" (PLoS One, 2020). Rescued from PubMed Central supplementary material; no dataset-level record existed."	PMC7668614/pone.0242384.s069.xlsx	https://pmc.ncbi.nlm.nih.gov/articles/PMC7668614/	Raman V		https://doi.org/10.1371/journal.pone.0242384	33196681	NCI	2020	CC BY	Other	Primary data table	Breast Cancer			https://doi.org/10.1371/journal.pone.0242384							
dataset	c78432d3-bb80-5fd6-a140-9f409138a844	PMC Supplementary Material (rescued)	Divergent organ-specific isogenic metastatic cell lines identified using multi-omics exhibit differential drug sensitivity - supplementary data: pone.0242384.s070.xlsx	"Pathway or gene-set enrichment results (1,190 rows): which biological processes were over-represented. Description generated automatically from column headers; not yet curated. Source article: ""Divergent organ-specific isogenic metastatic cell lines identified using multi-omics exhibit differential drug sensitivity"" (PLoS One, 2020). Rescued from PubMed Central supplementary material; no dataset-level record existed."	PMC7668614/pone.0242384.s070.xlsx	https://pmc.ncbi.nlm.nih.gov/articles/PMC7668614/	Raman V		https://doi.org/10.1371/journal.pone.0242384	33196681	NCI	2020	CC BY	Other	Derived analysis results	Breast Cancer			https://doi.org/10.1371/journal.pone.0242384							
dataset	b2da30ec-dfec-55a2-8709-6506baae81e1	PMC Supplementary Material (rescued)	Divergent organ-specific isogenic metastatic cell lines identified using multi-omics exhibit differential drug sensitivity - supplementary data: pone.0242384.s072.xlsx	"Pathway or gene-set enrichment results (943 rows): which biological processes were over-represented. Description generated automatically from column headers; not yet curated. Source article: ""Divergent organ-specific isogenic metastatic cell lines identified using multi-omics exhibit differential drug sensitivity"" (PLoS One, 2020). Rescued from PubMed Central supplementary material; no dataset-level record existed."	PMC7668614/pone.0242384.s072.xlsx	https://pmc.ncbi.nlm.nih.gov/articles/PMC7668614/	Raman V		https://doi.org/10.1371/journal.pone.0242384	33196681	NCI	2020	CC BY	Other	Derived analysis results	Breast Cancer			https://doi.org/10.1371/journal.pone.0242384							
dataset	aeda0c78-6878-567a-8739-7bfdff5d8797	PMC Supplementary Material (rescued)	Divergent organ-specific isogenic metastatic cell lines identified using multi-omics exhibit differential drug sensitivity - supplementary data: pone.0242384.s068.xlsx	"Gene-level table (2,485 genes) with 10 measurement columns. Description generated automatically from column headers; not yet curated. Source article: ""Divergent organ-specific isogenic metastatic cell lines identified using multi-omics exhibit differential drug sensitivity"" (PLoS One, 2020). Rescued from PubMed Central supplementary material; no dataset-level record existed."	PMC7668614/pone.0242384.s068.xlsx	https://pmc.ncbi.nlm.nih.gov/articles/PMC7668614/	Raman V		https://doi.org/10.1371/journal.pone.0242384	33196681	NCI	2020	CC BY	Other	Primary data table	Breast Cancer			https://doi.org/10.1371/journal.pone.0242384							
dataset	241e9cad-89e6-5fd6-b4dd-913529533b22	PMC Supplementary Material (rescued)	Divergent organ-specific isogenic metastatic cell lines identified using multi-omics exhibit differential drug sensitivity - supplementary data: pone.0242384.s081.xlsx	"Pathway or gene-set enrichment results (1,739 rows): which biological processes were over-represented. Description generated automatically from column headers; not yet curated. Source article: ""Divergent organ-specific isogenic metastatic cell lines identified using multi-omics exhibit differential drug sensitivity"" (PLoS One, 2020). Rescued from PubMed Central supplementary material; no dataset-level record existed."	PMC7668614/pone.0242384.s081.xlsx	https://pmc.ncbi.nlm.nih.gov/articles/PMC7668614/	Raman V		https://doi.org/10.1371/journal.pone.0242384	33196681	NCI	2020	CC BY	Other	Derived analysis results	Breast Cancer			https://doi.org/10.1371/journal.pone.0242384							
dataset	de658545-e1e2-55bb-aaf3-7cfb5fb28d86	PMC Supplementary Material (rescued)	Divergent organ-specific isogenic metastatic cell lines identified using multi-omics exhibit differential drug sensitivity - supplementary data: pone.0242384.s080.xlsx	"Pathway or gene-set enrichment results (291 rows): which biological processes were over-represented. Description generated automatically from column headers; not yet curated. Source article: ""Divergent organ-specific isogenic metastatic cell lines identified using multi-omics exhibit differential drug sensitivity"" (PLoS One, 2020). Rescued from PubMed Central supplementary material; no dataset-level record existed."	PMC7668614/pone.0242384.s080.xlsx	https://pmc.ncbi.nlm.nih.gov/articles/PMC7668614/	Raman V		https://doi.org/10.1371/journal.pone.0242384	33196681	NCI	2020	CC BY	Other	Derived analysis results	Breast Cancer			https://doi.org/10.1371/journal.pone.0242384							
dataset	d9d8c457-7bd1-5257-b08f-d80b86d9e45e	PMC Supplementary Material (rescued)	Divergent organ-specific isogenic metastatic cell lines identified using multi-omics exhibit differential drug sensitivity - supplementary data: pone.0242384.s075.xlsx	"Pathway or gene-set enrichment results (1,564 rows): which biological processes were over-represented. Description generated automatically from column headers; not yet curated. Source article: ""Divergent organ-specific isogenic metastatic cell lines identified using multi-omics exhibit differential drug sensitivity"" (PLoS One, 2020). Rescued from PubMed Central supplementary material; no dataset-level record existed."	PMC7668614/pone.0242384.s075.xlsx	https://pmc.ncbi.nlm.nih.gov/articles/PMC7668614/	Raman V		https://doi.org/10.1371/journal.pone.0242384	33196681	NCI	2020	CC BY	Other	Derived analysis results	Breast Cancer			https://doi.org/10.1371/journal.pone.0242384							
dataset	07c10ead-a135-509a-8d9a-40af7d46b673	PMC Supplementary Material (rescued)	Divergent organ-specific isogenic metastatic cell lines identified using multi-omics exhibit differential drug sensitivity - supplementary data: pone.0242384.s059.xlsx	"Pathway or gene-set enrichment results (6,840 rows): which biological processes were over-represented. Description generated automatically from column headers; not yet curated. Source article: ""Divergent organ-specific isogenic metastatic cell lines identified using multi-omics exhibit differential drug sensitivity"" (PLoS One, 2020). Rescued from PubMed Central supplementary material; no dataset-level record existed."	PMC7668614/pone.0242384.s059.xlsx	https://pmc.ncbi.nlm.nih.gov/articles/PMC7668614/	Raman V		https://doi.org/10.1371/journal.pone.0242384	33196681	NCI	2020	CC BY	Other	Derived analysis results	Breast Cancer			https://doi.org/10.1371/journal.pone.0242384							
dataset	3fcbede3-f147-5912-89ea-c93c937eaf7e	PMC Supplementary Material (rescued)	Divergent organ-specific isogenic metastatic cell lines identified using multi-omics exhibit differential drug sensitivity - supplementary data: pone.0242384.s065.xlsx	"Gene-level table (1,824 genes) with 9 measurement columns. Description generated automatically from column headers; not yet curated. Source article: ""Divergent organ-specific isogenic metastatic cell lines identified using multi-omics exhibit differential drug sensitivity"" (PLoS One, 2020). Rescued from PubMed Central supplementary material; no dataset-level record existed."	PMC7668614/pone.0242384.s065.xlsx	https://pmc.ncbi.nlm.nih.gov/articles/PMC7668614/	Raman V		https://doi.org/10.1371/journal.pone.0242384	33196681	NCI	2020	CC BY	Other	Primary data table	Breast Cancer			https://doi.org/10.1371/journal.pone.0242384							
dataset	f6736c23-30cf-5fe9-a39d-8b787914cf3d	PMC Supplementary Material (rescued)	Divergent organ-specific isogenic metastatic cell lines identified using multi-omics exhibit differential drug sensitivity - supplementary data: pone.0242384.s085.xlsx	"Pathway or gene-set enrichment results (813 rows): which biological processes were over-represented. Description generated automatically from column headers; not yet curated. Source article: ""Divergent organ-specific isogenic metastatic cell lines identified using multi-omics exhibit differential drug sensitivity"" (PLoS One, 2020). Rescued from PubMed Central supplementary material; no dataset-level record existed."	PMC7668614/pone.0242384.s085.xlsx	https://pmc.ncbi.nlm.nih.gov/articles/PMC7668614/	Raman V		https://doi.org/10.1371/journal.pone.0242384	33196681	NCI	2020	CC BY	Other	Derived analysis results	Breast Cancer			https://doi.org/10.1371/journal.pone.0242384							
dataset	39096aa8-205d-5dae-bf2e-01aef4665abf	PMC Supplementary Material (rescued)	Divergent organ-specific isogenic metastatic cell lines identified using multi-omics exhibit differential drug sensitivity - supplementary data: pone.0242384.s079.xlsx	"Pathway or gene-set enrichment results (791 rows): which biological processes were over-represented. Description generated automatically from column headers; not yet curated. Source article: ""Divergent organ-specific isogenic metastatic cell lines identified using multi-omics exhibit differential drug sensitivity"" (PLoS One, 2020). Rescued from PubMed Central supplementary material; no dataset-level record existed."	PMC7668614/pone.0242384.s079.xlsx	https://pmc.ncbi.nlm.nih.gov/articles/PMC7668614/	Raman V		https://doi.org/10.1371/journal.pone.0242384	33196681	NCI	2020	CC BY	Other	Derived analysis results	Breast Cancer			https://doi.org/10.1371/journal.pone.0242384							
dataset	6c3df0d0-62f0-592b-9fd8-8059c1a646f7	PMC Supplementary Material (rescued)	Divergent organ-specific isogenic metastatic cell lines identified using multi-omics exhibit differential drug sensitivity - supplementary data: pone.0242384.s082.xlsx	"Pathway or gene-set enrichment results (529 rows): which biological processes were over-represented. Description generated automatically from column headers; not yet curated. Source article: ""Divergent organ-specific isogenic metastatic cell lines identified using multi-omics exhibit differential drug sensitivity"" (PLoS One, 2020). Rescued from PubMed Central supplementary material; no dataset-level record existed."	PMC7668614/pone.0242384.s082.xlsx	https://pmc.ncbi.nlm.nih.gov/articles/PMC7668614/	Raman V		https://doi.org/10.1371/journal.pone.0242384	33196681	NCI	2020	CC BY	Other	Derived analysis results	Breast Cancer			https://doi.org/10.1371/journal.pone.0242384							
dataset	60e08ed8-1e02-52f4-a863-5e6c43baa278	PMC Supplementary Material (rescued)	Divergent organ-specific isogenic metastatic cell lines identified using multi-omics exhibit differential drug sensitivity - supplementary data: pone.0242384.s086.xlsx	"Gene-level table (124 genes) with 9 measurement columns. Description generated automatically from column headers; not yet curated. Source article: ""Divergent organ-specific isogenic metastatic cell lines identified using multi-omics exhibit differential drug sensitivity"" (PLoS One, 2020). Rescued from PubMed Central supplementary material; no dataset-level record existed."	PMC7668614/pone.0242384.s086.xlsx	https://pmc.ncbi.nlm.nih.gov/articles/PMC7668614/	Raman V		https://doi.org/10.1371/journal.pone.0242384	33196681	NCI	2020	CC BY	Other	Primary data table	Breast Cancer			https://doi.org/10.1371/journal.pone.0242384							
dataset	5ea8d499-6a12-5bcf-bb74-7878d55cf04e	PMC Supplementary Material (rescued)	C1orf64 is a novel androgen receptor target gene and coregulator that interacts with 14-3-3 protein in breast cancer - supplementary data: oncotarget-08-57907-s002.pdf	"Differential expression results (69 genes or features): fold changes and significance between conditions. Description generated automatically from column headers; not yet curated. Source article: ""C1orf64 is a novel androgen receptor target gene and coregulator that interacts with 14-3-3 protein in breast cancer"" (Oncotarget, 2017). Rescued from PubMed Central supplementary material; no dataset-level record existed."	PMC5593696/oncotarget-08-57907-s002.pdf	https://pmc.ncbi.nlm.nih.gov/articles/PMC5593696/	Naderi A		https://doi.org/10.18632/oncotarget.17826	28915724	NCI	2017	CC BY	Other	Primary data table	Breast Cancer			https://doi.org/10.18632/oncotarget.17826							
dataset	c2d4107d-c065-54a3-9cb9-3a88996e757d	PMC Supplementary Material (rescued)	The role of gene to gene interaction in the breast's genomic signature of pregnancy - supplementary data: 41598_2021_81704_MOESM1_ESM.docx	"Numeric measurements underlying figures (144 rows by 8 columns). Description generated automatically from column headers; not yet curated. Source article: ""The role of gene to gene interaction in the breast's genomic signature of pregnancy"" (Sci Rep, 2021). Rescued from PubMed Central supplementary material; no dataset-level record existed."	PMC7846553/41598_2021_81704_MOESM1_ESM.docx	https://pmc.ncbi.nlm.nih.gov/articles/PMC7846553/	Russo J		https://doi.org/10.1038/s41598-021-81704-8	33514799	NCI	2021	CC BY	Other	Primary data table	Breast Cancer			https://doi.org/10.1038/s41598-021-81704-8							
dataset	a4d07267-dd95-55de-8d7b-1d769af24e1e	PMC Supplementary Material (rescued)	ZBED2 expression enhances interferon signaling and predicts better survival of estrogen receptor-negative breast cancer patients - supplementary data: CAC2-42-663-s002.xlsx	"Pathway or gene-set enrichment results (98 rows): which biological processes were over-represented. Description generated automatically from column headers; not yet curated. Source article: ""ZBED2 expression enhances interferon signaling and predicts better survival of estrogen receptor-negative breast cancer patients"" (Cancer Commun (Lond), 2022). Rescued from PubMed Central supplementary material; no dataset-level record existed."	PMC9257990/CAC2-42-663-s002.xlsx	https://pmc.ncbi.nlm.nih.gov/articles/PMC9257990/	Wu Y		https://doi.org/10.1002/cac2.12296	35486908	NCI	2022	CC BY-NC-ND	Other	Derived analysis results	Breast Cancer			https://doi.org/10.1002/cac2.12296							
dataset	754a0978-a4bb-545e-9cb1-4131b401eb02	PMC Supplementary Material (rescued)	Highly accurate response prediction in high-risk early breast cancer patients using a biophysical simulation platform - supplementary data: 10549_2022_6722_MOESM1_ESM.csv	"One row per patient or sample (145 rows), with age, response. Description generated automatically from column headers; not yet curated. Source article: ""Highly accurate response prediction in high-risk early breast cancer patients using a biophysical simulation platform"" (Breast Cancer Res Treat, 2022). Rescued from PubMed Central supplementary material; no dataset-level record existed."	PMC9550684/10549_2022_6722_MOESM1_ESM.csv	https://pmc.ncbi.nlm.nih.gov/articles/PMC9550684/	Nanda R		https://doi.org/10.1007/s10549-022-06722-0	36063220	NCI	2022	CC BY	Other	Primary data table	Breast Cancer			https://doi.org/10.1007/s10549-022-06722-0							
dataset	cfff103a-e90a-5f0f-9cc0-1ee0092bd805	PMC Supplementary Material (rescued)	Elevated NRAS expression during DCIS is a potential driver for progression to basal-like properties and local invasiveness - supplementary data: 13058_2022_1565_MOESM4_ESM.xlsx	"Gene-level table (1,002 genes) with 122 measurement columns. Description generated automatically from column headers; not yet curated. Source article: ""Elevated NRAS expression during DCIS is a potential driver for progression to basal-like properties and local invasiveness"" (Breast Cancer Res, 2022). Rescued from PubMed Central supplementary material; no dataset-level record existed."	PMC9578182/13058_2022_1565_MOESM4_ESM.xlsx	https://pmc.ncbi.nlm.nih.gov/articles/PMC9578182/	Chang EC		https://doi.org/10.1186/s13058-022-01565-5	36258226	NCI	2022	CC BY	Other	Primary data table	Breast Cancer			https://doi.org/10.1186/s13058-022-01565-5							
dataset	a0dd2a1c-9c74-51e2-b613-02f9766d3f20	PMC Supplementary Material (rescued)	Elevated NRAS expression during DCIS is a potential driver for progression to basal-like properties and local invasiveness - supplementary data: 13058_2022_1565_MOESM3_ESM.xlsx	"Gene-level table (1,002 genes) with 122 measurement columns. Description generated automatically from column headers; not yet curated. Source article: ""Elevated NRAS expression during DCIS is a potential driver for progression to basal-like properties and local invasiveness"" (Breast Cancer Res, 2022). Rescued from PubMed Central supplementary material; no dataset-level record existed."	PMC9578182/13058_2022_1565_MOESM3_ESM.xlsx	https://pmc.ncbi.nlm.nih.gov/articles/PMC9578182/	Chang EC		https://doi.org/10.1186/s13058-022-01565-5	36258226	NCI	2022	CC BY	Other	Primary data table	Breast Cancer			https://doi.org/10.1186/s13058-022-01565-5							
dataset	e5b9d3f8-77e6-5f4e-87d6-e91a2cea1ae0	PMC Supplementary Material (rescued)	Elevated NRAS expression during DCIS is a potential driver for progression to basal-like properties and local invasiveness - supplementary data: 13058_2022_1565_MOESM1_ESM.xlsx	"Numeric measurements underlying figures (273 rows by 19 columns). Description generated automatically from column headers; not yet curated. Source article: ""Elevated NRAS expression during DCIS is a potential driver for progression to basal-like properties and local invasiveness"" (Breast Cancer Res, 2022). Rescued from PubMed Central supplementary material; no dataset-level record existed."	PMC9578182/13058_2022_1565_MOESM1_ESM.xlsx	https://pmc.ncbi.nlm.nih.gov/articles/PMC9578182/	Chang EC		https://doi.org/10.1186/s13058-022-01565-5	36258226	NCI	2022	CC BY	Other	Primary data table	Breast Cancer			https://doi.org/10.1186/s13058-022-01565-5							
dataset	b188b5b6-0792-5c9d-910a-31b8ef7b3961	PMC Supplementary Material (rescued)	High expression of MKK3 is associated with worse clinical outcomes in African American breast cancer patients - supplementary data: 12967_2020_2502_MOESM1_ESM.xlsx	"Data table (17,215 rows by 29 columns); analysis results rather than raw measurements. Description generated automatically from column headers; not yet curated. Source article: ""High expression of MKK3 is associated with worse clinical outcomes in African American breast cancer patients"" (J Transl Med, 2020). Rescued from PubMed Central supplementary material; no dataset-level record existed."	PMC7465409/12967_2020_2502_MOESM1_ESM.xlsx	https://pmc.ncbi.nlm.nih.gov/articles/PMC7465409/	Ivanov AA		https://doi.org/10.1186/s12967-020-02502-w	32873298	NCI	2020	CC BY	Other	Derived analysis results	Breast Cancer			https://doi.org/10.1186/s12967-020-02502-w							
dataset	137b6f50-123b-509f-a2c2-ec325bdddb1d	PMC Supplementary Material (rescued)	CYP2C19*2 and CYP2C19*17 variants and effect of tamoxifen on breast cancer recurrence: Analysis of the International Tamoxifen Pharmacogenomics Consortium dataset - supplementary data: 41598_2017_8091_MOESM1_ESM.pdf	"Numeric measurements underlying figures (93 rows by 9 columns). Description generated automatically from column headers; not yet curated. Source article: ""CYP2C19*2 and CYP2C19*17 variants and effect of tamoxifen on breast cancer recurrence: Analysis of the International Tamoxifen Pharmacogenomics Consortium dataset"" (Sci Rep, 2017). Rescued from PubMed Central supplementary material; no dataset-level record existed."	PMC5552748/41598_2017_8091_MOESM1_ESM.pdf	https://pmc.ncbi.nlm.nih.gov/articles/PMC5552748/	Lash TL		https://doi.org/10.1038/s41598-017-08091-x	28798474	NCI	2017	CC BY	Other	Primary data table	Breast Cancer			https://doi.org/10.1038/s41598-017-08091-x							
dataset	3bbd9732-0b0c-549e-b91d-ff834994df6c	PMC Supplementary Material (rescued)	Examining Peripheral and Tumor Cellular Immunome in Patients With Cancer - supplementary data: Data_Sheet_1.PDF	"Data table (84 rows by 7 columns). Description generated automatically from column headers; not yet curated. Source article: ""Examining Peripheral and Tumor Cellular Immunome in Patients With Cancer"" (Front Immunol, 2019). Rescued from PubMed Central supplementary material; no dataset-level record existed."	PMC6685102/Data_Sheet_1.PDF	https://pmc.ncbi.nlm.nih.gov/articles/PMC6685102/	Nair SK		https://doi.org/10.3389/fimmu.2019.01767	31417550	NCI	2019	CC BY	Other	Primary data table	Breast Cancer			https://doi.org/10.3389/fimmu.2019.01767							
dataset	6778e591-995c-5a73-a898-6bc22c1ce1c2	PMC Supplementary Material (rescued)	NDRG1 Expression Is an Independent Prognostic Factor in Inflammatory Breast Cancer - supplementary data: cancers-12-03711-s001.xlsx	"One row per patient or sample (65 rows), with age, stage, grade, er, pr, her2. Description generated automatically from column headers; not yet curated. Source article: ""NDRG1 Expression Is an Independent Prognostic Factor in Inflammatory Breast Cancer"" (Cancers (Basel), 2020). Rescued from PubMed Central supplementary material; no dataset-level record existed."	PMC7763268/cancers-12-03711-s001.xlsx	https://pmc.ncbi.nlm.nih.gov/articles/PMC7763268/	Debeb BG		https://doi.org/10.3390/cancers12123711	33321961	NCI	2020	CC BY	Other	Primary data table	Breast Cancer			https://doi.org/10.3390/cancers12123711							
dataset	caf3f540-bea7-5316-b455-d4a64737bc81	PMC Supplementary Material (rescued)	Modeling differentiation-state transitions linked to therapeutic escape in triple-negative breast cancer - supplementary data: pcbi.1006840.s006.xlsx	"Numeric measurements underlying figures (786 rows by 10 columns). Description generated automatically from column headers; not yet curated. Source article: ""Modeling differentiation-state transitions linked to therapeutic escape in triple-negative breast cancer"" (PLoS Comput Biol, 2019). Rescued from PubMed Central supplementary material; no dataset-level record existed."	PMC6428348/pcbi.1006840.s006.xlsx	https://pmc.ncbi.nlm.nih.gov/articles/PMC6428348/	Tomlin CJ		https://doi.org/10.1371/journal.pcbi.1006840	30856168	NCI	2019	CC BY	Other	Primary data table	Breast Cancer			https://doi.org/10.1371/journal.pcbi.1006840							
dataset	e6fce8cb-b059-5500-89b2-c0e048a9642f	PMC Supplementary Material (rescued)	Modeling differentiation-state transitions linked to therapeutic escape in triple-negative breast cancer - supplementary data: pcbi.1006840.s005.xlsx	"Numeric measurements underlying figures (71 rows by 62 columns). Description generated automatically from column headers; not yet curated. Source article: ""Modeling differentiation-state transitions linked to therapeutic escape in triple-negative breast cancer"" (PLoS Comput Biol, 2019). Rescued from PubMed Central supplementary material; no dataset-level record existed."	PMC6428348/pcbi.1006840.s005.xlsx	https://pmc.ncbi.nlm.nih.gov/articles/PMC6428348/	Tomlin CJ		https://doi.org/10.1371/journal.pcbi.1006840	30856168	NCI	2019	CC BY	Other	Primary data table	Breast Cancer			https://doi.org/10.1371/journal.pcbi.1006840							
dataset	ad334a8d-abb6-5059-890a-f92ace0efcf0	PMC Supplementary Material (rescued)	ERα-related chromothripsis enhances concordant gene transcription on chromosome 17q11.1-q24.1 in luminal breast cancer - supplementary data: 12920_2020_729_MOESM2_ESM.xlsx	"Genomic variants or positions (172 rows). Description generated automatically from column headers; not yet curated. Source article: ""ERα-related chromothripsis enhances concordant gene transcription on chromosome 17q11.1-q24.1 in luminal breast cancer"" (BMC Med Genomics, 2020). Rescued from PubMed Central supplementary material; no dataset-level record existed."	PMC7222439/12920_2020_729_MOESM2_ESM.xlsx	https://pmc.ncbi.nlm.nih.gov/articles/PMC7222439/	Huang TH		https://doi.org/10.1186/s12920-020-0729-7	32408897	NCI	2020	CC BY	Other	Primary data table	Breast Cancer			https://doi.org/10.1186/s12920-020-0729-7							
dataset	663b9ffd-e0bb-507e-8def-95fcc8df7676	PMC Supplementary Material (rescued)	Hereditary variants of unknown significance in African American women with breast cancer - supplementary data: pone.0273835.s002.xlsx	"Genomic variants or positions (997 rows). Description generated automatically from column headers; not yet curated. Source article: ""Hereditary variants of unknown significance in African American women with breast cancer"" (PLoS One, 2022). Rescued from PubMed Central supplementary material; no dataset-level record existed."	PMC9621418/pone.0273835.s002.xlsx	https://pmc.ncbi.nlm.nih.gov/articles/PMC9621418/	Ricks-Santi LJ		https://doi.org/10.1371/journal.pone.0273835	36315513	NCI	2022	CC BY	Other	Primary data table	Breast Cancer			https://doi.org/10.1371/journal.pone.0273835							
dataset	72f9fc8b-dc2c-549e-9e43-c5464efda347	PMC Supplementary Material (rescued)	Hereditary variants of unknown significance in African American women with breast cancer - supplementary data: pone.0273835.s001.xlsx	"Genomic variants or positions (172 rows). Description generated automatically from column headers; not yet curated. Source article: ""Hereditary variants of unknown significance in African American women with breast cancer"" (PLoS One, 2022). Rescued from PubMed Central supplementary material; no dataset-level record existed."	PMC9621418/pone.0273835.s001.xlsx	https://pmc.ncbi.nlm.nih.gov/articles/PMC9621418/	Ricks-Santi LJ		https://doi.org/10.1371/journal.pone.0273835	36315513	NCI	2022	CC BY	Other	Primary data table	Breast Cancer			https://doi.org/10.1371/journal.pone.0273835							
dataset	d3be4b21-08fd-5b25-939f-6c8447359ad8	PMC Supplementary Material (rescued)	Annexin 2 protein expression is associated with breast cancer subtypes in African American women - supplementary data: mmc1.xlsx	"Numeric measurements underlying figures (210 rows by 28 columns). Description generated automatically from column headers; not yet curated. Source article: ""Annexin 2 protein expression is associated with breast cancer subtypes in African American women"" (Heliyon, 2020). Rescued from PubMed Central supplementary material; no dataset-level record existed."	PMC7011040/mmc1.xlsx	https://pmc.ncbi.nlm.nih.gov/articles/PMC7011040/	Hudson TS		https://doi.org/10.1016/j.heliyon.2020.e03241	32072035	NCI	2020	CC BY-NC-ND	Other	Primary data table	Breast Cancer			https://doi.org/10.1016/j.heliyon.2020.e03241							
dataset	d5196512-d1ea-591c-9e07-f7ffb3ca512e	PMC Supplementary Material (rescued)	Evaluation of Information Theoretic Network Meta-analysis to Rank First-Line Anticancer Regimens for Hormone Receptor-Positive, ERBB2-Negative Metastatic Breast Cancer - supplementary data: jamanetwopen-e224361-s001.pdf	"Data table (65 rows by 23 columns). Description generated automatically from column headers; not yet curated. Source article: ""Evaluation of Information Theoretic Network Meta-analysis to Rank First-Line Anticancer Regimens for Hormone Receptor-Positive, ERBB2-Negative Metastatic Breast Cancer"" (JAMA Netw Open, 2022). Rescued from PubMed Central supplementary material; no dataset-level record existed."	PMC9008500/jamanetwopen-e224361-s001.pdf	https://pmc.ncbi.nlm.nih.gov/articles/PMC9008500/	Warner JL		https://doi.org/10.1001/jamanetworkopen.2022.4361	35416993	NCI	2022	CC BY	Other	Primary data table	Breast Cancer			https://doi.org/10.1001/jamanetworkopen.2022.4361							
dataset	c809cb8f-4e3f-5196-a87f-1ea48db6bcd0	PMC Supplementary Material (rescued)	LIMK2 promotes the metastatic progression of triple-negative breast cancer by activating SRPK1 - supplementary data: 41389_2020_263_MOESM2_ESM.xlsx	"Data table (120 rows by 20 columns). Description generated automatically from column headers; not yet curated. Source article: ""LIMK2 promotes the metastatic progression of triple-negative breast cancer by activating SRPK1"" (Oncogenesis, 2020). Rescued from PubMed Central supplementary material; no dataset-level record existed."	PMC7455732/41389_2020_263_MOESM2_ESM.xlsx	https://pmc.ncbi.nlm.nih.gov/articles/PMC7455732/	Wajapeyee N		https://doi.org/10.1038/s41389-020-00263-1	32859889	NCI	2020	CC BY	Other	Primary data table	Breast Cancer			https://doi.org/10.1038/s41389-020-00263-1							
dataset	95289a1f-eede-564c-b5f4-9d8ebbc48772	PMC Supplementary Material (rescued)	LIMK2 promotes the metastatic progression of triple-negative breast cancer by activating SRPK1 - supplementary data: 41389_2020_263_MOESM3_ESM.xlsx	"Proteomics or mass-spectrometry measurements (204 rows). Description generated automatically from column headers; not yet curated. Source article: ""LIMK2 promotes the metastatic progression of triple-negative breast cancer by activating SRPK1"" (Oncogenesis, 2020). Rescued from PubMed Central supplementary material; no dataset-level record existed."	PMC7455732/41389_2020_263_MOESM3_ESM.xlsx	https://pmc.ncbi.nlm.nih.gov/articles/PMC7455732/	Wajapeyee N		https://doi.org/10.1038/s41389-020-00263-1	32859889	NCI	2020	CC BY	Other	Primary data table	Breast Cancer			https://doi.org/10.1038/s41389-020-00263-1							
dataset	14d77419-20d6-56df-ae16-08dce04e76f0	PMC Supplementary Material (rescued)	LIMK2 promotes the metastatic progression of triple-negative breast cancer by activating SRPK1 - supplementary data: 41389_2020_263_MOESM8_ESM.xlsx	"Proteomics or mass-spectrometry measurements (265 rows). Description generated automatically from column headers; not yet curated. Source article: ""LIMK2 promotes the metastatic progression of triple-negative breast cancer by activating SRPK1"" (Oncogenesis, 2020). Rescued from PubMed Central supplementary material; no dataset-level record existed."	PMC7455732/41389_2020_263_MOESM8_ESM.xlsx	https://pmc.ncbi.nlm.nih.gov/articles/PMC7455732/	Wajapeyee N		https://doi.org/10.1038/s41389-020-00263-1	32859889	NCI	2020	CC BY	Other	Primary data table	Breast Cancer			https://doi.org/10.1038/s41389-020-00263-1							
dataset	a670d1ba-d737-5d0c-9680-21d2bb4dcfca	PMC Supplementary Material (rescued)	LIMK2 promotes the metastatic progression of triple-negative breast cancer by activating SRPK1 - supplementary data: 41389_2020_263_MOESM7_ESM.xlsx	"Data table (120 rows by 24 columns). Description generated automatically from column headers; not yet curated. Source article: ""LIMK2 promotes the metastatic progression of triple-negative breast cancer by activating SRPK1"" (Oncogenesis, 2020). Rescued from PubMed Central supplementary material; no dataset-level record existed."	PMC7455732/41389_2020_263_MOESM7_ESM.xlsx	https://pmc.ncbi.nlm.nih.gov/articles/PMC7455732/	Wajapeyee N		https://doi.org/10.1038/s41389-020-00263-1	32859889	NCI	2020	CC BY	Other	Primary data table	Breast Cancer			https://doi.org/10.1038/s41389-020-00263-1							
dataset	c224744a-8aed-5e8e-8eb0-dc01b95e25be	PMC Supplementary Material (rescued)	LIMK2 promotes the metastatic progression of triple-negative breast cancer by activating SRPK1 - supplementary data: 41389_2020_263_MOESM6_ESM.xlsx	"Proteomics or mass-spectrometry measurements (3,588 rows). Description generated automatically from column headers; not yet curated. Source article: ""LIMK2 promotes the metastatic progression of triple-negative breast cancer by activating SRPK1"" (Oncogenesis, 2020). Rescued from PubMed Central supplementary material; no dataset-level record existed."	PMC7455732/41389_2020_263_MOESM6_ESM.xlsx	https://pmc.ncbi.nlm.nih.gov/articles/PMC7455732/	Wajapeyee N		https://doi.org/10.1038/s41389-020-00263-1	32859889	NCI	2020	CC BY	Other	Primary data table	Breast Cancer			https://doi.org/10.1038/s41389-020-00263-1							
dataset	24c1d52f-b661-5a5a-899f-8af902680bd6	PMC Supplementary Material (rescued)	LIMK2 promotes the metastatic progression of triple-negative breast cancer by activating SRPK1 - supplementary data: 41389_2020_263_MOESM5_ESM.xlsx	"Pathway or gene-set enrichment results (192 rows): which biological processes were over-represented. Description generated automatically from column headers; not yet curated. Source article: ""LIMK2 promotes the metastatic progression of triple-negative breast cancer by activating SRPK1"" (Oncogenesis, 2020). Rescued from PubMed Central supplementary material; no dataset-level record existed."	PMC7455732/41389_2020_263_MOESM5_ESM.xlsx	https://pmc.ncbi.nlm.nih.gov/articles/PMC7455732/	Wajapeyee N		https://doi.org/10.1038/s41389-020-00263-1	32859889	NCI	2020	CC BY	Other	Primary data table	Breast Cancer			https://doi.org/10.1038/s41389-020-00263-1							
dataset	9c773bf6-f130-5841-90be-3f904fdc1863	PMC Supplementary Material (rescued)	LIMK2 promotes the metastatic progression of triple-negative breast cancer by activating SRPK1 - supplementary data: 41389_2020_263_MOESM4_ESM.xlsx	"Proteomics or mass-spectrometry measurements (259 rows); analysis results rather than raw measurements. Description generated automatically from column headers; not yet curated. Source article: ""LIMK2 promotes the metastatic progression of triple-negative breast cancer by activating SRPK1"" (Oncogenesis, 2020). Rescued from PubMed Central supplementary material; no dataset-level record existed."	PMC7455732/41389_2020_263_MOESM4_ESM.xlsx	https://pmc.ncbi.nlm.nih.gov/articles/PMC7455732/	Wajapeyee N		https://doi.org/10.1038/s41389-020-00263-1	32859889	NCI	2020	CC BY	Other	Derived analysis results	Breast Cancer			https://doi.org/10.1038/s41389-020-00263-1							
dataset	497efe91-0a44-516c-8ebd-8584bf60e1c4	PMC Supplementary Material (rescued)	From Mouse to Human: Cellular Morphometric Subtype Learned From Mouse Mammary Tumors Provides Prognostic Value in Human Breast Cancer - supplementary data: Table_1.xlsx	"Data table (156 rows by 4 columns). Description generated automatically from column headers; not yet curated. Source article: ""From Mouse to Human: Cellular Morphometric Subtype Learned From Mouse Mammary Tumors Provides Prognostic Value in Human Breast Cancer"" (Front Oncol, 2021). Rescued from PubMed Central supplementary material; no dataset-level record existed."	PMC8886672/Table_1.xlsx	https://pmc.ncbi.nlm.nih.gov/articles/PMC8886672/	Mao JH		https://doi.org/10.3389/fonc.2021.819565	35242697	NCI	2021	CC BY	Other	Primary data table	Breast Cancer			https://doi.org/10.3389/fonc.2021.819565							
dataset	0ebd6c4c-4ec0-51ae-b94e-d8f87a4c7e6e	PMC Supplementary Material (rescued)	From Mouse to Human: Cellular Morphometric Subtype Learned From Mouse Mammary Tumors Provides Prognostic Value in Human Breast Cancer - supplementary data: Table_3.xlsx	"One row per patient or sample (1,019 rows). Description generated automatically from column headers; not yet curated. Source article: ""From Mouse to Human: Cellular Morphometric Subtype Learned From Mouse Mammary Tumors Provides Prognostic Value in Human Breast Cancer"" (Front Oncol, 2021). Rescued from PubMed Central supplementary material; no dataset-level record existed."	PMC8886672/Table_3.xlsx	https://pmc.ncbi.nlm.nih.gov/articles/PMC8886672/	Mao JH		https://doi.org/10.3389/fonc.2021.819565	35242697	NCI	2021	CC BY	Other	Primary data table	Breast Cancer			https://doi.org/10.3389/fonc.2021.819565							
dataset	70772467-52bd-57d7-abea-e65ea1829762	PMC Supplementary Material (rescued)	From Mouse to Human: Cellular Morphometric Subtype Learned From Mouse Mammary Tumors Provides Prognostic Value in Human Breast Cancer - supplementary data: Table_5.xlsx	"Numeric measurements underlying figures (259 rows by 5 columns). Description generated automatically from column headers; not yet curated. Source article: ""From Mouse to Human: Cellular Morphometric Subtype Learned From Mouse Mammary Tumors Provides Prognostic Value in Human Breast Cancer"" (Front Oncol, 2021). Rescued from PubMed Central supplementary material; no dataset-level record existed."	PMC8886672/Table_5.xlsx	https://pmc.ncbi.nlm.nih.gov/articles/PMC8886672/	Mao JH		https://doi.org/10.3389/fonc.2021.819565	35242697	NCI	2021	CC BY	Other	Primary data table	Breast Cancer			https://doi.org/10.3389/fonc.2021.819565							
dataset	39fd0bef-c07b-5552-bdd7-0c20cde8fe6c	PMC Supplementary Material (rescued)	From Mouse to Human: Cellular Morphometric Subtype Learned From Mouse Mammary Tumors Provides Prognostic Value in Human Breast Cancer - supplementary data: Table_2.xlsx	"Data table (55 rows by 257 columns). Description generated automatically from column headers; not yet curated. Source article: ""From Mouse to Human: Cellular Morphometric Subtype Learned From Mouse Mammary Tumors Provides Prognostic Value in Human Breast Cancer"" (Front Oncol, 2021). Rescued from PubMed Central supplementary material; no dataset-level record existed."	PMC8886672/Table_2.xlsx	https://pmc.ncbi.nlm.nih.gov/articles/PMC8886672/	Mao JH		https://doi.org/10.3389/fonc.2021.819565	35242697	NCI	2021	CC BY	Other	Primary data table	Breast Cancer			https://doi.org/10.3389/fonc.2021.819565							
dataset	8aaf9339-ce01-5cd8-b189-0f4902732b7e	PMC Supplementary Material (rescued)	From Mouse to Human: Cellular Morphometric Subtype Learned From Mouse Mammary Tumors Provides Prognostic Value in Human Breast Cancer - supplementary data: Table_9.xlsx	"Pathway or gene-set enrichment results (212 rows): which biological processes were over-represented. Description generated automatically from column headers; not yet curated. Source article: ""From Mouse to Human: Cellular Morphometric Subtype Learned From Mouse Mammary Tumors Provides Prognostic Value in Human Breast Cancer"" (Front Oncol, 2021). Rescued from PubMed Central supplementary material; no dataset-level record existed."	PMC8886672/Table_9.xlsx	https://pmc.ncbi.nlm.nih.gov/articles/PMC8886672/	Mao JH		https://doi.org/10.3389/fonc.2021.819565	35242697	NCI	2021	CC BY	Other	Derived analysis results	Breast Cancer			https://doi.org/10.3389/fonc.2021.819565							
dataset	54f96c44-02a8-51a8-bf2e-bb6fd86bda1e	PMC Supplementary Material (rescued)	From Mouse to Human: Cellular Morphometric Subtype Learned From Mouse Mammary Tumors Provides Prognostic Value in Human Breast Cancer - supplementary data: Table_8.xlsx	"Pathway or gene-set enrichment results (2,005 rows): which biological processes were over-represented. Description generated automatically from column headers; not yet curated. Source article: ""From Mouse to Human: Cellular Morphometric Subtype Learned From Mouse Mammary Tumors Provides Prognostic Value in Human Breast Cancer"" (Front Oncol, 2021). Rescued from PubMed Central supplementary material; no dataset-level record existed."	PMC8886672/Table_8.xlsx	https://pmc.ncbi.nlm.nih.gov/articles/PMC8886672/	Mao JH		https://doi.org/10.3389/fonc.2021.819565	35242697	NCI	2021	CC BY	Other	Derived analysis results	Breast Cancer			https://doi.org/10.3389/fonc.2021.819565							
dataset	68f6db0c-0fe4-598a-8bbe-ee389bfea983	PMC Supplementary Material (rescued)	From Mouse to Human: Cellular Morphometric Subtype Learned From Mouse Mammary Tumors Provides Prognostic Value in Human Breast Cancer - supplementary data: Table_7.xlsx	"Gene-level table (114 genes) with 13 measurement columns. Description generated automatically from column headers; not yet curated. Source article: ""From Mouse to Human: Cellular Morphometric Subtype Learned From Mouse Mammary Tumors Provides Prognostic Value in Human Breast Cancer"" (Front Oncol, 2021). Rescued from PubMed Central supplementary material; no dataset-level record existed."	PMC8886672/Table_7.xlsx	https://pmc.ncbi.nlm.nih.gov/articles/PMC8886672/	Mao JH		https://doi.org/10.3389/fonc.2021.819565	35242697	NCI	2021	CC BY	Other	Primary data table	Breast Cancer			https://doi.org/10.3389/fonc.2021.819565							
dataset	d663b2e0-712d-54bd-b28a-20de7a61ad41	PMC Supplementary Material (rescued)	From Mouse to Human: Cellular Morphometric Subtype Learned From Mouse Mammary Tumors Provides Prognostic Value in Human Breast Cancer - supplementary data: Table_11.xlsx	"Pathway or gene-set enrichment results (100 rows): which biological processes were over-represented. Description generated automatically from column headers; not yet curated. Source article: ""From Mouse to Human: Cellular Morphometric Subtype Learned From Mouse Mammary Tumors Provides Prognostic Value in Human Breast Cancer"" (Front Oncol, 2021). Rescued from PubMed Central supplementary material; no dataset-level record existed."	PMC8886672/Table_11.xlsx	https://pmc.ncbi.nlm.nih.gov/articles/PMC8886672/	Mao JH		https://doi.org/10.3389/fonc.2021.819565	35242697	NCI	2021	CC BY	Other	Derived analysis results	Breast Cancer			https://doi.org/10.3389/fonc.2021.819565							
dataset	d1d18532-2b98-5535-998c-362e81b87191	PMC Supplementary Material (rescued)	From Mouse to Human: Cellular Morphometric Subtype Learned From Mouse Mammary Tumors Provides Prognostic Value in Human Breast Cancer - supplementary data: Table_10.xlsx	"Pathway or gene-set enrichment results (317 rows): which biological processes were over-represented. Description generated automatically from column headers; not yet curated. Source article: ""From Mouse to Human: Cellular Morphometric Subtype Learned From Mouse Mammary Tumors Provides Prognostic Value in Human Breast Cancer"" (Front Oncol, 2021). Rescued from PubMed Central supplementary material; no dataset-level record existed."	PMC8886672/Table_10.xlsx	https://pmc.ncbi.nlm.nih.gov/articles/PMC8886672/	Mao JH		https://doi.org/10.3389/fonc.2021.819565	35242697	NCI	2021	CC BY	Other	Derived analysis results	Breast Cancer			https://doi.org/10.3389/fonc.2021.819565							
dataset	d5007330-ac27-5d7f-a71c-4429144be586	PMC Supplementary Material (rescued)	From Mouse to Human: Cellular Morphometric Subtype Learned From Mouse Mammary Tumors Provides Prognostic Value in Human Breast Cancer - supplementary data: Table_6.xlsx	"Numeric measurements underlying figures (259 rows by 4 columns). Description generated automatically from column headers; not yet curated. Source article: ""From Mouse to Human: Cellular Morphometric Subtype Learned From Mouse Mammary Tumors Provides Prognostic Value in Human Breast Cancer"" (Front Oncol, 2021). Rescued from PubMed Central supplementary material; no dataset-level record existed."	PMC8886672/Table_6.xlsx	https://pmc.ncbi.nlm.nih.gov/articles/PMC8886672/	Mao JH		https://doi.org/10.3389/fonc.2021.819565	35242697	NCI	2021	CC BY	Other	Primary data table	Breast Cancer			https://doi.org/10.3389/fonc.2021.819565							
dataset	a66772de-2752-5a2b-84be-00c8333fca18	PMC Supplementary Material (rescued)	PIK3CA and MAP3K1 alterations imply luminal A status and are associated with clinical benefit from pan-PI3K inhibitor buparlisib and letrozole in ER+ metastatic breast cancer - supplementary data: 41523_2019_126_MOESM2_ESM.xlsx	"Data table (54 rows by 27 columns). Description generated automatically from column headers; not yet curated. Source article: ""PIK3CA and MAP3K1 alterations imply luminal A status and are associated with clinical benefit from pan-PI3K inhibitor buparlisib and letrozole in ER+ metastatic breast cancer"" (NPJ Breast Cancer, 2019). Rescued from PubMed Central supplementary material; no dataset-level record existed."	PMC6757060/41523_2019_126_MOESM2_ESM.xlsx	https://pmc.ncbi.nlm.nih.gov/articles/PMC6757060/	Balko JM		https://doi.org/10.1038/s41523-019-0126-6	31552290	NCI	2019	CC BY	Other	Primary data table	Breast Cancer			https://doi.org/10.1038/s41523-019-0126-6							
dataset	17f51be8-aa91-5316-a854-6e5b998aa203	PMC Supplementary Material (rescued)	PIK3CA and MAP3K1 alterations imply luminal A status and are associated with clinical benefit from pan-PI3K inhibitor buparlisib and letrozole in ER+ metastatic breast cancer - supplementary data: 41523_2019_126_MOESM1_ESM.xlsx	"Data table (171 rows by 8 columns). Description generated automatically from column headers; not yet curated. Source article: ""PIK3CA and MAP3K1 alterations imply luminal A status and are associated with clinical benefit from pan-PI3K inhibitor buparlisib and letrozole in ER+ metastatic breast cancer"" (NPJ Breast Cancer, 2019). Rescued from PubMed Central supplementary material; no dataset-level record existed."	PMC6757060/41523_2019_126_MOESM1_ESM.xlsx	https://pmc.ncbi.nlm.nih.gov/articles/PMC6757060/	Balko JM		https://doi.org/10.1038/s41523-019-0126-6	31552290	NCI	2019	CC BY	Other	Primary data table	Breast Cancer			https://doi.org/10.1038/s41523-019-0126-6							
dataset	153766ef-7171-5549-bec2-af137534a727	PMC Supplementary Material (rescued)	Increased genomic burden of germline copy number variants is associated with early onset breast cancer: Australian breast cancer family registry - supplementary data: 13058_2017_825_MOESM4_ESM.xlsx	"Gene-level table (1,383 genes) with 29 measurement columns. Description generated automatically from column headers; not yet curated. Source article: ""Increased genomic burden of germline copy number variants is associated with early onset breast cancer: Australian breast cancer family registry"" (Breast Cancer Res, 2017). Rescued from PubMed Central supplementary material; no dataset-level record existed."	PMC5356248/13058_2017_825_MOESM4_ESM.xlsx	https://pmc.ncbi.nlm.nih.gov/articles/PMC5356248/	Southey MC		https://doi.org/10.1186/s13058-017-0825-6	28302160	NCI	2017	CC BY	Other	Primary data table	Breast Cancer			https://doi.org/10.1186/s13058-017-0825-6							
dataset	ce19b6a4-6ab0-526d-af31-df39ec86e232	PMC Supplementary Material (rescued)	Increased genomic burden of germline copy number variants is associated with early onset breast cancer: Australian breast cancer family registry - supplementary data: 13058_2017_825_MOESM2_ESM.xlsx	"Genomic variants or positions (11,206 rows). Description generated automatically from column headers; not yet curated. Source article: ""Increased genomic burden of germline copy number variants is associated with early onset breast cancer: Australian breast cancer family registry"" (Breast Cancer Res, 2017). Rescued from PubMed Central supplementary material; no dataset-level record existed."	PMC5356248/13058_2017_825_MOESM2_ESM.xlsx	https://pmc.ncbi.nlm.nih.gov/articles/PMC5356248/	Southey MC		https://doi.org/10.1186/s13058-017-0825-6	28302160	NCI	2017	CC BY	Other	Primary data table	Breast Cancer			https://doi.org/10.1186/s13058-017-0825-6							
dataset	2b064a1d-e473-54c3-8e95-9a78ea03e3d2	PMC Supplementary Material (rescued)	A combined microfluidic-transcriptomic approach to characterize the extravasation potential of cancer cells - supplementary data: oncotarget-09-36110-s002.xlsx	"Numeric measurements underlying figures (28,831 rows by 14 columns). Description generated automatically from column headers; not yet curated. Source article: ""A combined microfluidic-transcriptomic approach to characterize the extravasation potential of cancer cells"" (Oncotarget, 2018). Rescued from PubMed Central supplementary material; no dataset-level record existed."	PMC6281425/oncotarget-09-36110-s002.xlsx	https://pmc.ncbi.nlm.nih.gov/articles/PMC6281425/	Adriani G		https://doi.org/10.18632/oncotarget.26306	30546831	NCI	2018	CC BY	Other	Primary data table	Breast Cancer			https://doi.org/10.18632/oncotarget.26306							
dataset	ddaba9a7-2df9-5562-9ffb-331a5f3c7943	PMC Supplementary Material (rescued)	Estrogenic activity, race/ethnicity, and Indigenous American ancestry among San Francisco Bay Area women - supplementary data: pone.0213809.s002.xls	"Numeric measurements underlying figures (504 rows by 22 columns). Description generated automatically from column headers; not yet curated. Source article: ""Estrogenic activity, race/ethnicity, and Indigenous American ancestry among San Francisco Bay Area women"" (PLoS One, 2019). Rescued from PubMed Central supplementary material; no dataset-level record existed."	PMC6433244/pone.0213809.s002.xls	https://pmc.ncbi.nlm.nih.gov/articles/PMC6433244/	Fejerman L		https://doi.org/10.1371/journal.pone.0213809	30908519	NCI	2019	CC BY	Other	Primary data table	Breast Cancer			https://doi.org/10.1371/journal.pone.0213809							
dataset	856b906d-e75a-5ba1-a229-c78ec165e15c	PMC Supplementary Material (rescued)	Personalized ctDNA micro-panels can monitor and predict clinical outcomes for patients with triple-negative breast cancer - supplementary data: 41598_2022_20928_MOESM2_ESM.xlsx	"Genomic variants or positions (211 rows). Description generated automatically from column headers; not yet curated. Source article: ""Personalized ctDNA micro-panels can monitor and predict clinical outcomes for patients with triple-negative breast cancer"" (Sci Rep, 2022). Rescued from PubMed Central supplementary material; no dataset-level record existed."	PMC9588015/41598_2022_20928_MOESM2_ESM.xlsx	https://pmc.ncbi.nlm.nih.gov/articles/PMC9588015/	Ademuyiwa FO		https://doi.org/10.1038/s41598-022-20928-8	36273232	NCI	2022	CC BY	Other	Primary data table	Breast Cancer			https://doi.org/10.1038/s41598-022-20928-8							
dataset	78d7d504-977d-5c84-b8e7-2934eb0e9e3b	PMC Supplementary Material (rescued)	Role of apoptosis-related miRNAs in resveratrol-induced breast cancer cell death - supplementary data: cddis20166x2.docx	"Genomic variants or positions (97 rows). Description generated automatically from column headers; not yet curated. Source article: ""Role of apoptosis-related miRNAs in resveratrol-induced breast cancer cell death"" (Cell Death Dis, 2016). Rescued from PubMed Central supplementary material; no dataset-level record existed."	PMC5399194/cddis20166x2.docx	https://pmc.ncbi.nlm.nih.gov/articles/PMC5399194/	Azad N		https://doi.org/10.1038/cddis.2016.6	26890143	NCI	2016	CC BY	Other	Primary data table	Breast Cancer			https://doi.org/10.1038/cddis.2016.6							
dataset	c0e010e0-8032-58b7-a1a2-fa1692426525	PMC Supplementary Material (rescued)	Role of apoptosis-related miRNAs in resveratrol-induced breast cancer cell death - supplementary data: cddis20166x3.docx	"Genomic variants or positions (97 rows). Description generated automatically from column headers; not yet curated. Source article: ""Role of apoptosis-related miRNAs in resveratrol-induced breast cancer cell death"" (Cell Death Dis, 2016). Rescued from PubMed Central supplementary material; no dataset-level record existed."	PMC5399194/cddis20166x3.docx	https://pmc.ncbi.nlm.nih.gov/articles/PMC5399194/	Azad N		https://doi.org/10.1038/cddis.2016.6	26890143	NCI	2016	CC BY	Other	Primary data table	Breast Cancer			https://doi.org/10.1038/cddis.2016.6							
dataset	bae9bf93-8dd3-5867-a2bf-c5e1c609944d	PMC Supplementary Material (rescued)	Expression Quantitative Trait loci (QTL) in tumor adjacent normal breast tissue and breast tumor tissue - supplementary data: pone.0170181.s002.csv	"Differential expression results (386 genes or features): fold changes and significance between conditions. Description generated automatically from column headers; not yet curated. Source article: ""Expression Quantitative Trait loci (QTL) in tumor adjacent normal breast tissue and breast tumor tissue"" (PLoS One, 2017). Rescued from PubMed Central supplementary material; no dataset-level record existed."	PMC5289428/pone.0170181.s002.csv	https://pmc.ncbi.nlm.nih.gov/articles/PMC5289428/	Hazra A		https://doi.org/10.1371/journal.pone.0170181	28152060	NCI	2017	CC BY	Other	Derived analysis results	Breast Cancer			https://doi.org/10.1371/journal.pone.0170181							
dataset	d065f186-6b54-56b8-a0f7-8c97852cb2e2	PMC Supplementary Material (rescued)	High-resolution deconstruction of evolution induced by chemotherapy treatments in breast cancer xenografts - supplementary data: 41598_2018_36184_MOESM2_ESM.xlsx	"Numeric measurements underlying figures (109 rows by 35 columns). Description generated automatically from column headers; not yet curated. Source article: ""High-resolution deconstruction of evolution induced by chemotherapy treatments in breast cancer xenografts"" (Sci Rep, 2018). Rescued from PubMed Central supplementary material; no dataset-level record existed."	PMC6298990/41598_2018_36184_MOESM2_ESM.xlsx	https://pmc.ncbi.nlm.nih.gov/articles/PMC6298990/	Chuang JH		https://doi.org/10.1038/s41598-018-36184-8	30560892	NCI	2018	CC BY	Other	Primary data table	Breast Cancer			https://doi.org/10.1038/s41598-018-36184-8							
dataset	fd4d24bb-012b-5ed2-a519-e8c5203b5072	PMC Supplementary Material (rescued)	High-resolution deconstruction of evolution induced by chemotherapy treatments in breast cancer xenografts - supplementary data: 41598_2018_36184_MOESM4_ESM.xlsx	"Genomic variants or positions (6,113 rows). Description generated automatically from column headers; not yet curated. Source article: ""High-resolution deconstruction of evolution induced by chemotherapy treatments in breast cancer xenografts"" (Sci Rep, 2018). Rescued from PubMed Central supplementary material; no dataset-level record existed."	PMC6298990/41598_2018_36184_MOESM4_ESM.xlsx	https://pmc.ncbi.nlm.nih.gov/articles/PMC6298990/	Chuang JH		https://doi.org/10.1038/s41598-018-36184-8	30560892	NCI	2018	CC BY	Other	Primary data table	Breast Cancer			https://doi.org/10.1038/s41598-018-36184-8							
dataset	f673fd4c-1ae3-5b5c-8f91-aae2d672cfd6	PMC Supplementary Material (rescued)	Expression of human endogenous retrovirus-K is strongly associated with the basal-like breast cancer phenotype - supplementary data: srep41960-s2.xls	"One row per patient or sample (1,072 rows), with her2. Description generated automatically from column headers; not yet curated. Source article: ""Expression of human endogenous retrovirus-K is strongly associated with the basal-like breast cancer phenotype"" (Sci Rep, 2017). Rescued from PubMed Central supplementary material; no dataset-level record existed."	PMC5292751/srep41960-s2.xls	https://pmc.ncbi.nlm.nih.gov/articles/PMC5292751/	Su X		https://doi.org/10.1038/srep41960	28165048	NCI	2017	CC BY	Other	Primary data table	Breast Cancer			https://doi.org/10.1038/srep41960							
dataset	d04cb5ff-093a-5303-b5d7-7cfc7547de09	PMC Supplementary Material (rescued)	Expression of human endogenous retrovirus-K is strongly associated with the basal-like breast cancer phenotype - supplementary data: srep41960-s1.xls	"One row per patient or sample (513 rows), with her2. Description generated automatically from column headers; not yet curated. Source article: ""Expression of human endogenous retrovirus-K is strongly associated with the basal-like breast cancer phenotype"" (Sci Rep, 2017). Rescued from PubMed Central supplementary material; no dataset-level record existed."	PMC5292751/srep41960-s1.xls	https://pmc.ncbi.nlm.nih.gov/articles/PMC5292751/	Su X		https://doi.org/10.1038/srep41960	28165048	NCI	2017	CC BY	Other	Primary data table	Breast Cancer			https://doi.org/10.1038/srep41960							
dataset	2332496b-29cb-5aab-a72a-e0e0b037f475	PMC Supplementary Material (rescued)	SRC tyrosine kinase activates the YAP/TAZ axis and thereby drives tumor growth and metastasis - supplementary data: supp_RA118.004364_138692_2_supp_241300_pdv3yd.xlsx	"Data table (69 rows by 8 columns). Description generated automatically from column headers; not yet curated. Source article: ""SRC tyrosine kinase activates the YAP/TAZ axis and thereby drives tumor growth and metastasis"" (J Biol Chem, 2019). Rescued from PubMed Central supplementary material; no dataset-level record existed."	PMC6378979/supp_RA118.004364_138692_2_supp_241300_pdv3yd.xlsx	https://pmc.ncbi.nlm.nih.gov/articles/PMC6378979/	Hynes RO		https://doi.org/10.1074/jbc.ra118.004364	30559289	NCI	2019	CC BY	Other	Primary data table	Breast Cancer			https://doi.org/10.1074/jbc.ra118.004364							
dataset	0bc70e5f-e427-50f3-a6b1-f7415c978d09	PMC Supplementary Material (rescued)	Overlap of high-risk individuals predicted by family history, and genetic and non-genetic breast cancer risk prediction models: implications for risk stratification - supplementary data: 12916_2022_2334_MOESM4_ESM.xlsx	"Genomic variants or positions (315 rows). Description generated automatically from column headers; not yet curated. Source article: ""Overlap of high-risk individuals predicted by family history, and genetic and non-genetic breast cancer risk prediction models: implications for risk stratification"" (BMC Med, 2022). Rescued from PubMed Central supplementary material; no dataset-level record existed."	PMC9040206/12916_2022_2334_MOESM4_ESM.xlsx	https://pmc.ncbi.nlm.nih.gov/articles/PMC9040206/	Hartman M		https://doi.org/10.1186/s12916-022-02334-z	35468796	NCI	2022	CC BY	Other	Primary data table	Breast Cancer			https://doi.org/10.1186/s12916-022-02334-z							
dataset	d8b95907-1ff4-5601-b9f2-7707218c69f8	PMC Supplementary Material (rescued)	Overlap of high-risk individuals predicted by family history, and genetic and non-genetic breast cancer risk prediction models: implications for risk stratification - supplementary data: 12916_2022_2334_MOESM2_ESM.xlsx	"Proteomics or mass-spectrometry measurements (258 rows). Description generated automatically from column headers; not yet curated. Source article: ""Overlap of high-risk individuals predicted by family history, and genetic and non-genetic breast cancer risk prediction models: implications for risk stratification"" (BMC Med, 2022). Rescued from PubMed Central supplementary material; no dataset-level record existed."	PMC9040206/12916_2022_2334_MOESM2_ESM.xlsx	https://pmc.ncbi.nlm.nih.gov/articles/PMC9040206/	Hartman M		https://doi.org/10.1186/s12916-022-02334-z	35468796	NCI	2022	CC BY	Other	Primary data table	Breast Cancer			https://doi.org/10.1186/s12916-022-02334-z							
dataset	4fc3bd6f-f254-5623-970b-80c46389dec0	PMC Supplementary Material (rescued)	Clinical and molecular characteristics of estrogen receptor-positive ultralow risk breast cancer tumors identified by the 70-gene signature - supplementary data: IJC-150-2072-s001.pdf	"Pathway or gene-set enrichment results (794 rows): which biological processes were over-represented. Description generated automatically from column headers; not yet curated. Source article: ""Clinical and molecular characteristics of estrogen receptor-positive ultralow risk breast cancer tumors identified by the 70-gene signature"" (Int J Cancer, 2022). Rescued from PubMed Central supplementary material; no dataset-level record existed."	PMC9083187/IJC-150-2072-s001.pdf	https://pmc.ncbi.nlm.nih.gov/articles/PMC9083187/	Lindström LS		https://doi.org/10.1002/ijc.33969	35179782	NCI	2022	CC BY	Other	Derived analysis results	Breast Cancer			https://doi.org/10.1002/ijc.33969							
dataset	60d8de36-dd2f-5bae-bc8c-026e487b34be	PMC Supplementary Material (rescued)	Ultra-thermostable RNA nanoparticles for solubilizing and high-yield loading of paclitaxel for breast cancer therapy - supplementary data: 41467_2020_14780_MOESM5_ESM.xlsx	"Numeric measurements underlying figures (9,001 rows by 18 columns). Description generated automatically from column headers; not yet curated. Source article: ""Ultra-thermostable RNA nanoparticles for solubilizing and high-yield loading of paclitaxel for breast cancer therapy"" (Nat Commun, 2020). Rescued from PubMed Central supplementary material; no dataset-level record existed."	PMC7033104/41467_2020_14780_MOESM5_ESM.xlsx	https://pmc.ncbi.nlm.nih.gov/articles/PMC7033104/	Guo P		https://doi.org/10.1038/s41467-020-14780-5	32080195	NCI	2020	CC BY	Other	Primary data table	Breast Cancer			https://doi.org/10.1038/s41467-020-14780-5							
dataset	fa1655cd-0651-5514-b5f4-7d722dd0770d	PMC Supplementary Material (rescued)	The association of body fat composition with risk of breast, endometrial, ovarian and colorectal cancers among normal weight participants in the UK Biobank - supplementary data: 41416_2020_1210_MOESM1_ESM.docx	"Data table (110 rows by 4 columns). Description generated automatically from column headers; not yet curated. Source article: ""The association of body fat composition with risk of breast, endometrial, ovarian and colorectal cancers among normal weight participants in the UK Biobank"" (Br J Cancer, 2021). Rescued from PubMed Central supplementary material; no dataset-level record existed."	PMC8076175/41416_2020_1210_MOESM1_ESM.docx	https://pmc.ncbi.nlm.nih.gov/articles/PMC8076175/	Rohan TE		https://doi.org/10.1038/s41416-020-01210-y	33723399	NCI	2021	CC BY	Other	Primary data table	Colorectal Cancer			https://doi.org/10.1038/s41416-020-01210-y							
dataset	e12ccabd-e673-52f4-ada1-c7c4ef99b3b3	PMC Supplementary Material (rescued)	Assessing the causal role of epigenetic clocks in the development of multiple cancers: a Mendelian randomization study - supplementary data: elife-75374-supp1.xlsx	"Gene-level table (573 genes) with 13 measurement columns. Description generated automatically from column headers; not yet curated. Source article: ""Assessing the causal role of epigenetic clocks in the development of multiple cancers: a Mendelian randomization study"" (Elife, 2022). Rescued from PubMed Central supplementary material; no dataset-level record existed."	PMC9049976/elife-75374-supp1.xlsx	https://pmc.ncbi.nlm.nih.gov/articles/PMC9049976/	Richmond RC		https://doi.org/10.7554/elife.75374	35346416	NCI	2022	CC BY	Other	Primary data table	Colorectal Cancer			https://doi.org/10.7554/elife.75374							
dataset	ca4a1d7d-d1b3-5d05-89ef-1f5b6df62d26	PMC Supplementary Material (rescued)	Association between Adult Height and Risk of Colorectal, Lung, and Prostate Cancer: Results from Meta-analyses of Prospective Studies and Mendelian Randomization Analyses - supplementary data: pmed.1002118.s010.docx	"Genomic variants or positions (425 rows). Description generated automatically from column headers; not yet curated. Source article: ""Association between Adult Height and Risk of Colorectal, Lung, and Prostate Cancer: Results from Meta-analyses of Prospective Studies and Mendelian Randomization Analyses"" (PLoS Med, 2016). Rescued from PubMed Central supplementary material; no dataset-level record existed."	PMC5012582/pmed.1002118.s010.docx	https://pmc.ncbi.nlm.nih.gov/articles/PMC5012582/	Transdisciplinary Research in Cancer of the Lung (TRICL)		https://doi.org/10.1371/journal.pmed.1002118	27598322	NCI	2016	CC0	Other	Primary data table	Colorectal Cancer			https://doi.org/10.1371/journal.pmed.1002118							
dataset	f83afd61-ee60-59ae-b2aa-d741e355a35f	PMC Supplementary Material (rescued)	Interaction of lncRNA MIR100HG with hnRNPA2B1 facilitates m<sup>6</sup>A-dependent stabilization of TCF7L2 mRNA and colorectal cancer progression - supplementary data: 12943_2022_1555_MOESM3_ESM.xls	"Proteomics or mass-spectrometry measurements (232 rows); analysis results rather than raw measurements. Description generated automatically from column headers; not yet curated. Source article: ""Interaction of lncRNA MIR100HG with hnRNPA2B1 facilitates m<sup>6</sup>A-dependent stabilization of TCF7L2 mRNA and colorectal cancer progression"" (Mol Cancer, 2022). Rescued from PubMed Central supplementary material; no dataset-level record existed."	PMC8917698/12943_2022_1555_MOESM3_ESM.xls	https://pmc.ncbi.nlm.nih.gov/articles/PMC8917698/	Lu Y		https://doi.org/10.1186/s12943-022-01555-3	35279145	NCI	2022	CC BY	Other	Derived analysis results	Colorectal Cancer			https://doi.org/10.1186/s12943-022-01555-3							
dataset	65321238-e0b5-58e2-86b6-dd406cdb2052	PMC Supplementary Material (rescued)	Circulating bilirubin levels and risk of colorectal cancer: serological and Mendelian randomization analyses - supplementary data: 12916_2020_1703_MOESM1_ESM.pdf	"Gene-level table (118 genes) with 12 measurement columns. Description generated automatically from column headers; not yet curated. Source article: ""Circulating bilirubin levels and risk of colorectal cancer: serological and Mendelian randomization analyses"" (BMC Med, 2020). Rescued from PubMed Central supplementary material; no dataset-level record existed."	PMC7469292/12916_2020_1703_MOESM1_ESM.pdf	https://pmc.ncbi.nlm.nih.gov/articles/PMC7469292/	Freisling H		https://doi.org/10.1186/s12916-020-01703-w	32878631	NCI	2020	CC BY	Other	Primary data table	Colorectal Cancer			https://doi.org/10.1186/s12916-020-01703-w							
dataset	a73dcc7e-a571-53bf-a181-260ea48faeea	PMC Supplementary Material (rescued)	Immune characterization of metastatic colorectal cancer patients post reovirus administration - supplementary data: 12885_2020_7038_MOESM1_ESM.pdf	"Gene-level table (51 genes) with 34 measurement columns. Description generated automatically from column headers; not yet curated. Source article: ""Immune characterization of metastatic colorectal cancer patients post reovirus administration"" (BMC Cancer, 2020). Rescued from PubMed Central supplementary material; no dataset-level record existed."	PMC7301987/12885_2020_7038_MOESM1_ESM.pdf	https://pmc.ncbi.nlm.nih.gov/articles/PMC7301987/	Maitra R		https://doi.org/10.1186/s12885-020-07038-2	32552875	NCI	2020	CC BY	Other	Primary data table	Colorectal Cancer			https://doi.org/10.1186/s12885-020-07038-2							
dataset	26f897fa-ba80-5ca5-83d0-1fddf88de640	PMC Supplementary Material (rescued)	The co-regulatory networks of tumor suppressor genes, oncogenes, and miRNAs in colorectal cancer - supplementary data: GCC-56-769-s001.docx	"Data table (76 rows by 7 columns). Description generated automatically from column headers; not yet curated. Source article: ""The co-regulatory networks of tumor suppressor genes, oncogenes, and miRNAs in colorectal cancer"" (Genes Chromosomes Cancer, 2017). Rescued from PubMed Central supplementary material; no dataset-level record existed."	PMC5597468/GCC-56-769-s001.docx	https://pmc.ncbi.nlm.nih.gov/articles/PMC5597468/	Wolff RK		https://doi.org/10.1002/gcc.22481	28675510	NCI	2017	CC BY-NC-ND	Other	Primary data table	Colorectal Cancer			https://doi.org/10.1002/gcc.22481							
dataset	d46207e2-fdc3-5347-b81b-c072151a4aeb	PMC Supplementary Material (rescued)	LIG4 mediates Wnt signalling-induced radioresistance - supplementary data: ncomms10994-s2.xlsx	"Data table (468 rows by 10 columns); analysis results rather than raw measurements. Description generated automatically from column headers; not yet curated. Source article: ""LIG4 mediates Wnt signalling-induced radioresistance"" (Nat Commun, 2016). Rescued from PubMed Central supplementary material; no dataset-level record existed."	PMC4820809/ncomms10994-s2.xlsx	https://pmc.ncbi.nlm.nih.gov/articles/PMC4820809/	Park JI		https://doi.org/10.1038/ncomms10994	27009971	NCI	2016	CC BY	Other	Derived analysis results	Colorectal Cancer			https://doi.org/10.1038/ncomms10994							
dataset	9452291e-2249-5f08-9bbf-15206d5d0082	PMC Supplementary Material (rescued)	LIG4 mediates Wnt signalling-induced radioresistance - supplementary data: ncomms10994-s3.xlsx	"Data table (108 rows by 8 columns). Description generated automatically from column headers; not yet curated. Source article: ""LIG4 mediates Wnt signalling-induced radioresistance"" (Nat Commun, 2016). Rescued from PubMed Central supplementary material; no dataset-level record existed."	PMC4820809/ncomms10994-s3.xlsx	https://pmc.ncbi.nlm.nih.gov/articles/PMC4820809/	Park JI		https://doi.org/10.1038/ncomms10994	27009971	NCI	2016	CC BY	Other	Primary data table	Colorectal Cancer			https://doi.org/10.1038/ncomms10994							
dataset	49421e6a-3ab5-5950-8689-1f9c1ef07f45	PMC Supplementary Material (rescued)	Polyclonal human antibodies against glycans bearing red meat-derived non-human sialic acid N-glycolylneuraminic acid are stable, reproducible, complex and vary between individuals: Total antibody levels are associated with colorectal cancer risk - supplementary data: pone.0197464.s005.xlsx	"Numeric measurements underlying figures (2,719 rows by 5 columns). Description generated automatically from column headers; not yet curated. Source article: ""Polyclonal human antibodies against glycans bearing red meat-derived non-human sialic acid N-glycolylneuraminic acid are stable, reproducible, complex and vary between individuals: Total antibody levels are associated with colorectal cancer risk"" (PLoS One, 2018). Rescued from PubMed Central supplementary material; no dataset-level record existed."	PMC6005533/pone.0197464.s005.xlsx	https://pmc.ncbi.nlm.nih.gov/articles/PMC6005533/	Varki A		https://doi.org/10.1371/journal.pone.0197464	29912879	NCI	2018	CC BY	Other	Primary data table	Colorectal Cancer			https://doi.org/10.1371/journal.pone.0197464							
dataset	f5403baa-057b-5e0d-89b1-e02705887ee7	PMC Supplementary Material (rescued)	Molecular characterization of pro-metastatic functions of β4-integrin in colorectal cancer - supplementary data: oncotarget-08-92333-s002.xls	"Differential expression results (602 genes or features): fold changes and significance between conditions. Description generated automatically from column headers; not yet curated. Source article: ""Molecular characterization of pro-metastatic functions of β4-integrin in colorectal cancer"" (Oncotarget, 2017). Rescued from PubMed Central supplementary material; no dataset-level record existed."	PMC5696185/oncotarget-08-92333-s002.xls	https://pmc.ncbi.nlm.nih.gov/articles/PMC5696185/	Datta PK		https://doi.org/10.18632/oncotarget.21290	29190919	NCI	2017	CC BY	Other	Derived analysis results	Colorectal Cancer			https://doi.org/10.18632/oncotarget.21290							
dataset	74710309-2a57-5ad2-857d-9078eb3d26bd	PMC Supplementary Material (rescued)	Dietary Nonstarch Polysaccharide Intake and Risk of Colorectal Cancer: Findings from the Singapore Chinese Health Study - supplementary data: crc-22-0153-s01.docx	"Data table (52 rows by 8 columns). Description generated automatically from column headers; not yet curated. Source article: ""Dietary Nonstarch Polysaccharide Intake and Risk of Colorectal Cancer: Findings from the Singapore Chinese Health Study"" (Cancer Res Commun, 2022). Rescued from PubMed Central supplementary material; no dataset-level record existed."	PMC9683694/crc-22-0153-s01.docx	https://pmc.ncbi.nlm.nih.gov/articles/PMC9683694/	Luu HN		https://doi.org/10.1158/2767-9764.crc-22-0153	36425215	NCI	2022	CC BY	Other	Primary data table	Colorectal Cancer			https://doi.org/10.1158/2767-9764.crc-22-0153							
dataset	cf273da2-5dc4-5682-9e52-52788f7ba3b5	PMC Supplementary Material (rescued)	Colorectal cancer cells utilize autophagy to maintain mitochondrial metabolism for cell proliferation under nutrient stress - supplementary data: jciinsight-6-138835-s010.xlsx	"Proteomics or mass-spectrometry measurements (17,369 rows); analysis results rather than raw measurements. Description generated automatically from column headers; not yet curated. Source article: ""Colorectal cancer cells utilize autophagy to maintain mitochondrial metabolism for cell proliferation under nutrient stress"" (JCI Insight, 2021). Rescued from PubMed Central supplementary material; no dataset-level record existed."	PMC8328084/jciinsight-6-138835-s010.xlsx	https://pmc.ncbi.nlm.nih.gov/articles/PMC8328084/	Shah YM		https://doi.org/10.1172/jci.insight.138835	34138755	NCI	2021	CC BY	Other	Derived analysis results	Colorectal Cancer			https://doi.org/10.1172/jci.insight.138835							
dataset	b935de70-9973-5bb2-8588-59cfd7fee077	PMC Supplementary Material (rescued)	Colorectal cancer cells utilize autophagy to maintain mitochondrial metabolism for cell proliferation under nutrient stress - supplementary data: jciinsight-6-138835-s009.xlsx	"Numeric measurements underlying figures (227 rows by 13 columns). Description generated automatically from column headers; not yet curated. Source article: ""Colorectal cancer cells utilize autophagy to maintain mitochondrial metabolism for cell proliferation under nutrient stress"" (JCI Insight, 2021). Rescued from PubMed Central supplementary material; no dataset-level record existed."	PMC8328084/jciinsight-6-138835-s009.xlsx	https://pmc.ncbi.nlm.nih.gov/articles/PMC8328084/	Shah YM		https://doi.org/10.1172/jci.insight.138835	34138755	NCI	2021	CC BY	Other	Primary data table	Colorectal Cancer			https://doi.org/10.1172/jci.insight.138835							
dataset	7b94432e-43f7-5556-8a1b-1afd8315e047	PMC Supplementary Material (rescued)	Landscape of somatic single nucleotide variants and indels in colorectal cancer and impact on survival - supplementary data: 41467_2020_17386_MOESM8_ESM.xlsx	"Pathway or gene-set enrichment results (216 rows): which biological processes were over-represented. Description generated automatically from column headers; not yet curated. Source article: ""Landscape of somatic single nucleotide variants and indels in colorectal cancer and impact on survival"" (Nat Commun, 2020). Rescued from PubMed Central supplementary material; no dataset-level record existed."	PMC7371703/41467_2020_17386_MOESM8_ESM.xlsx	https://pmc.ncbi.nlm.nih.gov/articles/PMC7371703/	Peters U		https://doi.org/10.1038/s41467-020-17386-z	32686686	NCI	2020	CC BY	Other	Primary data table	Colorectal Cancer			https://doi.org/10.1038/s41467-020-17386-z							
dataset	005cd2eb-f1e2-57bc-a095-a6ca273c915f	PMC Supplementary Material (rescued)	Landscape of somatic single nucleotide variants and indels in colorectal cancer and impact on survival - supplementary data: 41467_2020_17386_MOESM5_ESM.xlsx	"Pathway or gene-set enrichment results (671 rows): which biological processes were over-represented. Description generated automatically from column headers; not yet curated. Source article: ""Landscape of somatic single nucleotide variants and indels in colorectal cancer and impact on survival"" (Nat Commun, 2020). Rescued from PubMed Central supplementary material; no dataset-level record existed."	PMC7371703/41467_2020_17386_MOESM5_ESM.xlsx	https://pmc.ncbi.nlm.nih.gov/articles/PMC7371703/	Peters U		https://doi.org/10.1038/s41467-020-17386-z	32686686	NCI	2020	CC BY	Other	Derived analysis results	Colorectal Cancer			https://doi.org/10.1038/s41467-020-17386-z							
dataset	bfa73460-6538-5279-b7ef-1fcbb2e39a09	PMC Supplementary Material (rescued)	Landscape of somatic single nucleotide variants and indels in colorectal cancer and impact on survival - supplementary data: 41467_2020_17386_MOESM6_ESM.xlsx	"Pathway or gene-set enrichment results (216 rows): which biological processes were over-represented. Description generated automatically from column headers; not yet curated. Source article: ""Landscape of somatic single nucleotide variants and indels in colorectal cancer and impact on survival"" (Nat Commun, 2020). Rescued from PubMed Central supplementary material; no dataset-level record existed."	PMC7371703/41467_2020_17386_MOESM6_ESM.xlsx	https://pmc.ncbi.nlm.nih.gov/articles/PMC7371703/	Peters U		https://doi.org/10.1038/s41467-020-17386-z	32686686	NCI	2020	CC BY	Other	Primary data table	Colorectal Cancer			https://doi.org/10.1038/s41467-020-17386-z							
dataset	99316258-efa2-5081-9839-20caad056f2f	PMC Supplementary Material (rescued)	Landscape of somatic single nucleotide variants and indels in colorectal cancer and impact on survival - supplementary data: 41467_2020_17386_MOESM4_ESM.xlsx	"Genomic variants or positions (55,535 rows). Description generated automatically from column headers; not yet curated. Source article: ""Landscape of somatic single nucleotide variants and indels in colorectal cancer and impact on survival"" (Nat Commun, 2020). Rescued from PubMed Central supplementary material; no dataset-level record existed."	PMC7371703/41467_2020_17386_MOESM4_ESM.xlsx	https://pmc.ncbi.nlm.nih.gov/articles/PMC7371703/	Peters U		https://doi.org/10.1038/s41467-020-17386-z	32686686	NCI	2020	CC BY	Other	Primary data table	Colorectal Cancer			https://doi.org/10.1038/s41467-020-17386-z							
dataset	8bc7b0c2-492e-5bb6-b471-7ed3c33a79e4	PMC Supplementary Material (rescued)	Landscape of somatic single nucleotide variants and indels in colorectal cancer and impact on survival - supplementary data: 41467_2020_17386_MOESM9_ESM.xlsx	"Data table (2,107 rows by 26 columns). Description generated automatically from column headers; not yet curated. Source article: ""Landscape of somatic single nucleotide variants and indels in colorectal cancer and impact on survival"" (Nat Commun, 2020). Rescued from PubMed Central supplementary material; no dataset-level record existed."	PMC7371703/41467_2020_17386_MOESM9_ESM.xlsx	https://pmc.ncbi.nlm.nih.gov/articles/PMC7371703/	Peters U		https://doi.org/10.1038/s41467-020-17386-z	32686686	NCI	2020	CC BY	Other	Primary data table	Colorectal Cancer			https://doi.org/10.1038/s41467-020-17386-z							
dataset	6aefdde1-606e-54f2-a25f-0991feb5227c	PMC Supplementary Material (rescued)	Landscape of somatic single nucleotide variants and indels in colorectal cancer and impact on survival - supplementary data: 41467_2020_17386_MOESM7_ESM.xlsx	"Pathway or gene-set enrichment results (427 rows): which biological processes were over-represented. Description generated automatically from column headers; not yet curated. Source article: ""Landscape of somatic single nucleotide variants and indels in colorectal cancer and impact on survival"" (Nat Commun, 2020). Rescued from PubMed Central supplementary material; no dataset-level record existed."	PMC7371703/41467_2020_17386_MOESM7_ESM.xlsx	https://pmc.ncbi.nlm.nih.gov/articles/PMC7371703/	Peters U		https://doi.org/10.1038/s41467-020-17386-z	32686686	NCI	2020	CC BY	Other	Primary data table	Colorectal Cancer			https://doi.org/10.1038/s41467-020-17386-z							
dataset	35e14bcb-951d-5e6d-8ebc-a8224eeb1cf3	PMC Supplementary Material (rescued)	Genetic Effects on Transcriptome Profiles in Colon Epithelium Provide Functional Insights for Genetic Risk Loci - supplementary data: mmc2.xlsx	"Genomic variants or positions (25,396 rows). Description generated automatically from column headers; not yet curated. Source article: ""Genetic Effects on Transcriptome Profiles in Colon Epithelium Provide Functional Insights for Genetic Risk Loci"" (Cell Mol Gastroenterol Hepatol, 2021). Rescued from PubMed Central supplementary material; no dataset-level record existed."	PMC8102177/mmc2.xlsx	https://pmc.ncbi.nlm.nih.gov/articles/PMC8102177/	Moreno V		https://doi.org/10.1016/j.jcmgh.2021.02.003	33601062	NCI	2021	CC BY	Other	Primary data table	Colorectal Cancer			https://doi.org/10.1016/j.jcmgh.2021.02.003							
dataset	a98764af-a57b-5040-99eb-213f59cd5dce	PMC Supplementary Material (rescued)	Genetic Effects on Transcriptome Profiles in Colon Epithelium Provide Functional Insights for Genetic Risk Loci - supplementary data: mmc1.xlsx	"Numeric measurements underlying figures (90,989 rows by 11 columns). Description generated automatically from column headers; not yet curated. Source article: ""Genetic Effects on Transcriptome Profiles in Colon Epithelium Provide Functional Insights for Genetic Risk Loci"" (Cell Mol Gastroenterol Hepatol, 2021). Rescued from PubMed Central supplementary material; no dataset-level record existed."	PMC8102177/mmc1.xlsx	https://pmc.ncbi.nlm.nih.gov/articles/PMC8102177/	Moreno V		https://doi.org/10.1016/j.jcmgh.2021.02.003	33601062	NCI	2021	CC BY	Other	Primary data table	Colorectal Cancer			https://doi.org/10.1016/j.jcmgh.2021.02.003							
dataset	c414b721-8d07-52b0-b2d2-bfe99745b851	PMC Supplementary Material (rescued)	Single-cell analyses define a continuum of cell state and composition changes in the malignant transformation of polyps to colorectal cancer - supplementary data: 41588_2022_1088_MOESM3_ESM.xlsx	"Data table (83 rows by 22 columns). Description generated automatically from column headers; not yet curated. Source article: ""Single-cell analyses define a continuum of cell state and composition changes in the malignant transformation of polyps to colorectal cancer"" (Nat Genet, 2022). Rescued from PubMed Central supplementary material; no dataset-level record existed."	PMC9279149/41588_2022_1088_MOESM3_ESM.xlsx	https://pmc.ncbi.nlm.nih.gov/articles/PMC9279149/	Greenleaf WJ		https://doi.org/10.1038/s41588-022-01088-x	35726067	NCI	2022	CC BY	Other	Primary data table	Colorectal Cancer			https://doi.org/10.1038/s41588-022-01088-x							
dataset	2e1f25b7-6838-52ee-9789-ce1b917e13e8	PMC Supplementary Material (rescued)	An atlas of inter- and intra-tumor heterogeneity of apoptosis competency in colorectal cancer tissue at single-cell resolution - supplementary data: 41418_2021_895_MOESM11_ESM.csv	"Numeric measurements underlying figures (150 rows by 17 columns). Description generated automatically from column headers; not yet curated. Source article: ""An atlas of inter- and intra-tumor heterogeneity of apoptosis competency in colorectal cancer tissue at single-cell resolution"" (Cell Death Differ, 2022). Rescued from PubMed Central supplementary material; no dataset-level record existed."	PMC8990071/41418_2021_895_MOESM11_ESM.csv	https://pmc.ncbi.nlm.nih.gov/articles/PMC8990071/	Prehn JHM		https://doi.org/10.1038/s41418-021-00895-9	34754079	NCI	2022	CC BY	Other	Primary data table	Colorectal Cancer			https://doi.org/10.1038/s41418-021-00895-9							
dataset	8134458f-faa2-5a7f-a03b-b4a3efcf93c2	PMC Supplementary Material (rescued)	Development of a precision medicine pipeline to identify personalized treatments for colorectal cancer - supplementary data: 12885_2020_7090_MOESM2_ESM.xlsx	"Genomic variants or positions (211 rows). Description generated automatically from column headers; not yet curated. Source article: ""Development of a precision medicine pipeline to identify personalized treatments for colorectal cancer"" (BMC Cancer, 2020). Rescued from PubMed Central supplementary material; no dataset-level record existed."	PMC7313200/12885_2020_7090_MOESM2_ESM.xlsx	https://pmc.ncbi.nlm.nih.gov/articles/PMC7313200/	Hsu DS		https://doi.org/10.1186/s12885-020-07090-y	32580713	NCI	2020	CC BY	Other	Primary data table	Colorectal Cancer			https://doi.org/10.1186/s12885-020-07090-y							
dataset	55899a37-1d1c-5321-a067-3dcc1c288f8e	PMC Supplementary Material (rescued)	Mendelian randomisation study of age at menarche and age at menopause and the risk of colorectal cancer - supplementary data: 41416_2018_108_MOESM3_ESM.xls	"Genomic variants or positions (54 rows). Description generated automatically from column headers; not yet curated. Source article: ""Mendelian randomisation study of age at menarche and age at menopause and the risk of colorectal cancer"" (Br J Cancer, 2018). Rescued from PubMed Central supplementary material; no dataset-level record existed."	PMC6008474/41416_2018_108_MOESM3_ESM.xls	https://pmc.ncbi.nlm.nih.gov/articles/PMC6008474/	Chang-Claude J		https://doi.org/10.1038/s41416-018-0108-8	29795306	NCI	2018	CC BY	Other	Primary data table	Colorectal Cancer			https://doi.org/10.1038/s41416-018-0108-8							
dataset	ec2c0490-1a92-58e4-8937-71f240f218a5	PMC Supplementary Material (rescued)	Mendelian randomisation study of age at menarche and age at menopause and the risk of colorectal cancer - supplementary data: 41416_2018_108_MOESM2_ESM.xls	"Genomic variants or positions (361 rows). Description generated automatically from column headers; not yet curated. Source article: ""Mendelian randomisation study of age at menarche and age at menopause and the risk of colorectal cancer"" (Br J Cancer, 2018). Rescued from PubMed Central supplementary material; no dataset-level record existed."	PMC6008474/41416_2018_108_MOESM2_ESM.xls	https://pmc.ncbi.nlm.nih.gov/articles/PMC6008474/	Chang-Claude J		https://doi.org/10.1038/s41416-018-0108-8	29795306	NCI	2018	CC BY	Other	Primary data table	Colorectal Cancer			https://doi.org/10.1038/s41416-018-0108-8							
dataset	3c19a0a7-9a1a-5057-a6c5-8d286d5c1957	PMC Supplementary Material (rescued)	Mendelian randomisation study of age at menarche and age at menopause and the risk of colorectal cancer - supplementary data: 41416_2018_108_MOESM1_ESM.docx	"Genomic variants or positions (359 rows). Description generated automatically from column headers; not yet curated. Source article: ""Mendelian randomisation study of age at menarche and age at menopause and the risk of colorectal cancer"" (Br J Cancer, 2018). Rescued from PubMed Central supplementary material; no dataset-level record existed."	PMC6008474/41416_2018_108_MOESM1_ESM.docx	https://pmc.ncbi.nlm.nih.gov/articles/PMC6008474/	Chang-Claude J		https://doi.org/10.1038/s41416-018-0108-8	29795306	NCI	2018	CC BY	Other	Primary data table	Colorectal Cancer			https://doi.org/10.1038/s41416-018-0108-8							
dataset	cb1f4b61-54ac-5183-8146-3233323d7dbb	PMC Supplementary Material (rescued)	miR-302a Inhibits Metastasis and Cetuximab Resistance in Colorectal Cancer by Targeting NFIB and CD44 - supplementary data: thnov09p8409s2.xlsx	"Data table (92 rows by 25 columns). Description generated automatically from column headers; not yet curated. Source article: ""miR-302a Inhibits Metastasis and Cetuximab Resistance in Colorectal Cancer by Targeting NFIB and CD44"" (Theranostics, 2019). Rescued from PubMed Central supplementary material; no dataset-level record existed."	PMC6857048/thnov09p8409s2.xlsx	https://pmc.ncbi.nlm.nih.gov/articles/PMC6857048/	Wang X		https://doi.org/10.7150/thno.36605	31754405	NCI	2019	CC BY	Other	Primary data table	Colorectal Cancer			https://doi.org/10.7150/thno.36605							
dataset	7d95c460-b686-5172-9147-1bc870c25e4d	PMC Supplementary Material (rescued)	miR-302a Inhibits Metastasis and Cetuximab Resistance in Colorectal Cancer by Targeting NFIB and CD44 - supplementary data: thnov09p8409s3.xlsx	"Data table (193 rows by 9 columns). Description generated automatically from column headers; not yet curated. Source article: ""miR-302a Inhibits Metastasis and Cetuximab Resistance in Colorectal Cancer by Targeting NFIB and CD44"" (Theranostics, 2019). Rescued from PubMed Central supplementary material; no dataset-level record existed."	PMC6857048/thnov09p8409s3.xlsx	https://pmc.ncbi.nlm.nih.gov/articles/PMC6857048/	Wang X		https://doi.org/10.7150/thno.36605	31754405	NCI	2019	CC BY	Other	Primary data table	Colorectal Cancer			https://doi.org/10.7150/thno.36605							
dataset	856eb557-9df8-5e68-bf8b-f57ded22fee3	PMC Supplementary Material (rescued)	Molecular and phenotypic profiling of colorectal cancer patients in West Africa reveals biological insights - supplementary data: 41467_2021_27106_MOESM3_ESM.xlsx	"Numeric measurements underlying figures (606 rows by 11 columns). Description generated automatically from column headers; not yet curated. Source article: ""Molecular and phenotypic profiling of colorectal cancer patients in West Africa reveals biological insights"" (Nat Commun, 2021). Rescued from PubMed Central supplementary material; no dataset-level record existed."	PMC8613248/41467_2021_27106_MOESM3_ESM.xlsx	https://pmc.ncbi.nlm.nih.gov/articles/PMC8613248/	Kingham TP		https://doi.org/10.1038/s41467-021-27106-w	34819518	NCI	2021	CC BY	Other	Primary data table	Colorectal Cancer			https://doi.org/10.1038/s41467-021-27106-w							
dataset	4cf59473-a5ef-5dab-aebd-31367d06b243	PMC Supplementary Material (rescued)	Microbial risk score for capturing microbial characteristics, integrating multi-omics data, and predicting disease risk - supplementary data: 40168_2022_1310_MOESM2_ESM.xlsx	"Data table (156 rows by 20 columns). Description generated automatically from column headers; not yet curated. Source article: ""Microbial risk score for capturing microbial characteristics, integrating multi-omics data, and predicting disease risk"" (Microbiome, 2022). Rescued from PubMed Central supplementary material; no dataset-level record existed."	PMC9354433/40168_2022_1310_MOESM2_ESM.xlsx	https://pmc.ncbi.nlm.nih.gov/articles/PMC9354433/	Li H		https://doi.org/10.1186/s40168-022-01310-2	35932029	NCI	2022	CC BY	Other	Primary data table	Colorectal Cancer			https://doi.org/10.1186/s40168-022-01310-2							
dataset	727c3f5b-bb95-5a31-82ab-37ab5382ce82	PMC Supplementary Material (rescued)	Expression of Wnt-signaling pathway genes and their associations with miRNAs in colorectal cancer - supplementary data: oncotarget-09-6075-s004.docx	"Pathway or gene-set enrichment results (140 rows): which biological processes were over-represented. Description generated automatically from column headers; not yet curated. Source article: ""Expression of Wnt-signaling pathway genes and their associations with miRNAs in colorectal cancer"" (Oncotarget, 2018). Rescued from PubMed Central supplementary material; no dataset-level record existed."	PMC5814196/oncotarget-09-6075-s004.docx	https://pmc.ncbi.nlm.nih.gov/articles/PMC5814196/	Herrick JS		https://doi.org/10.18632/oncotarget.23636	29464056	NCI	2018	CC BY	Other	Derived analysis results	Colorectal Cancer			https://doi.org/10.18632/oncotarget.23636							
dataset	ce802b4e-edc5-58bd-bdad-37e880ce4f6e	PMC Supplementary Material (rescued)	Expression of Wnt-signaling pathway genes and their associations with miRNAs in colorectal cancer - supplementary data: oncotarget-09-6075-s002.docx	"Pathway or gene-set enrichment results (140 rows): which biological processes were over-represented. Description generated automatically from column headers; not yet curated. Source article: ""Expression of Wnt-signaling pathway genes and their associations with miRNAs in colorectal cancer"" (Oncotarget, 2018). Rescued from PubMed Central supplementary material; no dataset-level record existed."	PMC5814196/oncotarget-09-6075-s002.docx	https://pmc.ncbi.nlm.nih.gov/articles/PMC5814196/	Herrick JS		https://doi.org/10.18632/oncotarget.23636	29464056	NCI	2018	CC BY	Other	Derived analysis results	Colorectal Cancer			https://doi.org/10.18632/oncotarget.23636							
dataset	a000b379-db56-5460-bec4-be2afc796b19	PMC Supplementary Material (rescued)	Antibody responses to flagellin C and Streptococcus gallolyticus pilus proteins in colorectal cancer - supplementary data: 41598_2019_47347_MOESM2_ESM.xls	"Proteomics or mass-spectrometry measurements (95 rows). Description generated automatically from column headers; not yet curated. Source article: ""Antibody responses to flagellin C and Streptococcus gallolyticus pilus proteins in colorectal cancer"" (Sci Rep, 2019). Rescued from PubMed Central supplementary material; no dataset-level record existed."	PMC6659640/41598_2019_47347_MOESM2_ESM.xls	https://pmc.ncbi.nlm.nih.gov/articles/PMC6659640/	Aragonés N		https://doi.org/10.1038/s41598-019-47347-6	31350458	NCI	2019	CC BY	Other	Primary data table	Colorectal Cancer			https://doi.org/10.1038/s41598-019-47347-6							
dataset	4e409398-545e-5898-a896-32c51ee445d6	PMC Supplementary Material (rescued)	Phenotypic plasticity and genetic control in colorectal cancer evolution - supplementary data: 41586_2022_5311_MOESM15_ESM.xlsx	"Pathway or gene-set enrichment results (52 rows): which biological processes were over-represented. Description generated automatically from column headers; not yet curated. Source article: ""Phenotypic plasticity and genetic control in colorectal cancer evolution"" (Nature, 2022). Rescued from PubMed Central supplementary material; no dataset-level record existed."	PMC9684078/41586_2022_5311_MOESM15_ESM.xlsx	https://pmc.ncbi.nlm.nih.gov/articles/PMC9684078/	Graham TA		https://doi.org/10.1038/s41586-022-05311-x	36289336	NCI	2022	CC BY	Other	Derived analysis results	Colorectal Cancer			https://doi.org/10.1038/s41586-022-05311-x							
dataset	20858a84-e357-5383-90dd-3f5c475f0e29	PMC Supplementary Material (rescued)	Phenotypic plasticity and genetic control in colorectal cancer evolution - supplementary data: 41586_2022_5311_MOESM16_ESM.xlsx	"Gene-level table (8,371 genes) with 32 measurement columns. Description generated automatically from column headers; not yet curated. Source article: ""Phenotypic plasticity and genetic control in colorectal cancer evolution"" (Nature, 2022). Rescued from PubMed Central supplementary material; no dataset-level record existed."	PMC9684078/41586_2022_5311_MOESM16_ESM.xlsx	https://pmc.ncbi.nlm.nih.gov/articles/PMC9684078/	Graham TA		https://doi.org/10.1038/s41586-022-05311-x	36289336	NCI	2022	CC BY	Other	Primary data table	Colorectal Cancer			https://doi.org/10.1038/s41586-022-05311-x							
dataset	0e72ad07-6cfc-56f0-b25a-615a9065bb87	PMC Supplementary Material (rescued)	Phenotypic plasticity and genetic control in colorectal cancer evolution - supplementary data: 41586_2022_5311_MOESM11_ESM.xlsx	"Numeric measurements underlying figures (10,001 rows by 1 columns). Description generated automatically from column headers; not yet curated. Source article: ""Phenotypic plasticity and genetic control in colorectal cancer evolution"" (Nature, 2022). Rescued from PubMed Central supplementary material; no dataset-level record existed."	PMC9684078/41586_2022_5311_MOESM11_ESM.xlsx	https://pmc.ncbi.nlm.nih.gov/articles/PMC9684078/	Graham TA		https://doi.org/10.1038/s41586-022-05311-x	36289336	NCI	2022	CC BY	Other	Primary data table	Colorectal Cancer			https://doi.org/10.1038/s41586-022-05311-x							
dataset	4e28a781-0138-5bbf-bee2-8ad5ef46f4e0	PMC Supplementary Material (rescued)	Phenotypic plasticity and genetic control in colorectal cancer evolution - supplementary data: 41586_2022_5311_MOESM12_ESM.xlsx	"Pathway or gene-set enrichment results (50 rows): which biological processes were over-represented. Description generated automatically from column headers; not yet curated. Source article: ""Phenotypic plasticity and genetic control in colorectal cancer evolution"" (Nature, 2022). Rescued from PubMed Central supplementary material; no dataset-level record existed."	PMC9684078/41586_2022_5311_MOESM12_ESM.xlsx	https://pmc.ncbi.nlm.nih.gov/articles/PMC9684078/	Graham TA		https://doi.org/10.1038/s41586-022-05311-x	36289336	NCI	2022	CC BY	Other	Derived analysis results	Colorectal Cancer			https://doi.org/10.1038/s41586-022-05311-x							
dataset	9298e7fb-67ae-5cdc-9a6d-e21a5d6e314c	PMC Supplementary Material (rescued)	Phenotypic plasticity and genetic control in colorectal cancer evolution - supplementary data: 41586_2022_5311_MOESM14_ESM.xlsx	"Gene-level table (2,339 genes) with 37 measurement columns. Description generated automatically from column headers; not yet curated. Source article: ""Phenotypic plasticity and genetic control in colorectal cancer evolution"" (Nature, 2022). Rescued from PubMed Central supplementary material; no dataset-level record existed."	PMC9684078/41586_2022_5311_MOESM14_ESM.xlsx	https://pmc.ncbi.nlm.nih.gov/articles/PMC9684078/	Graham TA		https://doi.org/10.1038/s41586-022-05311-x	36289336	NCI	2022	CC BY	Other	Primary data table	Colorectal Cancer			https://doi.org/10.1038/s41586-022-05311-x							
dataset	57cc9f3b-8392-54cb-9748-dae8bfd74d6e	PMC Supplementary Material (rescued)	Phenotypic plasticity and genetic control in colorectal cancer evolution - supplementary data: 41586_2022_5311_MOESM17_ESM.xlsx	"Genomic variants or positions (68 rows). Description generated automatically from column headers; not yet curated. Source article: ""Phenotypic plasticity and genetic control in colorectal cancer evolution"" (Nature, 2022). Rescued from PubMed Central supplementary material; no dataset-level record existed."	PMC9684078/41586_2022_5311_MOESM17_ESM.xlsx	https://pmc.ncbi.nlm.nih.gov/articles/PMC9684078/	Graham TA		https://doi.org/10.1038/s41586-022-05311-x	36289336	NCI	2022	CC BY	Other	Primary data table	Colorectal Cancer			https://doi.org/10.1038/s41586-022-05311-x							
dataset	bfa66502-2802-58f9-a355-9ed1ec3eccd7	PMC Supplementary Material (rescued)	Phenotypic plasticity and genetic control in colorectal cancer evolution - supplementary data: 41586_2022_5311_MOESM8_ESM.xlsx	"Gene-level table (1,504 genes) with 1433 measurement columns. Description generated automatically from column headers; not yet curated. Source article: ""Phenotypic plasticity and genetic control in colorectal cancer evolution"" (Nature, 2022). Rescued from PubMed Central supplementary material; no dataset-level record existed."	PMC9684078/41586_2022_5311_MOESM8_ESM.xlsx	https://pmc.ncbi.nlm.nih.gov/articles/PMC9684078/	Graham TA		https://doi.org/10.1038/s41586-022-05311-x	36289336	NCI	2022	CC BY	Other	Primary data table	Colorectal Cancer			https://doi.org/10.1038/s41586-022-05311-x							
dataset	48845a5a-656b-5d84-a20e-c59eed90c15f	PMC Supplementary Material (rescued)	Phenotypic plasticity and genetic control in colorectal cancer evolution - supplementary data: 41586_2022_5311_MOESM10_ESM.xlsx	"Genomic variants or positions (3,313 rows). Description generated automatically from column headers; not yet curated. Source article: ""Phenotypic plasticity and genetic control in colorectal cancer evolution"" (Nature, 2022). Rescued from PubMed Central supplementary material; no dataset-level record existed."	PMC9684078/41586_2022_5311_MOESM10_ESM.xlsx	https://pmc.ncbi.nlm.nih.gov/articles/PMC9684078/	Graham TA		https://doi.org/10.1038/s41586-022-05311-x	36289336	NCI	2022	CC BY	Other	Primary data table	Colorectal Cancer			https://doi.org/10.1038/s41586-022-05311-x							
dataset	14f6c210-b128-5f78-a451-6bff2e3657bd	PMC Supplementary Material (rescued)	Phenotypic plasticity and genetic control in colorectal cancer evolution - supplementary data: 41586_2022_5311_MOESM7_ESM.xlsx	"Genomic variants or positions (91 rows). Description generated automatically from column headers; not yet curated. Source article: ""Phenotypic plasticity and genetic control in colorectal cancer evolution"" (Nature, 2022). Rescued from PubMed Central supplementary material; no dataset-level record existed."	PMC9684078/41586_2022_5311_MOESM7_ESM.xlsx	https://pmc.ncbi.nlm.nih.gov/articles/PMC9684078/	Graham TA		https://doi.org/10.1038/s41586-022-05311-x	36289336	NCI	2022	CC BY	Other	Primary data table	Colorectal Cancer			https://doi.org/10.1038/s41586-022-05311-x							
dataset	1a9f44d5-9209-5cda-a697-c0682a9b8809	PMC Supplementary Material (rescued)	Phenotypic plasticity and genetic control in colorectal cancer evolution - supplementary data: 41586_2022_5311_MOESM9_ESM.xlsx	"Differential expression results (10,045 genes or features): fold changes and significance between conditions. Description generated automatically from column headers; not yet curated. Source article: ""Phenotypic plasticity and genetic control in colorectal cancer evolution"" (Nature, 2022). Rescued from PubMed Central supplementary material; no dataset-level record existed."	PMC9684078/41586_2022_5311_MOESM9_ESM.xlsx	https://pmc.ncbi.nlm.nih.gov/articles/PMC9684078/	Graham TA		https://doi.org/10.1038/s41586-022-05311-x	36289336	NCI	2022	CC BY	Other	Derived analysis results	Colorectal Cancer			https://doi.org/10.1038/s41586-022-05311-x							
dataset	234a3083-d08c-5061-ae45-c3d73f054762	PMC Supplementary Material (rescued)	ETHE1 overexpression promotes SIRT1 and PGC1α mediated aerobic glycolysis, oxidative phosphorylation, mitochondrial biogenesis and colorectal cancer - supplementary data: oncotarget-10-4004-s002.xlsx	"Proteomics or mass-spectrometry measurements (367 rows). Description generated automatically from column headers; not yet curated. Source article: ""ETHE1 overexpression promotes SIRT1 and PGC1α mediated aerobic glycolysis, oxidative phosphorylation, mitochondrial biogenesis and colorectal cancer"" (Oncotarget, 2019). Rescued from PubMed Central supplementary material; no dataset-level record existed."	PMC6592291/oncotarget-10-4004-s002.xlsx	https://pmc.ncbi.nlm.nih.gov/articles/PMC6592291/	Lipkin S		https://doi.org/10.18632/oncotarget.26958	31258845	NCI	2019	CC BY	Other	Primary data table	Colorectal Cancer			https://doi.org/10.18632/oncotarget.26958							
dataset	82de32ad-95c7-5e6b-9a3a-891c0848ae1f	PMC Supplementary Material (rescued)	Precision medicine-based therapies in advanced colorectal cancer: The University of California San Diego Molecular Tumor Board experience - supplementary data: MOL2-16-2575-s002.xlsx	"Gene-level table (50 genes) with 3 measurement columns. Description generated automatically from column headers; not yet curated. Source article: ""Precision medicine-based therapies in advanced colorectal cancer: The University of California San Diego Molecular Tumor Board experience"" (Mol Oncol, 2022). Rescued from PubMed Central supplementary material; no dataset-level record existed."	PMC9251876/MOL2-16-2575-s002.xlsx	https://pmc.ncbi.nlm.nih.gov/articles/PMC9251876/	Kurzrock R		https://doi.org/10.1002/1878-0261.13202	35238467	NCI	2022	CC BY	Other	Primary data table	Colorectal Cancer			https://doi.org/10.1002/1878-0261.13202							
dataset	8a3636f3-a715-5c3c-a222-75d333a79f32	PMC Supplementary Material (rescued)	Oncogenic KRAS activates an embryonic stem cell-like program in human colon cancer initiation - supplementary data: oncotarget-07-2159-s002.xlsx	"Gene-level table (383 genes) with 4 measurement columns. Description generated automatically from column headers; not yet curated. Source article: ""Oncogenic KRAS activates an embryonic stem cell-like program in human colon cancer initiation"" (Oncotarget, 2016). Rescued from PubMed Central supplementary material; no dataset-level record existed."	PMC4823026/oncotarget-07-2159-s002.xlsx	https://pmc.ncbi.nlm.nih.gov/articles/PMC4823026/	Chiu VK		https://doi.org/10.18632/oncotarget.6818	26744320	NCI	2016	CC BY	Other	Primary data table	Colorectal Cancer			https://doi.org/10.18632/oncotarget.6818							
dataset	ac7bba2d-9ac3-5426-acfd-94ae27ff9993	PMC Supplementary Material (rescued)	Mismatch repair-signature mutations activate gene enhancers across human colorectal cancer epigenomes - supplementary data: elife-40760-fig6-data1.xlsx	"Genomic variants or positions (6,071 rows). Description generated automatically from column headers; not yet curated. Source article: ""Mismatch repair-signature mutations activate gene enhancers across human colorectal cancer epigenomes"" (Elife, 2019). Rescued from PubMed Central supplementary material; no dataset-level record existed."	PMC6374075/elife-40760-fig6-data1.xlsx	https://pmc.ncbi.nlm.nih.gov/articles/PMC6374075/	Scacheri PC		https://doi.org/10.7554/elife.40760	30759065	NCI	2019	CC BY	Other	Primary data table	Colorectal Cancer			https://doi.org/10.7554/elife.40760							
dataset	76d7e463-247e-5302-a36d-b59ca3dffe09	PMC Supplementary Material (rescued)	Mismatch repair-signature mutations activate gene enhancers across human colorectal cancer epigenomes - supplementary data: elife-40760-fig1-data1.xlsx	"Genomic variants or positions (3,773 rows); analysis results rather than raw measurements. Description generated automatically from column headers; not yet curated. Source article: ""Mismatch repair-signature mutations activate gene enhancers across human colorectal cancer epigenomes"" (Elife, 2019). Rescued from PubMed Central supplementary material; no dataset-level record existed."	PMC6374075/elife-40760-fig1-data1.xlsx	https://pmc.ncbi.nlm.nih.gov/articles/PMC6374075/	Scacheri PC		https://doi.org/10.7554/elife.40760	30759065	NCI	2019	CC BY	Other	Derived analysis results	Colorectal Cancer			https://doi.org/10.7554/elife.40760							
dataset	b8357253-68bb-5ba9-b1fa-2f86b6f85cb1	PMC Supplementary Material (rescued)	Mismatch repair-signature mutations activate gene enhancers across human colorectal cancer epigenomes - supplementary data: elife-40760-fig4-data1.xlsx	"Genomic variants or positions (354 rows). Description generated automatically from column headers; not yet curated. Source article: ""Mismatch repair-signature mutations activate gene enhancers across human colorectal cancer epigenomes"" (Elife, 2019). Rescued from PubMed Central supplementary material; no dataset-level record existed."	PMC6374075/elife-40760-fig4-data1.xlsx	https://pmc.ncbi.nlm.nih.gov/articles/PMC6374075/	Scacheri PC		https://doi.org/10.7554/elife.40760	30759065	NCI	2019	CC BY	Other	Primary data table	Colorectal Cancer			https://doi.org/10.7554/elife.40760							
dataset	bf073c60-142a-51be-8277-ab81c6b5dde2	PMC Supplementary Material (rescued)	Mismatch repair-signature mutations activate gene enhancers across human colorectal cancer epigenomes - supplementary data: elife-40760-fig3-data1.xlsx	"Differential expression results (6,643 genes or features): fold changes and significance between conditions. Description generated automatically from column headers; not yet curated. Source article: ""Mismatch repair-signature mutations activate gene enhancers across human colorectal cancer epigenomes"" (Elife, 2019). Rescued from PubMed Central supplementary material; no dataset-level record existed."	PMC6374075/elife-40760-fig3-data1.xlsx	https://pmc.ncbi.nlm.nih.gov/articles/PMC6374075/	Scacheri PC		https://doi.org/10.7554/elife.40760	30759065	NCI	2019	CC BY	Other	Derived analysis results	Colorectal Cancer			https://doi.org/10.7554/elife.40760							
dataset	9d526b7c-6182-57f0-8bd0-26246e2c01b0	PMC Supplementary Material (rescued)	Mismatch repair-signature mutations activate gene enhancers across human colorectal cancer epigenomes - supplementary data: elife-40760-fig2-data1.xlsx	"Genomic variants or positions (6,089 rows). Description generated automatically from column headers; not yet curated. Source article: ""Mismatch repair-signature mutations activate gene enhancers across human colorectal cancer epigenomes"" (Elife, 2019). Rescued from PubMed Central supplementary material; no dataset-level record existed."	PMC6374075/elife-40760-fig2-data1.xlsx	https://pmc.ncbi.nlm.nih.gov/articles/PMC6374075/	Scacheri PC		https://doi.org/10.7554/elife.40760	30759065	NCI	2019	CC BY	Other	Primary data table	Colorectal Cancer			https://doi.org/10.7554/elife.40760							
dataset	5e895f86-87a5-5499-bff2-8dd41fcf39f9	PMC Supplementary Material (rescued)	Mismatch repair-signature mutations activate gene enhancers across human colorectal cancer epigenomes - supplementary data: elife-40760-fig5-data1.xlsx	"Genomic variants or positions (2,793 rows). Description generated automatically from column headers; not yet curated. Source article: ""Mismatch repair-signature mutations activate gene enhancers across human colorectal cancer epigenomes"" (Elife, 2019). Rescued from PubMed Central supplementary material; no dataset-level record existed."	PMC6374075/elife-40760-fig5-data1.xlsx	https://pmc.ncbi.nlm.nih.gov/articles/PMC6374075/	Scacheri PC		https://doi.org/10.7554/elife.40760	30759065	NCI	2019	CC BY	Other	Primary data table	Colorectal Cancer			https://doi.org/10.7554/elife.40760							
dataset	52625452-cc58-5409-bcf3-c197068d42c0	PMC Supplementary Material (rescued)	Mismatch repair-signature mutations activate gene enhancers across human colorectal cancer epigenomes - supplementary data: elife-40760-fig3-data2.xlsx	"Numeric measurements underlying figures (72,929 rows by 11 columns). Description generated automatically from column headers; not yet curated. Source article: ""Mismatch repair-signature mutations activate gene enhancers across human colorectal cancer epigenomes"" (Elife, 2019). Rescued from PubMed Central supplementary material; no dataset-level record existed."	PMC6374075/elife-40760-fig3-data2.xlsx	https://pmc.ncbi.nlm.nih.gov/articles/PMC6374075/	Scacheri PC		https://doi.org/10.7554/elife.40760	30759065	NCI	2019	CC BY	Other	Primary data table	Colorectal Cancer			https://doi.org/10.7554/elife.40760							
dataset	616ca26b-1040-50b4-affe-ef7128566ab1	PMC Supplementary Material (rescued)	Mismatch repair-signature mutations activate gene enhancers across human colorectal cancer epigenomes - supplementary data: elife-40760-fig2-data2.xlsx	"Genomic variants or positions (72,929 rows). Description generated automatically from column headers; not yet curated. Source article: ""Mismatch repair-signature mutations activate gene enhancers across human colorectal cancer epigenomes"" (Elife, 2019). Rescued from PubMed Central supplementary material; no dataset-level record existed."	PMC6374075/elife-40760-fig2-data2.xlsx	https://pmc.ncbi.nlm.nih.gov/articles/PMC6374075/	Scacheri PC		https://doi.org/10.7554/elife.40760	30759065	NCI	2019	CC BY	Other	Primary data table	Colorectal Cancer			https://doi.org/10.7554/elife.40760							
dataset	acf9a328-0886-5df1-8fa2-ac673388a49b	PMC Supplementary Material (rescued)	A genetic network that suppresses genome rearrangements in Saccharomyces cerevisiae and contains defects in cancers - supplementary data: ncomms11256-s2.xlsx	"Gene-level table (1,060 genes) with 1024 measurement columns. Description generated automatically from column headers; not yet curated. Source article: ""A genetic network that suppresses genome rearrangements in Saccharomyces cerevisiae and contains defects in cancers"" (Nat Commun, 2016). Rescued from PubMed Central supplementary material; no dataset-level record existed."	PMC4833866/ncomms11256-s2.xlsx	https://pmc.ncbi.nlm.nih.gov/articles/PMC4833866/	Kolodner RD		https://doi.org/10.1038/ncomms11256	27071721	NCI	2016	CC BY	Other	Primary data table	Colorectal Cancer			https://doi.org/10.1038/ncomms11256							
dataset	1f6bf47a-ef4b-5db1-b1eb-dea4198afcae	PMC Supplementary Material (rescued)	A genetic network that suppresses genome rearrangements in Saccharomyces cerevisiae and contains defects in cancers - supplementary data: ncomms11256-s6.xlsx	"Gene-level table (3,628 genes) with 8 measurement columns. Description generated automatically from column headers; not yet curated. Source article: ""A genetic network that suppresses genome rearrangements in Saccharomyces cerevisiae and contains defects in cancers"" (Nat Commun, 2016). Rescued from PubMed Central supplementary material; no dataset-level record existed."	PMC4833866/ncomms11256-s6.xlsx	https://pmc.ncbi.nlm.nih.gov/articles/PMC4833866/	Kolodner RD		https://doi.org/10.1038/ncomms11256	27071721	NCI	2016	CC BY	Other	Primary data table	Colorectal Cancer			https://doi.org/10.1038/ncomms11256							
dataset	634cfc9a-0d55-5d22-beac-7ff02cf09dba	PMC Supplementary Material (rescued)	A genetic network that suppresses genome rearrangements in Saccharomyces cerevisiae and contains defects in cancers - supplementary data: ncomms11256-s7.xlsx	"Genomic variants or positions (1,182 rows). Description generated automatically from column headers; not yet curated. Source article: ""A genetic network that suppresses genome rearrangements in Saccharomyces cerevisiae and contains defects in cancers"" (Nat Commun, 2016). Rescued from PubMed Central supplementary material; no dataset-level record existed."	PMC4833866/ncomms11256-s7.xlsx	https://pmc.ncbi.nlm.nih.gov/articles/PMC4833866/	Kolodner RD		https://doi.org/10.1038/ncomms11256	27071721	NCI	2016	CC BY	Other	Primary data table	Colorectal Cancer			https://doi.org/10.1038/ncomms11256							
dataset	c9302889-93eb-5afb-8531-657f286a7991	PMC Supplementary Material (rescued)	A genetic network that suppresses genome rearrangements in Saccharomyces cerevisiae and contains defects in cancers - supplementary data: ncomms11256-s8.xlsx	"Genomic variants or positions (2,405 rows). Description generated automatically from column headers; not yet curated. Source article: ""A genetic network that suppresses genome rearrangements in Saccharomyces cerevisiae and contains defects in cancers"" (Nat Commun, 2016). Rescued from PubMed Central supplementary material; no dataset-level record existed."	PMC4833866/ncomms11256-s8.xlsx	https://pmc.ncbi.nlm.nih.gov/articles/PMC4833866/	Kolodner RD		https://doi.org/10.1038/ncomms11256	27071721	NCI	2016	CC BY	Other	Primary data table	Colorectal Cancer			https://doi.org/10.1038/ncomms11256							
dataset	9c14f177-bd5c-52c0-8a49-44fa43c8a068	PMC Supplementary Material (rescued)	A genetic network that suppresses genome rearrangements in Saccharomyces cerevisiae and contains defects in cancers - supplementary data: ncomms11256-s10.xlsx	"Genomic variants or positions (2,681 rows). Description generated automatically from column headers; not yet curated. Source article: ""A genetic network that suppresses genome rearrangements in Saccharomyces cerevisiae and contains defects in cancers"" (Nat Commun, 2016). Rescued from PubMed Central supplementary material; no dataset-level record existed."	PMC4833866/ncomms11256-s10.xlsx	https://pmc.ncbi.nlm.nih.gov/articles/PMC4833866/	Kolodner RD		https://doi.org/10.1038/ncomms11256	27071721	NCI	2016	CC BY	Other	Primary data table	Colorectal Cancer			https://doi.org/10.1038/ncomms11256							
dataset	5dade92c-9ba9-531e-92db-e8625b34a9d9	PMC Supplementary Material (rescued)	A genetic network that suppresses genome rearrangements in Saccharomyces cerevisiae and contains defects in cancers - supplementary data: ncomms11256-s3.xlsx	"Data table (1,155 rows by 4 columns). Description generated automatically from column headers; not yet curated. Source article: ""A genetic network that suppresses genome rearrangements in Saccharomyces cerevisiae and contains defects in cancers"" (Nat Commun, 2016). Rescued from PubMed Central supplementary material; no dataset-level record existed."	PMC4833866/ncomms11256-s3.xlsx	https://pmc.ncbi.nlm.nih.gov/articles/PMC4833866/	Kolodner RD		https://doi.org/10.1038/ncomms11256	27071721	NCI	2016	CC BY	Other	Primary data table	Colorectal Cancer			https://doi.org/10.1038/ncomms11256							
dataset	d969883c-7e54-5186-8910-dd43a172704d	PMC Supplementary Material (rescued)	A genetic network that suppresses genome rearrangements in Saccharomyces cerevisiae and contains defects in cancers - supplementary data: ncomms11256-s4.xlsx	"Genomic variants or positions (360 rows). Description generated automatically from column headers; not yet curated. Source article: ""A genetic network that suppresses genome rearrangements in Saccharomyces cerevisiae and contains defects in cancers"" (Nat Commun, 2016). Rescued from PubMed Central supplementary material; no dataset-level record existed."	PMC4833866/ncomms11256-s4.xlsx	https://pmc.ncbi.nlm.nih.gov/articles/PMC4833866/	Kolodner RD		https://doi.org/10.1038/ncomms11256	27071721	NCI	2016	CC BY	Other	Primary data table	Colorectal Cancer			https://doi.org/10.1038/ncomms11256							
dataset	15563941-1d6c-5814-8b36-370dde39f635	PMC Supplementary Material (rescued)	A genetic network that suppresses genome rearrangements in Saccharomyces cerevisiae and contains defects in cancers - supplementary data: ncomms11256-s9.xlsx	"Genomic variants or positions (3,288 rows). Description generated automatically from column headers; not yet curated. Source article: ""A genetic network that suppresses genome rearrangements in Saccharomyces cerevisiae and contains defects in cancers"" (Nat Commun, 2016). Rescued from PubMed Central supplementary material; no dataset-level record existed."	PMC4833866/ncomms11256-s9.xlsx	https://pmc.ncbi.nlm.nih.gov/articles/PMC4833866/	Kolodner RD		https://doi.org/10.1038/ncomms11256	27071721	NCI	2016	CC BY	Other	Primary data table	Colorectal Cancer			https://doi.org/10.1038/ncomms11256							
dataset	09e65e03-1641-557f-9696-8d7ce71d43d7	PMC Supplementary Material (rescued)	A genetic network that suppresses genome rearrangements in Saccharomyces cerevisiae and contains defects in cancers - supplementary data: ncomms11256-s5.xlsx	"Gene-level table (14,540 genes) with 8 measurement columns. Description generated automatically from column headers; not yet curated. Source article: ""A genetic network that suppresses genome rearrangements in Saccharomyces cerevisiae and contains defects in cancers"" (Nat Commun, 2016). Rescued from PubMed Central supplementary material; no dataset-level record existed."	PMC4833866/ncomms11256-s5.xlsx	https://pmc.ncbi.nlm.nih.gov/articles/PMC4833866/	Kolodner RD		https://doi.org/10.1038/ncomms11256	27071721	NCI	2016	CC BY	Other	Primary data table	Colorectal Cancer			https://doi.org/10.1038/ncomms11256							
dataset	c6b2d2f0-7880-5ad2-88ab-dcf74b6cc9d5	PMC Supplementary Material (rescued)	Quantitative proteomic analysis of the lysine acetylome reveals diverse SIRT2 substrates - supplementary data: 41598_2022_6793_MOESM2_ESM.xlsx	"Proteomics or mass-spectrometry measurements (2,850 rows). Description generated automatically from column headers; not yet curated. Source article: ""Quantitative proteomic analysis of the lysine acetylome reveals diverse SIRT2 substrates"" (Sci Rep, 2022). Rescued from PubMed Central supplementary material; no dataset-level record existed."	PMC8907344/41598_2022_6793_MOESM2_ESM.xlsx	https://pmc.ncbi.nlm.nih.gov/articles/PMC8907344/	Yu DS		https://doi.org/10.1038/s41598-022-06793-5	35264593	NCI	2022	CC BY	Other	Primary data table	Colorectal Cancer			https://doi.org/10.1038/s41598-022-06793-5							
dataset	955698be-9bad-5897-a4fc-d1e16d85ae3c	PMC Supplementary Material (rescued)	Quantitative proteomic analysis of the lysine acetylome reveals diverse SIRT2 substrates - supplementary data: 41598_2022_6793_MOESM5_ESM.xlsx	"Data table (184 rows by 8 columns). Description generated automatically from column headers; not yet curated. Source article: ""Quantitative proteomic analysis of the lysine acetylome reveals diverse SIRT2 substrates"" (Sci Rep, 2022). Rescued from PubMed Central supplementary material; no dataset-level record existed."	PMC8907344/41598_2022_6793_MOESM5_ESM.xlsx	https://pmc.ncbi.nlm.nih.gov/articles/PMC8907344/	Yu DS		https://doi.org/10.1038/s41598-022-06793-5	35264593	NCI	2022	CC BY	Other	Primary data table	Colorectal Cancer			https://doi.org/10.1038/s41598-022-06793-5							
dataset	f0f68075-34cc-5a58-a91c-f8226e61a767	PMC Supplementary Material (rescued)	Quantitative proteomic analysis of the lysine acetylome reveals diverse SIRT2 substrates - supplementary data: 41598_2022_6793_MOESM3_ESM.xlsx	"Differential expression results (138 genes or features): fold changes and significance between conditions. Description generated automatically from column headers; not yet curated. Source article: ""Quantitative proteomic analysis of the lysine acetylome reveals diverse SIRT2 substrates"" (Sci Rep, 2022). Rescued from PubMed Central supplementary material; no dataset-level record existed."	PMC8907344/41598_2022_6793_MOESM3_ESM.xlsx	https://pmc.ncbi.nlm.nih.gov/articles/PMC8907344/	Yu DS		https://doi.org/10.1038/s41598-022-06793-5	35264593	NCI	2022	CC BY	Other	Primary data table	Colorectal Cancer			https://doi.org/10.1038/s41598-022-06793-5							
dataset	e15e6fb8-bb0a-582a-a41f-845d8e5e3a49	PMC Supplementary Material (rescued)	Quantitative proteomic analysis of the lysine acetylome reveals diverse SIRT2 substrates - supplementary data: 41598_2022_6793_MOESM4_ESM.xlsx	"Proteomics or mass-spectrometry measurements (187 rows). Description generated automatically from column headers; not yet curated. Source article: ""Quantitative proteomic analysis of the lysine acetylome reveals diverse SIRT2 substrates"" (Sci Rep, 2022). Rescued from PubMed Central supplementary material; no dataset-level record existed."	PMC8907344/41598_2022_6793_MOESM4_ESM.xlsx	https://pmc.ncbi.nlm.nih.gov/articles/PMC8907344/	Yu DS		https://doi.org/10.1038/s41598-022-06793-5	35264593	NCI	2022	CC BY	Other	Primary data table	Colorectal Cancer			https://doi.org/10.1038/s41598-022-06793-5							
dataset	abdeb787-1e8c-50e1-b3e1-aace78e6f973	PMC Supplementary Material (rescued)	Depletion of METTL3 alters cellular and extracellular levels of miRNAs containing m<sup>6</sup>A consensus sequences - supplementary data: mmc7.xlsx	"Numeric measurements underlying figures (23,584 rows by 19 columns). Description generated automatically from column headers; not yet curated. Source article: ""Depletion of METTL3 alters cellular and extracellular levels of miRNAs containing m<sup>6</sup>A consensus sequences"" (Heliyon, 2021). Rescued from PubMed Central supplementary material; no dataset-level record existed."	PMC8654799/mmc7.xlsx	https://pmc.ncbi.nlm.nih.gov/articles/PMC8654799/	Patton JG		https://doi.org/10.1016/j.heliyon.2021.e08519	34934837	NCI	2021	CC BY-NC-ND	Other	Primary data table	Colorectal Cancer			https://doi.org/10.1016/j.heliyon.2021.e08519							
dataset	84afbc04-cc11-5e2c-87a0-0e8a475c2ad7	PMC Supplementary Material (rescued)	Depletion of METTL3 alters cellular and extracellular levels of miRNAs containing m<sup>6</sup>A consensus sequences - supplementary data: mmc8.xlsx	"Numeric measurements underlying figures (23,775 rows by 19 columns). Description generated automatically from column headers; not yet curated. Source article: ""Depletion of METTL3 alters cellular and extracellular levels of miRNAs containing m<sup>6</sup>A consensus sequences"" (Heliyon, 2021). Rescued from PubMed Central supplementary material; no dataset-level record existed."	PMC8654799/mmc8.xlsx	https://pmc.ncbi.nlm.nih.gov/articles/PMC8654799/	Patton JG		https://doi.org/10.1016/j.heliyon.2021.e08519	34934837	NCI	2021	CC BY-NC-ND	Other	Primary data table	Colorectal Cancer			https://doi.org/10.1016/j.heliyon.2021.e08519							
dataset	a348d017-8882-5953-9257-f12245671a1c	PMC Supplementary Material (rescued)	Depletion of METTL3 alters cellular and extracellular levels of miRNAs containing m<sup>6</sup>A consensus sequences - supplementary data: mmc6.xlsx	"Numeric measurements underlying figures (1,792 rows by 41 columns). Description generated automatically from column headers; not yet curated. Source article: ""Depletion of METTL3 alters cellular and extracellular levels of miRNAs containing m<sup>6</sup>A consensus sequences"" (Heliyon, 2021). Rescued from PubMed Central supplementary material; no dataset-level record existed."	PMC8654799/mmc6.xlsx	https://pmc.ncbi.nlm.nih.gov/articles/PMC8654799/	Patton JG		https://doi.org/10.1016/j.heliyon.2021.e08519	34934837	NCI	2021	CC BY-NC-ND	Other	Primary data table	Colorectal Cancer			https://doi.org/10.1016/j.heliyon.2021.e08519							
dataset	29d9b332-e227-5896-95dd-362b55cd8105	PMC Supplementary Material (rescued)	"Detection of <i>Streptococcus gallolyticus</i> and Four Other CRC-Associated Bacteria in Patient Stools Reveals a Potential ""Driver"" Role for Enterotoxigenic <i>Bacteroides fragilis</i> - supplementary data: Table_1.docx"	"One row per patient or sample (130 rows), with age, sex. Description generated automatically from column headers; not yet curated. Source article: ""Detection of <i>Streptococcus gallolyticus</i> and Four Other CRC-Associated Bacteria in Patient Stools Reveals a Potential ""Driver"" Role for Enterotoxigenic <i>Bacteroides fragilis</i>"" (Front Cell Infect Microbiol, 2022). Rescued from PubMed Central supplementary material; no dataset-level record existed."	PMC8963412/Table_1.docx	https://pmc.ncbi.nlm.nih.gov/articles/PMC8963412/	Dramsi S		https://doi.org/10.3389/fcimb.2022.794391	35360109	NCI	2022	CC BY	Other	Primary data table	Colorectal Cancer			https://doi.org/10.3389/fcimb.2022.794391							
dataset	a4855752-36bb-5f53-b2f2-c02fc492de42	PMC Supplementary Material (rescued)	Modifiable pathways for colorectal cancer: a mendelian randomisation analysis - supplementary data: mmc2.xlsx	"Genomic variants or positions (5,426 rows). Description generated automatically from column headers; not yet curated. Source article: ""Modifiable pathways for colorectal cancer: a mendelian randomisation analysis"" (Lancet Gastroenterol Hepatol, 2020). Rescued from PubMed Central supplementary material; no dataset-level record existed."	PMC7026696/mmc2.xlsx	https://pmc.ncbi.nlm.nih.gov/articles/PMC7026696/	Houlston RS		https://doi.org/10.1016/s2468-1253(19)30294-8	31668584	NCI	2020	CC BY	Other	Primary data table	Colorectal Cancer			https://doi.org/10.1016/s2468-1253(19)30294-8							
dataset	6269320f-cadf-549e-acb7-48b88729962d	PMC Supplementary Material (rescued)	Senescence-associated tissue microenvironment promotes colon cancer formation through the secretory factor GDF15 - supplementary data: ACEL-18-e13013-s002.docx	"Data table (159 rows by 5 columns). Description generated automatically from column headers; not yet curated. Source article: ""Senescence-associated tissue microenvironment promotes colon cancer formation through the secretory factor GDF15"" (Aging Cell, 2019). Rescued from PubMed Central supplementary material; no dataset-level record existed."	PMC6826139/ACEL-18-e13013-s002.docx	https://pmc.ncbi.nlm.nih.gov/articles/PMC6826139/	Grady WM		https://doi.org/10.1111/acel.13013	31389184	NCI	2019	CC BY	Other	Primary data table	Colorectal Cancer			https://doi.org/10.1111/acel.13013							
dataset	a4709b80-6fe8-5efc-a0d4-377e23de05f4	PMC Supplementary Material (rescued)	Minimal barriers to invasion during human colorectal tumor growth - supplementary data: 41467_2020_14908_MOESM4_ESM.xlsx	"Genomic variants or positions (115 rows). Description generated automatically from column headers; not yet curated. Source article: ""Minimal barriers to invasion during human colorectal tumor growth"" (Nat Commun, 2020). Rescued from PubMed Central supplementary material; no dataset-level record existed."	PMC7062901/41467_2020_14908_MOESM4_ESM.xlsx	https://pmc.ncbi.nlm.nih.gov/articles/PMC7062901/	Shibata D		https://doi.org/10.1038/s41467-020-14908-7	32152322	NCI	2020	CC BY	Other	Primary data table	Colorectal Cancer			https://doi.org/10.1038/s41467-020-14908-7							
dataset	436dbf0f-c329-545b-b88b-2443eb904bc3	PMC Supplementary Material (rescued)	The receptor tyrosine kinase AXL promotes migration and invasion in colorectal cancer - supplementary data: pone.0179979.s005.xlsx	"Gene-level table (20,081 genes) with 8 measurement columns. Description generated automatically from column headers; not yet curated. Source article: ""The receptor tyrosine kinase AXL promotes migration and invasion in colorectal cancer"" (PLoS One, 2017). Rescued from PubMed Central supplementary material; no dataset-level record existed."	PMC5519024/pone.0179979.s005.xlsx	https://pmc.ncbi.nlm.nih.gov/articles/PMC5519024/	Rothlin CV		https://doi.org/10.1371/journal.pone.0179979	28727830	NCI	2017	CC BY	Other	Primary data table	Colorectal Cancer			https://doi.org/10.1371/journal.pone.0179979							
dataset	b08af467-f2ed-5173-ac54-94ac862a0fa6	PMC Supplementary Material (rescued)	An enhanced genetic model of colorectal cancer progression history - supplementary data: 13059_2019_1782_MOESM1_ESM.xlsx	"Numeric measurements underlying figures (132 rows by 6 columns). Description generated automatically from column headers; not yet curated. Source article: ""An enhanced genetic model of colorectal cancer progression history"" (Genome Biol, 2019). Rescued from PubMed Central supplementary material; no dataset-level record existed."	PMC6694562/13059_2019_1782_MOESM1_ESM.xlsx	https://pmc.ncbi.nlm.nih.gov/articles/PMC6694562/	Park PJ		https://doi.org/10.1186/s13059-019-1782-4	31416464	NCI	2019	CC BY	Other	Primary data table	Colorectal Cancer			https://doi.org/10.1186/s13059-019-1782-4							
dataset	e5d6fcbb-7e55-5a7c-b4a1-232409e836bd	PMC Supplementary Material (rescued)	Modulation of the extracellular matrix by Streptococcus gallolyticus subsp. gallolyticus and importance in cell proliferation - supplementary data: ppat.1010894.s001.xlsx	"Numeric measurements underlying figures (3,371 rows by 4 columns). Description generated automatically from column headers; not yet curated. Source article: ""Modulation of the extracellular matrix by Streptococcus gallolyticus subsp. gallolyticus and importance in cell proliferation"" (PLoS Pathog, 2022). Rescued from PubMed Central supplementary material; no dataset-level record existed."	PMC9560553/ppat.1010894.s001.xlsx	https://pmc.ncbi.nlm.nih.gov/articles/PMC9560553/	Xu Y		https://doi.org/10.1371/journal.ppat.1010894	36191045	NCI	2022	CC BY	Other	Primary data table	Colorectal Cancer			https://doi.org/10.1371/journal.ppat.1010894							
dataset	1027d265-9764-5568-adcb-8efdcfe31e84	PMC Supplementary Material (rescued)	A combined FAK, c-MET, and MST1R three-protein panel risk-stratifies colorectal cancer patients - supplementary data: mmc4.xlsx	"One row per patient or sample (339 rows), with recurrence. Description generated automatically from column headers; not yet curated. Source article: ""A combined FAK, c-MET, and MST1R three-protein panel risk-stratifies colorectal cancer patients"" (Transl Oncol, 2020). Rescued from PubMed Central supplementary material; no dataset-level record existed."	PMC7399195/mmc4.xlsx	https://pmc.ncbi.nlm.nih.gov/articles/PMC7399195/	Roehrl MHA		https://doi.org/10.1016/j.tranon.2020.100836	32739842	NCI	2020	CC BY-NC-ND	Other	Primary data table	Colorectal Cancer			https://doi.org/10.1016/j.tranon.2020.100836							
dataset	db6d559f-1fd5-5466-b918-0457fa2ff43d	PMC Supplementary Material (rescued)	Expression Profiles of miRNA Subsets Distinguish Human Colorectal Carcinoma and Normal Colonic Mucosa - supplementary data: ctg201611x1.docx	"Numeric measurements underlying figures (53 rows by 14 columns). Description generated automatically from column headers; not yet curated. Source article: ""Expression Profiles of miRNA Subsets Distinguish Human Colorectal Carcinoma and Normal Colonic Mucosa"" (Clin Transl Gastroenterol, 2016). Rescued from PubMed Central supplementary material; no dataset-level record existed."	PMC4822091/ctg201611x1.docx	https://pmc.ncbi.nlm.nih.gov/articles/PMC4822091/	Slattery ML		https://doi.org/10.1038/ctg.2016.11	26963002	NCI	2016	CC BY-NC-ND	Other	Primary data table	Colorectal Cancer			https://doi.org/10.1038/ctg.2016.11							
dataset	1b12e4d7-821f-5bfc-a399-4fd4b63b3a74	PMC Supplementary Material (rescued)	Profiling diverse sequence tandem repeats in colorectal cancer reveals co-occurrence of microsatellite and chromosomal instability involving Chromosome 8 - supplementary data: 13073_2021_958_MOESM4_ESM.txt	"Differential expression results (3,783 genes or features): fold changes and significance between conditions. Description generated automatically from column headers; not yet curated. Source article: ""Profiling diverse sequence tandem repeats in colorectal cancer reveals co-occurrence of microsatellite and chromosomal instability involving Chromosome 8"" (Genome Med, 2021). Rescued from PubMed Central supplementary material; no dataset-level record existed."	PMC8420050/13073_2021_958_MOESM4_ESM.txt	https://pmc.ncbi.nlm.nih.gov/articles/PMC8420050/	Ji HP		https://doi.org/10.1186/s13073-021-00958-z	34488871	NCI	2021	CC BY	Other	Primary data table	Colorectal Cancer			https://doi.org/10.1186/s13073-021-00958-z							
dataset	dcf61d91-0799-5032-8c03-beb4aea40b23	PMC Supplementary Material (rescued)	Profiling diverse sequence tandem repeats in colorectal cancer reveals co-occurrence of microsatellite and chromosomal instability involving Chromosome 8 - supplementary data: 13073_2021_958_MOESM3_ESM.xlsx	"Genomic variants or positions (6,306 rows). Description generated automatically from column headers; not yet curated. Source article: ""Profiling diverse sequence tandem repeats in colorectal cancer reveals co-occurrence of microsatellite and chromosomal instability involving Chromosome 8"" (Genome Med, 2021). Rescued from PubMed Central supplementary material; no dataset-level record existed."	PMC8420050/13073_2021_958_MOESM3_ESM.xlsx	https://pmc.ncbi.nlm.nih.gov/articles/PMC8420050/	Ji HP		https://doi.org/10.1186/s13073-021-00958-z	34488871	NCI	2021	CC BY	Other	Primary data table	Colorectal Cancer			https://doi.org/10.1186/s13073-021-00958-z							
dataset	a12227cd-d696-59f9-9695-fc1d0c170f18	PMC Supplementary Material (rescued)	Profiling diverse sequence tandem repeats in colorectal cancer reveals co-occurrence of microsatellite and chromosomal instability involving Chromosome 8 - supplementary data: 13073_2021_958_MOESM2_ESM.xlsx	"Genomic variants or positions (386 rows). Description generated automatically from column headers; not yet curated. Source article: ""Profiling diverse sequence tandem repeats in colorectal cancer reveals co-occurrence of microsatellite and chromosomal instability involving Chromosome 8"" (Genome Med, 2021). Rescued from PubMed Central supplementary material; no dataset-level record existed."	PMC8420050/13073_2021_958_MOESM2_ESM.xlsx	https://pmc.ncbi.nlm.nih.gov/articles/PMC8420050/	Ji HP		https://doi.org/10.1186/s13073-021-00958-z	34488871	NCI	2021	CC BY	Other	Primary data table	Colorectal Cancer			https://doi.org/10.1186/s13073-021-00958-z							
dataset	7c5d8452-0fd9-53dd-8671-a1837143f4ad	PMC Supplementary Material (rescued)	Functional exploration of colorectal cancer genomes using Drosophila - supplementary data: ncomms13615-s3.xlsx	"One row per patient or sample (214 rows); analysis results rather than raw measurements. Description generated automatically from column headers; not yet curated. Source article: ""Functional exploration of colorectal cancer genomes using Drosophila"" (Nat Commun, 2016). Rescued from PubMed Central supplementary material; no dataset-level record existed."	PMC5141297/ncomms13615-s3.xlsx	https://pmc.ncbi.nlm.nih.gov/articles/PMC5141297/	Cagan RL		https://doi.org/10.1038/ncomms13615	27897178	NCI	2016	CC BY	Other	Derived analysis results	Colorectal Cancer			https://doi.org/10.1038/ncomms13615							
dataset	15157783-8e9e-5fe1-bbab-181cc2c29725	PMC Supplementary Material (rescued)	Functional exploration of colorectal cancer genomes using Drosophila - supplementary data: ncomms13615-s2.xlsx	"One row per patient or sample (214 rows). Description generated automatically from column headers; not yet curated. Source article: ""Functional exploration of colorectal cancer genomes using Drosophila"" (Nat Commun, 2016). Rescued from PubMed Central supplementary material; no dataset-level record existed."	PMC5141297/ncomms13615-s2.xlsx	https://pmc.ncbi.nlm.nih.gov/articles/PMC5141297/	Cagan RL		https://doi.org/10.1038/ncomms13615	27897178	NCI	2016	CC BY	Other	Primary data table	Colorectal Cancer			https://doi.org/10.1038/ncomms13615							
dataset	d2a2013f-9a65-53c4-a1e5-2eea4be1e6e8	PMC Supplementary Material (rescued)	Enrichment of colorectal cancer associations in functional regions: Insight for using epigenomics data in the analysis of whole genome sequence-imputed GWAS data - supplementary data: pone.0186518.s006.xls	"Genomic variants or positions (76 rows). Description generated automatically from column headers; not yet curated. Source article: ""Enrichment of colorectal cancer associations in functional regions: Insight for using epigenomics data in the analysis of whole genome sequence-imputed GWAS data"" (PLoS One, 2017). Rescued from PubMed Central supplementary material; no dataset-level record existed."	PMC5697874/pone.0186518.s006.xls	https://pmc.ncbi.nlm.nih.gov/articles/PMC5697874/	GECCO and CCFR		https://doi.org/10.1371/journal.pone.0186518	29161273	NCI	2017	CC BY	Other	Primary data table	Colorectal Cancer			https://doi.org/10.1371/journal.pone.0186518							
dataset	e96ea786-30d4-532e-9169-2d01f0c9a358	PMC Supplementary Material (rescued)	Enrichment of colorectal cancer associations in functional regions: Insight for using epigenomics data in the analysis of whole genome sequence-imputed GWAS data - supplementary data: pone.0186518.s004.xls	"Genomic variants or positions (132 rows). Description generated automatically from column headers; not yet curated. Source article: ""Enrichment of colorectal cancer associations in functional regions: Insight for using epigenomics data in the analysis of whole genome sequence-imputed GWAS data"" (PLoS One, 2017). Rescued from PubMed Central supplementary material; no dataset-level record existed."	PMC5697874/pone.0186518.s004.xls	https://pmc.ncbi.nlm.nih.gov/articles/PMC5697874/	GECCO and CCFR		https://doi.org/10.1371/journal.pone.0186518	29161273	NCI	2017	CC BY	Other	Primary data table	Colorectal Cancer			https://doi.org/10.1371/journal.pone.0186518							
dataset	379dcd4f-c923-566e-84f3-94d72904ef76	PMC Supplementary Material (rescued)	Enrichment of colorectal cancer associations in functional regions: Insight for using epigenomics data in the analysis of whole genome sequence-imputed GWAS data - supplementary data: pone.0186518.s005.xls	"Data table (132 rows by 14 columns). Description generated automatically from column headers; not yet curated. Source article: ""Enrichment of colorectal cancer associations in functional regions: Insight for using epigenomics data in the analysis of whole genome sequence-imputed GWAS data"" (PLoS One, 2017). Rescued from PubMed Central supplementary material; no dataset-level record existed."	PMC5697874/pone.0186518.s005.xls	https://pmc.ncbi.nlm.nih.gov/articles/PMC5697874/	GECCO and CCFR		https://doi.org/10.1371/journal.pone.0186518	29161273	NCI	2017	CC BY	Other	Primary data table	Colorectal Cancer			https://doi.org/10.1371/journal.pone.0186518							
dataset	b884765a-25b2-5351-8bc6-a40ab1320adc	PMC Supplementary Material (rescued)	Association analyses identify 31 new risk loci for colorectal cancer susceptibility - supplementary data: 41467_2019_9775_MOESM12_ESM.xlsx	"Gene-level table (81 genes) with 8 measurement columns. Description generated automatically from column headers; not yet curated. Source article: ""Association analyses identify 31 new risk loci for colorectal cancer susceptibility"" (Nat Commun, 2019). Rescued from PubMed Central supplementary material; no dataset-level record existed."	PMC6517433/41467_2019_9775_MOESM12_ESM.xlsx	https://pmc.ncbi.nlm.nih.gov/articles/PMC6517433/	Dunlop MG		https://doi.org/10.1038/s41467-019-09775-w	31089142	NCI	2019	CC BY	Other	Primary data table	Colorectal Cancer			https://doi.org/10.1038/s41467-019-09775-w							
dataset	8d3dbe1f-40d0-5490-814f-e2739c8aed16	PMC Supplementary Material (rescued)	Association analyses identify 31 new risk loci for colorectal cancer susceptibility - supplementary data: 41467_2019_9775_MOESM14_ESM.xlsx	"Pathway or gene-set enrichment results (1,299 rows): which biological processes were over-represented. Description generated automatically from column headers; not yet curated. Source article: ""Association analyses identify 31 new risk loci for colorectal cancer susceptibility"" (Nat Commun, 2019). Rescued from PubMed Central supplementary material; no dataset-level record existed."	PMC6517433/41467_2019_9775_MOESM14_ESM.xlsx	https://pmc.ncbi.nlm.nih.gov/articles/PMC6517433/	Dunlop MG		https://doi.org/10.1038/s41467-019-09775-w	31089142	NCI	2019	CC BY	Other	Primary data table	Colorectal Cancer			https://doi.org/10.1038/s41467-019-09775-w							
dataset	a05fa27e-4e26-50af-ae12-dcd65d630214	PMC Supplementary Material (rescued)	Association analyses identify 31 new risk loci for colorectal cancer susceptibility - supplementary data: 41467_2019_9775_MOESM10_ESM.xlsx	"Data table (208 rows by 9 columns). Description generated automatically from column headers; not yet curated. Source article: ""Association analyses identify 31 new risk loci for colorectal cancer susceptibility"" (Nat Commun, 2019). Rescued from PubMed Central supplementary material; no dataset-level record existed."	PMC6517433/41467_2019_9775_MOESM10_ESM.xlsx	https://pmc.ncbi.nlm.nih.gov/articles/PMC6517433/	Dunlop MG		https://doi.org/10.1038/s41467-019-09775-w	31089142	NCI	2019	CC BY	Other	Primary data table	Colorectal Cancer			https://doi.org/10.1038/s41467-019-09775-w							
dataset	a46d3038-9291-57b7-aeed-793179eb5bc0	PMC Supplementary Material (rescued)	Association analyses identify 31 new risk loci for colorectal cancer susceptibility - supplementary data: 41467_2019_9775_MOESM4_ESM.xlsx	"Data table (127 rows by 38 columns). Description generated automatically from column headers; not yet curated. Source article: ""Association analyses identify 31 new risk loci for colorectal cancer susceptibility"" (Nat Commun, 2019). Rescued from PubMed Central supplementary material; no dataset-level record existed."	PMC6517433/41467_2019_9775_MOESM4_ESM.xlsx	https://pmc.ncbi.nlm.nih.gov/articles/PMC6517433/	Dunlop MG		https://doi.org/10.1038/s41467-019-09775-w	31089142	NCI	2019	CC BY	Other	Primary data table	Colorectal Cancer			https://doi.org/10.1038/s41467-019-09775-w							
dataset	b1c07da2-11e8-557d-ac96-46722499f264	PMC Supplementary Material (rescued)	Association analyses identify 31 new risk loci for colorectal cancer susceptibility - supplementary data: 41467_2019_9775_MOESM17_ESM.xlsx	"Numeric measurements underlying figures (53 rows by 6 columns). Description generated automatically from column headers; not yet curated. Source article: ""Association analyses identify 31 new risk loci for colorectal cancer susceptibility"" (Nat Commun, 2019). Rescued from PubMed Central supplementary material; no dataset-level record existed."	PMC6517433/41467_2019_9775_MOESM17_ESM.xlsx	https://pmc.ncbi.nlm.nih.gov/articles/PMC6517433/	Dunlop MG		https://doi.org/10.1038/s41467-019-09775-w	31089142	NCI	2019	CC BY	Other	Primary data table	Colorectal Cancer			https://doi.org/10.1038/s41467-019-09775-w							
dataset	068c210b-6aa3-53a8-846a-cc53fbc09470	PMC Supplementary Material (rescued)	Association analyses identify 31 new risk loci for colorectal cancer susceptibility - supplementary data: 41467_2019_9775_MOESM8_ESM.xlsx	"Data table (83 rows by 1024 columns). Description generated automatically from column headers; not yet curated. Source article: ""Association analyses identify 31 new risk loci for colorectal cancer susceptibility"" (Nat Commun, 2019). Rescued from PubMed Central supplementary material; no dataset-level record existed."	PMC6517433/41467_2019_9775_MOESM8_ESM.xlsx	https://pmc.ncbi.nlm.nih.gov/articles/PMC6517433/	Dunlop MG		https://doi.org/10.1038/s41467-019-09775-w	31089142	NCI	2019	CC BY	Other	Primary data table	Colorectal Cancer			https://doi.org/10.1038/s41467-019-09775-w							
dataset	f81c3e39-5cb3-546d-9550-c5f45c0cc419	PMC Supplementary Material (rescued)	Association analyses identify 31 new risk loci for colorectal cancer susceptibility - supplementary data: 41467_2019_9775_MOESM13_ESM.xlsx	"Pathway or gene-set enrichment results (508 rows): which biological processes were over-represented. Description generated automatically from column headers; not yet curated. Source article: ""Association analyses identify 31 new risk loci for colorectal cancer susceptibility"" (Nat Commun, 2019). Rescued from PubMed Central supplementary material; no dataset-level record existed."	PMC6517433/41467_2019_9775_MOESM13_ESM.xlsx	https://pmc.ncbi.nlm.nih.gov/articles/PMC6517433/	Dunlop MG		https://doi.org/10.1038/s41467-019-09775-w	31089142	NCI	2019	CC BY	Other	Derived analysis results	Colorectal Cancer			https://doi.org/10.1038/s41467-019-09775-w							
dataset	821f60fd-402f-527c-8fce-845ef24e952d	PMC Supplementary Material (rescued)	Association analyses identify 31 new risk loci for colorectal cancer susceptibility - supplementary data: 41467_2019_9775_MOESM9_ESM.xlsx	"Genomic variants or positions (86 rows). Description generated automatically from column headers; not yet curated. Source article: ""Association analyses identify 31 new risk loci for colorectal cancer susceptibility"" (Nat Commun, 2019). Rescued from PubMed Central supplementary material; no dataset-level record existed."	PMC6517433/41467_2019_9775_MOESM9_ESM.xlsx	https://pmc.ncbi.nlm.nih.gov/articles/PMC6517433/	Dunlop MG		https://doi.org/10.1038/s41467-019-09775-w	31089142	NCI	2019	CC BY	Other	Primary data table	Colorectal Cancer			https://doi.org/10.1038/s41467-019-09775-w							
dataset	267a01c0-8614-5c37-ba64-5602657cd922	PMC Supplementary Material (rescued)	The PVT1 lncRNA is a novel epigenetic enhancer of MYC, and a promising risk-stratification biomarker in colorectal cancer - supplementary data: 12943_2020_1277_MOESM1_ESM.xlsx	"Numeric measurements underlying figures (2,190 rows by 7 columns). Description generated automatically from column headers; not yet curated. Source article: ""The PVT1 lncRNA is a novel epigenetic enhancer of MYC, and a promising risk-stratification biomarker in colorectal cancer"" (Mol Cancer, 2020). Rescued from PubMed Central supplementary material; no dataset-level record existed."	PMC7643275/12943_2020_1277_MOESM1_ESM.xlsx	https://pmc.ncbi.nlm.nih.gov/articles/PMC7643275/	Goel A		https://doi.org/10.1186/s12943-020-01277-4	33148262	NCI	2020	CC BY	Other	Primary data table	Colorectal Cancer			https://doi.org/10.1186/s12943-020-01277-4							
dataset	50001e70-c013-50c2-b529-881881af0838	PMC Supplementary Material (rescued)	Time Lapse to Colorectal Cancer: Telomere Dynamics Define the Malignant Potential of Polyps - supplementary data: ctg201648x3.xls	"Gene-level table (187 genes) with 76 measurement columns. Description generated automatically from column headers; not yet curated. Source article: ""Time Lapse to Colorectal Cancer: Telomere Dynamics Define the Malignant Potential of Polyps"" (Clin Transl Gastroenterol, 2016). Rescued from PubMed Central supplementary material; no dataset-level record existed."	PMC5288594/ctg201648x3.xls	https://pmc.ncbi.nlm.nih.gov/articles/PMC5288594/	Boardman LA		https://doi.org/10.1038/ctg.2016.48	27584834	NCI	2016	CC BY-NC-ND	Other	Primary data table	Colorectal Cancer			https://doi.org/10.1038/ctg.2016.48							
dataset	693351eb-f954-558c-9288-d22264b006fc	PMC Supplementary Material (rescued)	Time Lapse to Colorectal Cancer: Telomere Dynamics Define the Malignant Potential of Polyps - supplementary data: ctg201648x2.xls	"Gene-level table (67 genes) with 5 measurement columns. Description generated automatically from column headers; not yet curated. Source article: ""Time Lapse to Colorectal Cancer: Telomere Dynamics Define the Malignant Potential of Polyps"" (Clin Transl Gastroenterol, 2016). Rescued from PubMed Central supplementary material; no dataset-level record existed."	PMC5288594/ctg201648x2.xls	https://pmc.ncbi.nlm.nih.gov/articles/PMC5288594/	Boardman LA		https://doi.org/10.1038/ctg.2016.48	27584834	NCI	2016	CC BY-NC-ND	Other	Primary data table	Colorectal Cancer			https://doi.org/10.1038/ctg.2016.48							
dataset	dc1bbd44-cc16-533d-8dfd-33178d0b1870	PMC Supplementary Material (rescued)	Site-specific associations between miRNA expression and survival in colorectal cancer cases - supplementary data: oncotarget-07-60193-s003.docx	"Differential expression results (132 genes or features): fold changes and significance between conditions. Description generated automatically from column headers; not yet curated. Source article: ""Site-specific associations between miRNA expression and survival in colorectal cancer cases"" (Oncotarget, 2016). Rescued from PubMed Central supplementary material; no dataset-level record existed."	PMC5312378/oncotarget-07-60193-s003.docx	https://pmc.ncbi.nlm.nih.gov/articles/PMC5312378/	Samowitz W		https://doi.org/10.18632/oncotarget.11173	27517623	NCI	2016	CC BY	Other	Derived analysis results	Colorectal Cancer			https://doi.org/10.18632/oncotarget.11173							
dataset	71aae782-4839-516b-933f-f7b4688f4f83	PMC Supplementary Material (rescued)	Site-specific associations between miRNA expression and survival in colorectal cancer cases - supplementary data: oncotarget-07-60193-s002.docx	"One row per patient or sample (196 rows), with age, sex, stage. Description generated automatically from column headers; not yet curated. Source article: ""Site-specific associations between miRNA expression and survival in colorectal cancer cases"" (Oncotarget, 2016). Rescued from PubMed Central supplementary material; no dataset-level record existed."	PMC5312378/oncotarget-07-60193-s002.docx	https://pmc.ncbi.nlm.nih.gov/articles/PMC5312378/	Samowitz W		https://doi.org/10.18632/oncotarget.11173	27517623	NCI	2016	CC BY	Other	Primary data table	Colorectal Cancer			https://doi.org/10.18632/oncotarget.11173							
dataset	8b74e449-5892-5480-83d4-704e327a0dd6	PMC Supplementary Material (rescued)	Whole genome analysis identifies the association of TP53 genomic deletions with lower survival in Stage III colorectal cancer - supplementary data: 41598_2020_61643_MOESM4_ESM.xlsx	"Data table (136 rows by 41 columns). Description generated automatically from column headers; not yet curated. Source article: ""Whole genome analysis identifies the association of TP53 genomic deletions with lower survival in Stage III colorectal cancer"" (Sci Rep, 2020). Rescued from PubMed Central supplementary material; no dataset-level record existed."	PMC7081316/41598_2020_61643_MOESM4_ESM.xlsx	https://pmc.ncbi.nlm.nih.gov/articles/PMC7081316/	Nadauld LD		https://doi.org/10.1038/s41598-020-61643-6	32193467	NCI	2020	CC BY	Other	Primary data table	Colorectal Cancer			https://doi.org/10.1038/s41598-020-61643-6							
dataset	e7b4512b-7370-5abb-99fa-14d5124d073e	PMC Supplementary Material (rescued)	Whole genome analysis identifies the association of TP53 genomic deletions with lower survival in Stage III colorectal cancer - supplementary data: 41598_2020_61643_MOESM2_ESM.xls	"Genomic variants or positions (46,976 rows). Description generated automatically from column headers; not yet curated. Source article: ""Whole genome analysis identifies the association of TP53 genomic deletions with lower survival in Stage III colorectal cancer"" (Sci Rep, 2020). Rescued from PubMed Central supplementary material; no dataset-level record existed."	PMC7081316/41598_2020_61643_MOESM2_ESM.xls	https://pmc.ncbi.nlm.nih.gov/articles/PMC7081316/	Nadauld LD		https://doi.org/10.1038/s41598-020-61643-6	32193467	NCI	2020	CC BY	Other	Primary data table	Colorectal Cancer			https://doi.org/10.1038/s41598-020-61643-6							
dataset	f5cb0c6a-e2ee-5823-814d-c8f70c68446f	PMC Supplementary Material (rescued)	Whole genome analysis identifies the association of TP53 genomic deletions with lower survival in Stage III colorectal cancer - supplementary data: 41598_2020_61643_MOESM1_ESM.xls	"One row per patient or sample (135 rows), with age, sex. Description generated automatically from column headers; not yet curated. Source article: ""Whole genome analysis identifies the association of TP53 genomic deletions with lower survival in Stage III colorectal cancer"" (Sci Rep, 2020). Rescued from PubMed Central supplementary material; no dataset-level record existed."	PMC7081316/41598_2020_61643_MOESM1_ESM.xls	https://pmc.ncbi.nlm.nih.gov/articles/PMC7081316/	Nadauld LD		https://doi.org/10.1038/s41598-020-61643-6	32193467	NCI	2020	CC BY	Other	Primary data table	Colorectal Cancer			https://doi.org/10.1038/s41598-020-61643-6							
dataset	1a29e262-b458-5356-8972-e67b0020ac8b	PMC Supplementary Material (rescued)	Interactions between folate intake and genetic predictors of gene expression levels associated with colorectal cancer risk - supplementary data: 41598_2022_23451_MOESM1_ESM.csv	"Genomic variants or positions (152,683 rows). Description generated automatically from column headers; not yet curated. Source article: ""Interactions between folate intake and genetic predictors of gene expression levels associated with colorectal cancer risk"" (Sci Rep, 2022). Rescued from PubMed Central supplementary material; no dataset-level record existed."	PMC9640550/41598_2022_23451_MOESM1_ESM.csv	https://pmc.ncbi.nlm.nih.gov/articles/PMC9640550/	Hsu L		https://doi.org/10.1038/s41598-022-23451-y	36344807	NCI	2022	CC BY	Other	Primary data table	Colorectal Cancer			https://doi.org/10.1038/s41598-022-23451-y							
dataset	d3174eb9-4874-5eb1-972b-0245e307ba39	PMC Supplementary Material (rescued)	Circular RNAs are down-regulated in KRAS mutant colon cancer cells and can be transferred to exosomes - supplementary data: srep37982-s2.xls	"Genomic variants or positions (13,566 rows). Description generated automatically from column headers; not yet curated. Source article: ""Circular RNAs are down-regulated in KRAS mutant colon cancer cells and can be transferred to exosomes"" (Sci Rep, 2016). Rescued from PubMed Central supplementary material; no dataset-level record existed."	PMC5125100/srep37982-s2.xls	https://pmc.ncbi.nlm.nih.gov/articles/PMC5125100/	Zhang B		https://doi.org/10.1038/srep37982	27892494	NCI	2016	CC BY	Other	Primary data table	Colorectal Cancer			https://doi.org/10.1038/srep37982							
dataset	2f843361-953f-52fb-af09-430c61051e1a	PMC Supplementary Material (rescued)	Systematic meta-analyses, field synopsis and global assessment of the evidence of genetic association studies in colorectal cancer - supplementary data: gutjnl-2019-319313supp002.pdf	"Genomic variants or positions (189 rows). Description generated automatically from column headers; not yet curated. Source article: ""Systematic meta-analyses, field synopsis and global assessment of the evidence of genetic association studies in colorectal cancer"" (Gut, 2020). Rescued from PubMed Central supplementary material; no dataset-level record existed."	PMC7398467/gutjnl-2019-319313supp002.pdf	https://pmc.ncbi.nlm.nih.gov/articles/PMC7398467/	Little J		https://doi.org/10.1136/gutjnl-2019-319313	31818908	NCI	2020	CC BY	Other	Primary data table	Colorectal Cancer			https://doi.org/10.1136/gutjnl-2019-319313							
dataset	d4249d08-fe6c-5a3d-b28f-eb49b8769f87	PMC Supplementary Material (rescued)	Clinical Utilization Pattern of Liquid Biopsies (LB) to Detect Actionable Driver Mutations, Guide Treatment Decisions and Monitor Disease Burden During Treatment of 33 Metastatic Colorectal Cancer (mCRC) Patients (pts) at a Fox Chase Cancer Center GI Oncology Subspecialty Clinic - supplementary data: Table_1.XLSX	"Genomic variants or positions (323 rows). Description generated automatically from column headers; not yet curated. Source article: ""Clinical Utilization Pattern of Liquid Biopsies (LB) to Detect Actionable Driver Mutations, Guide Treatment Decisions and Monitor Disease Burden During Treatment of 33 Metastatic Colorectal Cancer (mCRC) Patients (pts) at a Fox Chase Cancer Center GI Oncology Subspecialty Clinic"" (Front Oncol, 2018). Rescued from PubMed Central supplementary material; no dataset-level record existed."	PMC6344461/Table_1.XLSX	https://pmc.ncbi.nlm.nih.gov/articles/PMC6344461/	El-Deiry WS		https://doi.org/10.3389/fonc.2018.00652	30705875	NCI	2018	CC BY	Other	Primary data table	Colorectal Cancer			https://doi.org/10.3389/fonc.2018.00652							
dataset	439551a6-23d1-5c97-bdb9-c19654b807d0	PMC Supplementary Material (rescued)	Targeting RAS Mutant Colorectal Cancer with Dual Inhibition of MEK and CDK4/6 - supplementary data: can-22-0198_supplementary_table_s5_suppst5.xlsx	"Numeric measurements underlying figures (68 rows by 157 columns). Description generated automatically from column headers; not yet curated. Source article: ""Targeting RAS Mutant Colorectal Cancer with Dual Inhibition of MEK and CDK4/6"" (Cancer Res, 2022). Rescued from PubMed Central supplementary material; no dataset-level record existed."	PMC9478530/can-22-0198_supplementary_table_s5_suppst5.xlsx	https://pmc.ncbi.nlm.nih.gov/articles/PMC9478530/	Kopetz S		https://doi.org/10.1158/0008-5472.can-22-0198	35913398	NCI	2022	CC BY-NC-ND	Other	Primary data table	Colorectal Cancer			https://doi.org/10.1158/0008-5472.can-22-0198							
dataset	ffbc5e66-913e-5eab-abde-d5f07d6881ae	PMC Supplementary Material (rescued)	Targeting RAS Mutant Colorectal Cancer with Dual Inhibition of MEK and CDK4/6 - supplementary data: can-22-0198_supplementary_table_s8_suppst8.xlsx	"Genomic variants or positions (88 rows). Description generated automatically from column headers; not yet curated. Source article: ""Targeting RAS Mutant Colorectal Cancer with Dual Inhibition of MEK and CDK4/6"" (Cancer Res, 2022). Rescued from PubMed Central supplementary material; no dataset-level record existed."	PMC9478530/can-22-0198_supplementary_table_s8_suppst8.xlsx	https://pmc.ncbi.nlm.nih.gov/articles/PMC9478530/	Kopetz S		https://doi.org/10.1158/0008-5472.can-22-0198	35913398	NCI	2022	CC BY-NC-ND	Other	Primary data table	Colorectal Cancer			https://doi.org/10.1158/0008-5472.can-22-0198							
dataset	23ba0685-7917-5d15-b1be-760d322b6df8	PMC Supplementary Material (rescued)	Targeting RAS Mutant Colorectal Cancer with Dual Inhibition of MEK and CDK4/6 - supplementary data: can-22-0198_supplementary_table_s9_suppst9.xlsx	"Numeric measurements underlying figures (1,583 rows by 14 columns). Description generated automatically from column headers; not yet curated. Source article: ""Targeting RAS Mutant Colorectal Cancer with Dual Inhibition of MEK and CDK4/6"" (Cancer Res, 2022). Rescued from PubMed Central supplementary material; no dataset-level record existed."	PMC9478530/can-22-0198_supplementary_table_s9_suppst9.xlsx	https://pmc.ncbi.nlm.nih.gov/articles/PMC9478530/	Kopetz S		https://doi.org/10.1158/0008-5472.can-22-0198	35913398	NCI	2022	CC BY-NC-ND	Other	Primary data table	Colorectal Cancer			https://doi.org/10.1158/0008-5472.can-22-0198							
dataset	6b5a9719-1dac-5896-a1ce-406a5377a130	PMC Supplementary Material (rescued)	A large fraction of trisomy 12, 17p<sup>-</sup>, and 11q<sup>-</sup> CLL cases carry unidentified microdeletions of <i>miR-15a/16-1</i> - supplementary data: pnas.2118752119.sapp.pdf	"Genomic variants or positions (91 rows). Description generated automatically from column headers; not yet curated. Source article: ""A large fraction of trisomy 12, 17p<sup>-</sup>, and 11q<sup>-</sup> CLL cases carry unidentified microdeletions of <i>miR-15a/16-1</i>"" (Proc Natl Acad Sci U S A, 2022). Rescued from PubMed Central supplementary material; no dataset-level record existed."	PMC8794880/pnas.2118752119.sapp.pdf	https://pmc.ncbi.nlm.nih.gov/articles/PMC8794880/	Croce CM		https://doi.org/10.1073/pnas.2118752119	35064090	NCI	2022	CC BY-NC-ND	Other	Primary data table	Leukemias			https://doi.org/10.1073/pnas.2118752119							
dataset	830f36ca-51c9-5c20-a559-b72730a5763c	PMC Supplementary Material (rescued)	A large fraction of trisomy 12, 17p<sup>-</sup>, and 11q<sup>-</sup> CLL cases carry unidentified microdeletions of <i>miR-15a/16-1</i> - supplementary data: pnas.2118752119.sd01.xlsx	"Data table (92 rows by 27 columns). Description generated automatically from column headers; not yet curated. Source article: ""A large fraction of trisomy 12, 17p<sup>-</sup>, and 11q<sup>-</sup> CLL cases carry unidentified microdeletions of <i>miR-15a/16-1</i>"" (Proc Natl Acad Sci U S A, 2022). Rescued from PubMed Central supplementary material; no dataset-level record existed."	PMC8794880/pnas.2118752119.sd01.xlsx	https://pmc.ncbi.nlm.nih.gov/articles/PMC8794880/	Croce CM		https://doi.org/10.1073/pnas.2118752119	35064090	NCI	2022	CC BY-NC-ND	Other	Primary data table	Leukemias			https://doi.org/10.1073/pnas.2118752119							
dataset	3ffd25b7-3679-57d2-b914-d43db53bbbcd	PMC Supplementary Material (rescued)	The neoepitope landscape in pediatric cancers - supplementary data: 13073_2017_468_MOESM2_ESM.xlsx	"Data table (66 rows by 28 columns). Description generated automatically from column headers; not yet curated. Source article: ""The neoepitope landscape in pediatric cancers"" (Genome Med, 2017). Rescued from PubMed Central supplementary material; no dataset-level record existed."	PMC5577668/13073_2017_468_MOESM2_ESM.xlsx	https://pmc.ncbi.nlm.nih.gov/articles/PMC5577668/	Zhang J		https://doi.org/10.1186/s13073-017-0468-3	28854978	NCI	2017	CC BY	Other	Primary data table	Leukemias			https://doi.org/10.1186/s13073-017-0468-3							
dataset	2343c494-d84b-5815-b405-edaeb38bc74e	PMC Supplementary Material (rescued)	The neoepitope landscape in pediatric cancers - supplementary data: 13073_2017_468_MOESM4_ESM.xlsx	"Genomic variants or positions (531 rows). Description generated automatically from column headers; not yet curated. Source article: ""The neoepitope landscape in pediatric cancers"" (Genome Med, 2017). Rescued from PubMed Central supplementary material; no dataset-level record existed."	PMC5577668/13073_2017_468_MOESM4_ESM.xlsx	https://pmc.ncbi.nlm.nih.gov/articles/PMC5577668/	Zhang J		https://doi.org/10.1186/s13073-017-0468-3	28854978	NCI	2017	CC BY	Other	Primary data table	Leukemias			https://doi.org/10.1186/s13073-017-0468-3							
dataset	97db432f-1114-54ea-bb2b-6d6002ba431d	PMC Supplementary Material (rescued)	The neoepitope landscape in pediatric cancers - supplementary data: 13073_2017_468_MOESM1_ESM.xlsx	"Data table (598 rows by 13 columns). Description generated automatically from column headers; not yet curated. Source article: ""The neoepitope landscape in pediatric cancers"" (Genome Med, 2017). Rescued from PubMed Central supplementary material; no dataset-level record existed."	PMC5577668/13073_2017_468_MOESM1_ESM.xlsx	https://pmc.ncbi.nlm.nih.gov/articles/PMC5577668/	Zhang J		https://doi.org/10.1186/s13073-017-0468-3	28854978	NCI	2017	CC BY	Other	Primary data table	Leukemias			https://doi.org/10.1186/s13073-017-0468-3							
dataset	3d993d76-80dc-53b8-929f-0d633129d4f2	PMC Supplementary Material (rescued)	The neoepitope landscape in pediatric cancers - supplementary data: 13073_2017_468_MOESM6_ESM.xlsx	"Gene-level table (108 genes) with 6 measurement columns. Description generated automatically from column headers; not yet curated. Source article: ""The neoepitope landscape in pediatric cancers"" (Genome Med, 2017). Rescued from PubMed Central supplementary material; no dataset-level record existed."	PMC5577668/13073_2017_468_MOESM6_ESM.xlsx	https://pmc.ncbi.nlm.nih.gov/articles/PMC5577668/	Zhang J		https://doi.org/10.1186/s13073-017-0468-3	28854978	NCI	2017	CC BY	Other	Primary data table	Leukemias			https://doi.org/10.1186/s13073-017-0468-3							
dataset	5699f975-0efc-5546-845c-2e80e305da0e	PMC Supplementary Material (rescued)	The neoepitope landscape in pediatric cancers - supplementary data: 13073_2017_468_MOESM5_ESM.xlsx	"Data table (4,669 rows by 6 columns). Description generated automatically from column headers; not yet curated. Source article: ""The neoepitope landscape in pediatric cancers"" (Genome Med, 2017). Rescued from PubMed Central supplementary material; no dataset-level record existed."	PMC5577668/13073_2017_468_MOESM5_ESM.xlsx	https://pmc.ncbi.nlm.nih.gov/articles/PMC5577668/	Zhang J		https://doi.org/10.1186/s13073-017-0468-3	28854978	NCI	2017	CC BY	Other	Primary data table	Leukemias			https://doi.org/10.1186/s13073-017-0468-3							
dataset	59c934c6-441f-52cf-8149-c3af55855477	PMC Supplementary Material (rescued)	Variational autoencoders learn transferrable representations of metabolomics data - supplementary data: 42003_2022_3579_MOESM4_ESM.xlsx	"Numeric measurements underlying figures (165 rows by 7 columns); analysis results rather than raw measurements. Description generated automatically from column headers; not yet curated. Source article: ""Variational autoencoders learn transferrable representations of metabolomics data"" (Commun Biol, 2022). Rescued from PubMed Central supplementary material; no dataset-level record existed."	PMC9246987/42003_2022_3579_MOESM4_ESM.xlsx	https://pmc.ncbi.nlm.nih.gov/articles/PMC9246987/	Krumsiek J		https://doi.org/10.1038/s42003-022-03579-3	35773471	NCI	2022	CC BY	Other	Derived analysis results	Leukemias			https://doi.org/10.1038/s42003-022-03579-3							
dataset	6a43e2e6-26d0-57ca-9372-5e1ed2fe5e3a	PMC Supplementary Material (rescued)	ZMYND11-MBTD1 induces leukemogenesis through hijacking NuA4/TIP60 acetyltransferase complex and a PWWP-mediated chromatin association mechanism - supplementary data: 41467_2021_21357_MOESM7_ESM.xlsx	"Gene-level table (997 genes) with 4 measurement columns. Description generated automatically from column headers; not yet curated. Source article: ""ZMYND11-MBTD1 induces leukemogenesis through hijacking NuA4/TIP60 acetyltransferase complex and a PWWP-mediated chromatin association mechanism"" (Nat Commun, 2021). Rescued from PubMed Central supplementary material; no dataset-level record existed."	PMC7886901/41467_2021_21357_MOESM7_ESM.xlsx	https://pmc.ncbi.nlm.nih.gov/articles/PMC7886901/	Wang GG		https://doi.org/10.1038/s41467-021-21357-3	33594072	NCI	2021	CC BY	Other	Primary data table	Leukemias			https://doi.org/10.1038/s41467-021-21357-3							
dataset	82f15a67-15e6-517d-b3e7-6c65f3370efd	PMC Supplementary Material (rescued)	ZMYND11-MBTD1 induces leukemogenesis through hijacking NuA4/TIP60 acetyltransferase complex and a PWWP-mediated chromatin association mechanism - supplementary data: 41467_2021_21357_MOESM6_ESM.xls	"Gene-level table (1,203 genes) with 6 measurement columns; analysis results rather than raw measurements. Description generated automatically from column headers; not yet curated. Source article: ""ZMYND11-MBTD1 induces leukemogenesis through hijacking NuA4/TIP60 acetyltransferase complex and a PWWP-mediated chromatin association mechanism"" (Nat Commun, 2021). Rescued from PubMed Central supplementary material; no dataset-level record existed."	PMC7886901/41467_2021_21357_MOESM6_ESM.xls	https://pmc.ncbi.nlm.nih.gov/articles/PMC7886901/	Wang GG		https://doi.org/10.1038/s41467-021-21357-3	33594072	NCI	2021	CC BY	Other	Derived analysis results	Leukemias			https://doi.org/10.1038/s41467-021-21357-3							
dataset	e7c13290-eb50-5ee7-8c5b-7ce7871c13c9	PMC Supplementary Material (rescued)	ZMYND11-MBTD1 induces leukemogenesis through hijacking NuA4/TIP60 acetyltransferase complex and a PWWP-mediated chromatin association mechanism - supplementary data: 41467_2021_21357_MOESM5_ESM.xls	"Gene-level table (1,675 genes) with 5 measurement columns. Description generated automatically from column headers; not yet curated. Source article: ""ZMYND11-MBTD1 induces leukemogenesis through hijacking NuA4/TIP60 acetyltransferase complex and a PWWP-mediated chromatin association mechanism"" (Nat Commun, 2021). Rescued from PubMed Central supplementary material; no dataset-level record existed."	PMC7886901/41467_2021_21357_MOESM5_ESM.xls	https://pmc.ncbi.nlm.nih.gov/articles/PMC7886901/	Wang GG		https://doi.org/10.1038/s41467-021-21357-3	33594072	NCI	2021	CC BY	Other	Primary data table	Leukemias			https://doi.org/10.1038/s41467-021-21357-3							
dataset	4913ddd7-e3ee-53ea-8f9b-0ee2c30e8631	PMC Supplementary Material (rescued)	Context Matters: Distinct Disease Outcomes as a Result of Crebbp Hemizygosity in Different Mouse Bone Marrow Compartments - supplementary data: pone.0158649.s012.xls	"Differential expression results (548 genes or features): fold changes and significance between conditions. Description generated automatically from column headers; not yet curated. Source article: ""Context Matters: Distinct Disease Outcomes as a Result of Crebbp Hemizygosity in Different Mouse Bone Marrow Compartments"" (PLoS One, 2016). Rescued from PubMed Central supplementary material; no dataset-level record existed."	PMC4948888/pone.0158649.s012.xls	https://pmc.ncbi.nlm.nih.gov/articles/PMC4948888/	Rebel VI		https://doi.org/10.1371/journal.pone.0158649	27427906	NCI	2016	CC BY	Other	Derived analysis results	Leukemias			https://doi.org/10.1371/journal.pone.0158649							
dataset	40d5ceb0-d907-5de7-a51b-a69cc21d03c5	PMC Supplementary Material (rescued)	Reversible suppression of T cell function in the bone marrow microenvironment of acute myeloid leukemia - supplementary data: pnas.1916206117.sapp.pdf	"Numeric measurements underlying figures (53 rows by 12 columns). Description generated automatically from column headers; not yet curated. Source article: ""Reversible suppression of T cell function in the bone marrow microenvironment of acute myeloid leukemia"" (Proc Natl Acad Sci U S A, 2020). Rescued from PubMed Central supplementary material; no dataset-level record existed."	PMC7321988/pnas.1916206117.sapp.pdf	https://pmc.ncbi.nlm.nih.gov/articles/PMC7321988/	Lind EF		https://doi.org/10.1073/pnas.1916206117	32513686	NCI	2020	CC BY-NC-ND	Other	Primary data table	Leukemias			https://doi.org/10.1073/pnas.1916206117							
dataset	8e59afb4-9bec-57d9-ab9f-8d12a3a7e342	PMC Supplementary Material (rescued)	A general approach for detecting expressed mutations in AML cells using single cell RNA-sequencing - supplementary data: 41467_2019_11591_MOESM3_ESM.xlsx	"Data table (7,393 rows by 4 columns). Description generated automatically from column headers; not yet curated. Source article: ""A general approach for detecting expressed mutations in AML cells using single cell RNA-sequencing"" (Nat Commun, 2019). Rescued from PubMed Central supplementary material; no dataset-level record existed."	PMC6694122/41467_2019_11591_MOESM3_ESM.xlsx	https://pmc.ncbi.nlm.nih.gov/articles/PMC6694122/	Ley TJ		https://doi.org/10.1038/s41467-019-11591-1	31413257	NCI	2019	CC BY	Other	Primary data table	Leukemias			https://doi.org/10.1038/s41467-019-11591-1							
dataset	90c045f0-4934-5d9b-aad1-7f92394334f1	PMC Supplementary Material (rescued)	A general approach for detecting expressed mutations in AML cells using single cell RNA-sequencing - supplementary data: 41467_2019_11591_MOESM6_ESM.xlsx	"Gene-level table (128 genes) with 20 measurement columns. Description generated automatically from column headers; not yet curated. Source article: ""A general approach for detecting expressed mutations in AML cells using single cell RNA-sequencing"" (Nat Commun, 2019). Rescued from PubMed Central supplementary material; no dataset-level record existed."	PMC6694122/41467_2019_11591_MOESM6_ESM.xlsx	https://pmc.ncbi.nlm.nih.gov/articles/PMC6694122/	Ley TJ		https://doi.org/10.1038/s41467-019-11591-1	31413257	NCI	2019	CC BY	Other	Primary data table	Leukemias			https://doi.org/10.1038/s41467-019-11591-1							
dataset	fda344f4-ec53-5098-ade8-925ffcfb41de	PMC Supplementary Material (rescued)	A general approach for detecting expressed mutations in AML cells using single cell RNA-sequencing - supplementary data: 41467_2019_11591_MOESM7_ESM.xlsx	"Gene-level table (1,076 genes) with 6 measurement columns. Description generated automatically from column headers; not yet curated. Source article: ""A general approach for detecting expressed mutations in AML cells using single cell RNA-sequencing"" (Nat Commun, 2019). Rescued from PubMed Central supplementary material; no dataset-level record existed."	PMC6694122/41467_2019_11591_MOESM7_ESM.xlsx	https://pmc.ncbi.nlm.nih.gov/articles/PMC6694122/	Ley TJ		https://doi.org/10.1038/s41467-019-11591-1	31413257	NCI	2019	CC BY	Other	Primary data table	Leukemias			https://doi.org/10.1038/s41467-019-11591-1							
dataset	0a86431a-2410-5c67-83fd-ccb098a0a32b	PMC Supplementary Material (rescued)	AML risk stratification models utilizing ELN-2017 guidelines and additional prognostic factors: a SWOG report - supplementary data: 40364_2020_208_MOESM1_ESM.docx	"Data table (87 rows by 9 columns). Description generated automatically from column headers; not yet curated. Source article: ""AML risk stratification models utilizing ELN-2017 guidelines and additional prognostic factors: a SWOG report"" (Biomark Res, 2020). Rescued from PubMed Central supplementary material; no dataset-level record existed."	PMC7425159/40364_2020_208_MOESM1_ESM.docx	https://pmc.ncbi.nlm.nih.gov/articles/PMC7425159/	Stirewalt DL		https://doi.org/10.1186/s40364-020-00208-1	32817791	NCI	2020	CC BY	Other	Primary data table	Leukemias			https://doi.org/10.1186/s40364-020-00208-1							
dataset	ad68d7a1-e280-5e68-8766-eb6e427bbb85	PMC Supplementary Material (rescued)	Coping strategies in patients with acute myeloid leukemia - supplementary data: advancesADV2021005845-suppl1.pdf	"Data table (141 rows by 35 columns). Description generated automatically from column headers; not yet curated. Source article: ""Coping strategies in patients with acute myeloid leukemia"" (Blood Adv, 2022). Rescued from PubMed Central supplementary material; no dataset-level record existed."	PMC9006266/advancesADV2021005845-suppl1.pdf	https://pmc.ncbi.nlm.nih.gov/articles/PMC9006266/	El-Jawahri A		https://doi.org/10.1182/bloodadvances.2021005845	34768282	NCI	2022	CC BY-NC-ND	Other	Primary data table	Leukemias			https://doi.org/10.1182/bloodadvances.2021005845							
dataset	d6aa2a30-e43a-5656-b3d1-52c5640a7789	PMC Supplementary Material (rescued)	Convergence of oncogenic cooperation at single-cell and single-gene levels drives leukemic transformation - supplementary data: 41467_2021_26582_MOESM8_ESM.xlsx	"Data table (67 rows by 4 columns). Description generated automatically from column headers; not yet curated. Source article: ""Convergence of oncogenic cooperation at single-cell and single-gene levels drives leukemic transformation"" (Nat Commun, 2021). Rescued from PubMed Central supplementary material; no dataset-level record existed."	PMC8566485/41467_2021_26582_MOESM8_ESM.xlsx	https://pmc.ncbi.nlm.nih.gov/articles/PMC8566485/	Xu J		https://doi.org/10.1038/s41467-021-26582-4	34732703	NCI	2021	CC BY	Other	Primary data table	Leukemias			https://doi.org/10.1038/s41467-021-26582-4							
dataset	906f7b10-c292-5775-82ac-f9504e1650cc	PMC Supplementary Material (rescued)	Convergence of oncogenic cooperation at single-cell and single-gene levels drives leukemic transformation - supplementary data: 41467_2021_26582_MOESM6_ESM.xlsx	"Differential expression results (407 genes or features): fold changes and significance between conditions. Description generated automatically from column headers; not yet curated. Source article: ""Convergence of oncogenic cooperation at single-cell and single-gene levels drives leukemic transformation"" (Nat Commun, 2021). Rescued from PubMed Central supplementary material; no dataset-level record existed."	PMC8566485/41467_2021_26582_MOESM6_ESM.xlsx	https://pmc.ncbi.nlm.nih.gov/articles/PMC8566485/	Xu J		https://doi.org/10.1038/s41467-021-26582-4	34732703	NCI	2021	CC BY	Other	Derived analysis results	Leukemias			https://doi.org/10.1038/s41467-021-26582-4							
dataset	c0405732-f742-5782-b526-00f1b6f1baad	PMC Supplementary Material (rescued)	Convergence of oncogenic cooperation at single-cell and single-gene levels drives leukemic transformation - supplementary data: 41467_2021_26582_MOESM11_ESM.xlsx	"Numeric measurements underlying figures (62 rows by 23 columns). Description generated automatically from column headers; not yet curated. Source article: ""Convergence of oncogenic cooperation at single-cell and single-gene levels drives leukemic transformation"" (Nat Commun, 2021). Rescued from PubMed Central supplementary material; no dataset-level record existed."	PMC8566485/41467_2021_26582_MOESM11_ESM.xlsx	https://pmc.ncbi.nlm.nih.gov/articles/PMC8566485/	Xu J		https://doi.org/10.1038/s41467-021-26582-4	34732703	NCI	2021	CC BY	Other	Primary data table	Leukemias			https://doi.org/10.1038/s41467-021-26582-4							
dataset	ae7b8f91-89c0-567d-825c-c530c3deffa1	PMC Supplementary Material (rescued)	Targeting WEE1 to enhance conventional therapies for acute lymphoblastic leukemia - supplementary data: 13045_2018_641_MOESM1_ESM.pdf	"Data table (77 rows by 8 columns). Description generated automatically from column headers; not yet curated. Source article: ""Targeting WEE1 to enhance conventional therapies for acute lymphoblastic leukemia"" (J Hematol Oncol, 2018). Rescued from PubMed Central supplementary material; no dataset-level record existed."	PMC6090987/13045_2018_641_MOESM1_ESM.pdf	https://pmc.ncbi.nlm.nih.gov/articles/PMC6090987/	Martinelli G		https://doi.org/10.1186/s13045-018-0641-1	30068368	NCI	2018	CC BY	Other	Primary data table	Leukemias			https://doi.org/10.1186/s13045-018-0641-1							
dataset	81fde42d-566c-59fd-924e-b17d9e428aaf	PMC Supplementary Material (rescued)	Constructing and deconstructing GATA2-regulated cell fate programs to establish developmental trajectories - supplementary data: JEM_20191526_TableS2.docx	"Differential expression results (150 genes or features): fold changes and significance between conditions. Description generated automatically from column headers; not yet curated. Source article: ""Constructing and deconstructing GATA2-regulated cell fate programs to establish developmental trajectories"" (J Exp Med, 2020). Rescued from PubMed Central supplementary material; no dataset-level record existed."	PMC7596813/JEM_20191526_TableS2.docx	https://pmc.ncbi.nlm.nih.gov/articles/PMC7596813/	Bresnick EH		https://doi.org/10.1084/jem.20191526	32736380	NCI	2020	CC BY-NC-SA	Other	Derived analysis results	Leukemias			https://doi.org/10.1084/jem.20191526							
dataset	991ce220-ed5e-55f4-8037-c1282f0ce766	PMC Supplementary Material (rescued)	Image-seq: spatially resolved single-cell sequencing guided by in situ and in vivo imaging - supplementary data: 41592_2022_1673_MOESM17_ESM.xlsx	"Numeric measurements underlying figures (86 rows by 6 columns). Description generated automatically from column headers; not yet curated. Source article: ""Image-seq: spatially resolved single-cell sequencing guided by in situ and in vivo imaging"" (Nat Methods, 2022). Rescued from PubMed Central supplementary material; no dataset-level record existed."	PMC9718684/41592_2022_1673_MOESM17_ESM.xlsx	https://pmc.ncbi.nlm.nih.gov/articles/PMC9718684/	Lin CP		https://doi.org/10.1038/s41592-022-01673-2	36424441	NCI	2022	CC BY	Other	Primary data table	Leukemias			https://doi.org/10.1038/s41592-022-01673-2							
dataset	db0411db-af05-5345-81ba-f1388520326d	PMC Supplementary Material (rescued)	Image-seq: spatially resolved single-cell sequencing guided by in situ and in vivo imaging - supplementary data: 41592_2022_1673_MOESM16_ESM.xlsx	"Gene-level table (86 genes) with 7 measurement columns. Description generated automatically from column headers; not yet curated. Source article: ""Image-seq: spatially resolved single-cell sequencing guided by in situ and in vivo imaging"" (Nat Methods, 2022). Rescued from PubMed Central supplementary material; no dataset-level record existed."	PMC9718684/41592_2022_1673_MOESM16_ESM.xlsx	https://pmc.ncbi.nlm.nih.gov/articles/PMC9718684/	Lin CP		https://doi.org/10.1038/s41592-022-01673-2	36424441	NCI	2022	CC BY	Other	Primary data table	Leukemias			https://doi.org/10.1038/s41592-022-01673-2							
dataset	ede1d3d6-11f5-5f3a-a0ff-45da278f276a	PMC Supplementary Material (rescued)	Image-seq: spatially resolved single-cell sequencing guided by in situ and in vivo imaging - supplementary data: 41592_2022_1673_MOESM8_ESM.xlsx	"Data table (12,537 rows by 5 columns). Description generated automatically from column headers; not yet curated. Source article: ""Image-seq: spatially resolved single-cell sequencing guided by in situ and in vivo imaging"" (Nat Methods, 2022). Rescued from PubMed Central supplementary material; no dataset-level record existed."	PMC9718684/41592_2022_1673_MOESM8_ESM.xlsx	https://pmc.ncbi.nlm.nih.gov/articles/PMC9718684/	Lin CP		https://doi.org/10.1038/s41592-022-01673-2	36424441	NCI	2022	CC BY	Other	Primary data table	Leukemias			https://doi.org/10.1038/s41592-022-01673-2							
dataset	7cbfa462-1970-53de-8e79-bf6a8c5eb45d	PMC Supplementary Material (rescued)	Image-seq: spatially resolved single-cell sequencing guided by in situ and in vivo imaging - supplementary data: 41592_2022_1673_MOESM14_ESM.xlsx	"Gene-level table (13,459 genes) with 4 measurement columns. Description generated automatically from column headers; not yet curated. Source article: ""Image-seq: spatially resolved single-cell sequencing guided by in situ and in vivo imaging"" (Nat Methods, 2022). Rescued from PubMed Central supplementary material; no dataset-level record existed."	PMC9718684/41592_2022_1673_MOESM14_ESM.xlsx	https://pmc.ncbi.nlm.nih.gov/articles/PMC9718684/	Lin CP		https://doi.org/10.1038/s41592-022-01673-2	36424441	NCI	2022	CC BY	Other	Primary data table	Leukemias			https://doi.org/10.1038/s41592-022-01673-2							
dataset	c0ff29e2-9f1c-538a-bc04-8e16da73a3bd	PMC Supplementary Material (rescued)	Image-seq: spatially resolved single-cell sequencing guided by in situ and in vivo imaging - supplementary data: 41592_2022_1673_MOESM11_ESM.xlsx	"Numeric measurements underlying figures (98 rows by 13 columns). Description generated automatically from column headers; not yet curated. Source article: ""Image-seq: spatially resolved single-cell sequencing guided by in situ and in vivo imaging"" (Nat Methods, 2022). Rescued from PubMed Central supplementary material; no dataset-level record existed."	PMC9718684/41592_2022_1673_MOESM11_ESM.xlsx	https://pmc.ncbi.nlm.nih.gov/articles/PMC9718684/	Lin CP		https://doi.org/10.1038/s41592-022-01673-2	36424441	NCI	2022	CC BY	Other	Primary data table	Leukemias			https://doi.org/10.1038/s41592-022-01673-2							
dataset	29142c82-67aa-5010-ab10-43206b487c02	PMC Supplementary Material (rescued)	Image-seq: spatially resolved single-cell sequencing guided by in situ and in vivo imaging - supplementary data: 41592_2022_1673_MOESM10_ESM.xlsx	"Differential expression results (53,737 genes or features): fold changes and significance between conditions. Description generated automatically from column headers; not yet curated. Source article: ""Image-seq: spatially resolved single-cell sequencing guided by in situ and in vivo imaging"" (Nat Methods, 2022). Rescued from PubMed Central supplementary material; no dataset-level record existed."	PMC9718684/41592_2022_1673_MOESM10_ESM.xlsx	https://pmc.ncbi.nlm.nih.gov/articles/PMC9718684/	Lin CP		https://doi.org/10.1038/s41592-022-01673-2	36424441	NCI	2022	CC BY	Other	Derived analysis results	Leukemias			https://doi.org/10.1038/s41592-022-01673-2							
dataset	1b0542dd-77c3-56b0-9d54-c3853332e682	PMC Supplementary Material (rescued)	Image-seq: spatially resolved single-cell sequencing guided by in situ and in vivo imaging - supplementary data: 41592_2022_1673_MOESM3_ESM.xlsx	"Differential expression results (21,788 genes or features): fold changes and significance between conditions. Description generated automatically from column headers; not yet curated. Source article: ""Image-seq: spatially resolved single-cell sequencing guided by in situ and in vivo imaging"" (Nat Methods, 2022). Rescued from PubMed Central supplementary material; no dataset-level record existed."	PMC9718684/41592_2022_1673_MOESM3_ESM.xlsx	https://pmc.ncbi.nlm.nih.gov/articles/PMC9718684/	Lin CP		https://doi.org/10.1038/s41592-022-01673-2	36424441	NCI	2022	CC BY	Other	Derived analysis results	Leukemias			https://doi.org/10.1038/s41592-022-01673-2							
dataset	35e3a24b-6c02-5990-93d8-0215d6c9c0c8	PMC Supplementary Material (rescued)	Image-seq: spatially resolved single-cell sequencing guided by in situ and in vivo imaging - supplementary data: 41592_2022_1673_MOESM13_ESM.xlsx	"Data table (200 rows by 4 columns). Description generated automatically from column headers; not yet curated. Source article: ""Image-seq: spatially resolved single-cell sequencing guided by in situ and in vivo imaging"" (Nat Methods, 2022). Rescued from PubMed Central supplementary material; no dataset-level record existed."	PMC9718684/41592_2022_1673_MOESM13_ESM.xlsx	https://pmc.ncbi.nlm.nih.gov/articles/PMC9718684/	Lin CP		https://doi.org/10.1038/s41592-022-01673-2	36424441	NCI	2022	CC BY	Other	Primary data table	Leukemias			https://doi.org/10.1038/s41592-022-01673-2							
dataset	307c9923-7441-553f-9ec8-a672a5dab4a7	PMC Supplementary Material (rescued)	Image-seq: spatially resolved single-cell sequencing guided by in situ and in vivo imaging - supplementary data: 41592_2022_1673_MOESM12_ESM.xlsx	"Numeric measurements underlying figures (55 rows by 16 columns). Description generated automatically from column headers; not yet curated. Source article: ""Image-seq: spatially resolved single-cell sequencing guided by in situ and in vivo imaging"" (Nat Methods, 2022). Rescued from PubMed Central supplementary material; no dataset-level record existed."	PMC9718684/41592_2022_1673_MOESM12_ESM.xlsx	https://pmc.ncbi.nlm.nih.gov/articles/PMC9718684/	Lin CP		https://doi.org/10.1038/s41592-022-01673-2	36424441	NCI	2022	CC BY	Other	Primary data table	Leukemias			https://doi.org/10.1038/s41592-022-01673-2							
dataset	5f5fdc3e-f646-5a95-88a0-76a52a459a79	PMC Supplementary Material (rescued)	Family-based exome-wide association study of childhood acute lymphoblastic leukemia among Hispanics confirms role of ARID5B in susceptibility - supplementary data: pone.0180488.s002.docx	"Genomic variants or positions (108 rows). Description generated automatically from column headers; not yet curated. Source article: ""Family-based exome-wide association study of childhood acute lymphoblastic leukemia among Hispanics confirms role of ARID5B in susceptibility"" (PLoS One, 2017). Rescued from PubMed Central supplementary material; no dataset-level record existed."	PMC5560704/pone.0180488.s002.docx	https://pmc.ncbi.nlm.nih.gov/articles/PMC5560704/	Lupo PJ		https://doi.org/10.1371/journal.pone.0180488	28817678	NCI	2017	CC BY	Other	Primary data table	Leukemias			https://doi.org/10.1371/journal.pone.0180488							
dataset	31acbf85-58a8-5bc1-b4a1-a6783a49f7ae	PMC Supplementary Material (rescued)	Synergism between IL7R and CXCR4 drives BCR-ABL induced transformation in Philadelphia chromosome-positive acute lymphoblastic leukemia - supplementary data: 41467_2020_16927_MOESM4_ESM.xlsx	"Differential expression results (670 genes or features): fold changes and significance between conditions. Description generated automatically from column headers; not yet curated. Source article: ""Synergism between IL7R and CXCR4 drives BCR-ABL induced transformation in Philadelphia chromosome-positive acute lymphoblastic leukemia"" (Nat Commun, 2020). Rescued from PubMed Central supplementary material; no dataset-level record existed."	PMC7314847/41467_2020_16927_MOESM4_ESM.xlsx	https://pmc.ncbi.nlm.nih.gov/articles/PMC7314847/	Jumaa H		https://doi.org/10.1038/s41467-020-16927-w	32581241	NCI	2020	CC BY	Other	Derived analysis results	Leukemias			https://doi.org/10.1038/s41467-020-16927-w							
dataset	b3f1cc23-3cbe-59f6-a6ed-b2148f478ffe	PMC Supplementary Material (rescued)	Tumor <i>Trp53</i> status and genotype affect the bone marrow microenvironment in acute myeloid leukemia - supplementary data: oncotarget-08-83354-s006.xlsx	"Pathway or gene-set enrichment results (177 rows): which biological processes were over-represented. Description generated automatically from column headers; not yet curated. Source article: ""Tumor <i>Trp53</i> status and genotype affect the bone marrow microenvironment in acute myeloid leukemia"" (Oncotarget, 2017). Rescued from PubMed Central supplementary material; no dataset-level record existed."	PMC5663521/oncotarget-08-83354-s006.xlsx	https://pmc.ncbi.nlm.nih.gov/articles/PMC5663521/	Andreeff M		https://doi.org/10.18632/oncotarget.19042	29137349	NCI	2017	CC BY	Other	Derived analysis results	Leukemias			https://doi.org/10.18632/oncotarget.19042							
dataset	9c4df6b2-68a9-5111-806f-384e1636e4fd	PMC Supplementary Material (rescued)	Tumor <i>Trp53</i> status and genotype affect the bone marrow microenvironment in acute myeloid leukemia - supplementary data: oncotarget-08-83354-s002.xlsx	"Gene-level table (7,043 genes) with 12 measurement columns. Description generated automatically from column headers; not yet curated. Source article: ""Tumor <i>Trp53</i> status and genotype affect the bone marrow microenvironment in acute myeloid leukemia"" (Oncotarget, 2017). Rescued from PubMed Central supplementary material; no dataset-level record existed."	PMC5663521/oncotarget-08-83354-s002.xlsx	https://pmc.ncbi.nlm.nih.gov/articles/PMC5663521/	Andreeff M		https://doi.org/10.18632/oncotarget.19042	29137349	NCI	2017	CC BY	Other	Primary data table	Leukemias			https://doi.org/10.18632/oncotarget.19042							
dataset	7ebccb1b-d5c0-5886-96a4-337c63494172	PMC Supplementary Material (rescued)	Tumor <i>Trp53</i> status and genotype affect the bone marrow microenvironment in acute myeloid leukemia - supplementary data: oncotarget-08-83354-s007.xlsx	"Gene-level table (301 genes) with 8 measurement columns. Description generated automatically from column headers; not yet curated. Source article: ""Tumor <i>Trp53</i> status and genotype affect the bone marrow microenvironment in acute myeloid leukemia"" (Oncotarget, 2017). Rescued from PubMed Central supplementary material; no dataset-level record existed."	PMC5663521/oncotarget-08-83354-s007.xlsx	https://pmc.ncbi.nlm.nih.gov/articles/PMC5663521/	Andreeff M		https://doi.org/10.18632/oncotarget.19042	29137349	NCI	2017	CC BY	Other	Primary data table	Leukemias			https://doi.org/10.18632/oncotarget.19042							
dataset	3cc6b7ea-37f7-5ebe-a1c6-f55363ed58fa	PMC Supplementary Material (rescued)	Tumor <i>Trp53</i> status and genotype affect the bone marrow microenvironment in acute myeloid leukemia - supplementary data: oncotarget-08-83354-s005.xlsx	"Gene-level table (1,338 genes) with 5 measurement columns. Description generated automatically from column headers; not yet curated. Source article: ""Tumor <i>Trp53</i> status and genotype affect the bone marrow microenvironment in acute myeloid leukemia"" (Oncotarget, 2017). Rescued from PubMed Central supplementary material; no dataset-level record existed."	PMC5663521/oncotarget-08-83354-s005.xlsx	https://pmc.ncbi.nlm.nih.gov/articles/PMC5663521/	Andreeff M		https://doi.org/10.18632/oncotarget.19042	29137349	NCI	2017	CC BY	Other	Primary data table	Leukemias			https://doi.org/10.18632/oncotarget.19042							
dataset	750de9db-e9fc-546f-8406-8f6b926fe457	PMC Supplementary Material (rescued)	Tumor <i>Trp53</i> status and genotype affect the bone marrow microenvironment in acute myeloid leukemia - supplementary data: oncotarget-08-83354-s004.xlsx	"Gene-level table (503 genes) with 7 measurement columns. Description generated automatically from column headers; not yet curated. Source article: ""Tumor <i>Trp53</i> status and genotype affect the bone marrow microenvironment in acute myeloid leukemia"" (Oncotarget, 2017). Rescued from PubMed Central supplementary material; no dataset-level record existed."	PMC5663521/oncotarget-08-83354-s004.xlsx	https://pmc.ncbi.nlm.nih.gov/articles/PMC5663521/	Andreeff M		https://doi.org/10.18632/oncotarget.19042	29137349	NCI	2017	CC BY	Other	Primary data table	Leukemias			https://doi.org/10.18632/oncotarget.19042							
dataset	1df3e96e-c9c5-50e2-9793-90123a95325e	PMC Supplementary Material (rescued)	Tumor <i>Trp53</i> status and genotype affect the bone marrow microenvironment in acute myeloid leukemia - supplementary data: oncotarget-08-83354-s003.xlsx	"Gene-level table (94 genes) with 3 measurement columns. Description generated automatically from column headers; not yet curated. Source article: ""Tumor <i>Trp53</i> status and genotype affect the bone marrow microenvironment in acute myeloid leukemia"" (Oncotarget, 2017). Rescued from PubMed Central supplementary material; no dataset-level record existed."	PMC5663521/oncotarget-08-83354-s003.xlsx	https://pmc.ncbi.nlm.nih.gov/articles/PMC5663521/	Andreeff M		https://doi.org/10.18632/oncotarget.19042	29137349	NCI	2017	CC BY	Other	Primary data table	Leukemias			https://doi.org/10.18632/oncotarget.19042							
dataset	e8effe44-0698-50ee-8f0f-ff5822590d2d	PMC Supplementary Material (rescued)	N-BLR, a primate-specific non-coding transcript leads to colorectal cancer invasion and migration - supplementary data: 13059_2017_1224_MOESM2_ESM.xlsx	"Data table (72 rows by 4 columns). Description generated automatically from column headers; not yet curated. Source article: ""N-BLR, a primate-specific non-coding transcript leads to colorectal cancer invasion and migration"" (Genome Biol, 2017). Rescued from PubMed Central supplementary material; no dataset-level record existed."	PMC5442648/13059_2017_1224_MOESM2_ESM.xlsx	https://pmc.ncbi.nlm.nih.gov/articles/PMC5442648/	Calin GA		https://doi.org/10.1186/s13059-017-1224-0	28535802	NCI	2017	CC BY	Other	Primary data table	Leukemias			https://doi.org/10.1186/s13059-017-1224-0							
dataset	19e488b8-ae49-59f5-83f0-01e8d407f96c	PMC Supplementary Material (rescued)	N-BLR, a primate-specific non-coding transcript leads to colorectal cancer invasion and migration - supplementary data: 13059_2017_1224_MOESM12_ESM.xlsx	"Numeric measurements underlying figures (247 rows by 7 columns). Description generated automatically from column headers; not yet curated. Source article: ""N-BLR, a primate-specific non-coding transcript leads to colorectal cancer invasion and migration"" (Genome Biol, 2017). Rescued from PubMed Central supplementary material; no dataset-level record existed."	PMC5442648/13059_2017_1224_MOESM12_ESM.xlsx	https://pmc.ncbi.nlm.nih.gov/articles/PMC5442648/	Calin GA		https://doi.org/10.1186/s13059-017-1224-0	28535802	NCI	2017	CC BY	Other	Primary data table	Leukemias			https://doi.org/10.1186/s13059-017-1224-0							
dataset	39e0c35f-4692-5692-822d-73edc51a67e6	PMC Supplementary Material (rescued)	Differentiation status of primary chronic myeloid leukemia cells affects sensitivity to BCR-ABL1 inhibitors - supplementary data: oncotarget-08-22606-s003.xlsx	"Data table (297 rows by 7 columns). Description generated automatically from column headers; not yet curated. Source article: ""Differentiation status of primary chronic myeloid leukemia cells affects sensitivity to BCR-ABL1 inhibitors"" (Oncotarget, 2017). Rescued from PubMed Central supplementary material; no dataset-level record existed."	PMC5410248/oncotarget-08-22606-s003.xlsx	https://pmc.ncbi.nlm.nih.gov/articles/PMC5410248/	Porkka K		https://doi.org/10.18632/oncotarget.15146	28186983	NCI	2017	CC BY	Other	Primary data table	Leukemias			https://doi.org/10.18632/oncotarget.15146							
dataset	65508bc9-2043-51dc-995e-2c7cd0f4914e	PMC Supplementary Material (rescued)	DNA methylation epitypes highlight underlying developmental and disease pathways in acute myeloid leukemia - supplementary data: supp_gr.269233.120_Supplemental_Table_S3.xlsx	"Numeric measurements underlying figures (365 rows by 7 columns); analysis results rather than raw measurements. Description generated automatically from column headers; not yet curated. Source article: ""DNA methylation epitypes highlight underlying developmental and disease pathways in acute myeloid leukemia"" (Genome Res, 2021). Rescued from PubMed Central supplementary material; no dataset-level record existed."	PMC8092005/supp_gr.269233.120_Supplemental_Table_S3.xlsx	https://pmc.ncbi.nlm.nih.gov/articles/PMC8092005/	Oakes CC		https://doi.org/10.1101/gr.269233.120	33707228	NCI	2021	CC BY-NC	Other	Derived analysis results	Leukemias			https://doi.org/10.1101/gr.269233.120							
dataset	8bc9512f-d20e-5e54-9206-86e3a3b1ad09	PMC Supplementary Material (rescued)	DNA methylation epitypes highlight underlying developmental and disease pathways in acute myeloid leukemia - supplementary data: supp_gr.269233.120_Supplemental_Tables_S1_S2_S8-11.xlsx	"Genomic variants or positions (215 rows). Description generated automatically from column headers; not yet curated. Source article: ""DNA methylation epitypes highlight underlying developmental and disease pathways in acute myeloid leukemia"" (Genome Res, 2021). Rescued from PubMed Central supplementary material; no dataset-level record existed."	PMC8092005/supp_gr.269233.120_Supplemental_Tables_S1_S2_S8-11.xlsx	https://pmc.ncbi.nlm.nih.gov/articles/PMC8092005/	Oakes CC		https://doi.org/10.1101/gr.269233.120	33707228	NCI	2021	CC BY-NC	Other	Primary data table	Leukemias			https://doi.org/10.1101/gr.269233.120							
dataset	b4c63a47-59ad-52e6-96dc-25071315ba99	PMC Supplementary Material (rescued)	DNA methylation epitypes highlight underlying developmental and disease pathways in acute myeloid leukemia - supplementary data: supp_gr.269233.120_Supplemental_Table_S6.xlsx	"Numeric measurements underlying figures (365 rows by 7 columns); analysis results rather than raw measurements. Description generated automatically from column headers; not yet curated. Source article: ""DNA methylation epitypes highlight underlying developmental and disease pathways in acute myeloid leukemia"" (Genome Res, 2021). Rescued from PubMed Central supplementary material; no dataset-level record existed."	PMC8092005/supp_gr.269233.120_Supplemental_Table_S6.xlsx	https://pmc.ncbi.nlm.nih.gov/articles/PMC8092005/	Oakes CC		https://doi.org/10.1101/gr.269233.120	33707228	NCI	2021	CC BY-NC	Other	Derived analysis results	Leukemias			https://doi.org/10.1101/gr.269233.120							
dataset	643ed971-b3b6-5400-92bc-16102150427d	PMC Supplementary Material (rescued)	DNA methylation epitypes highlight underlying developmental and disease pathways in acute myeloid leukemia - supplementary data: supp_gr.269233.120_Supplemental_Table_S4.xlsx	"Numeric measurements underlying figures (365 rows by 7 columns); analysis results rather than raw measurements. Description generated automatically from column headers; not yet curated. Source article: ""DNA methylation epitypes highlight underlying developmental and disease pathways in acute myeloid leukemia"" (Genome Res, 2021). Rescued from PubMed Central supplementary material; no dataset-level record existed."	PMC8092005/supp_gr.269233.120_Supplemental_Table_S4.xlsx	https://pmc.ncbi.nlm.nih.gov/articles/PMC8092005/	Oakes CC		https://doi.org/10.1101/gr.269233.120	33707228	NCI	2021	CC BY-NC	Other	Derived analysis results	Leukemias			https://doi.org/10.1101/gr.269233.120							
dataset	cf92f5ed-5441-500e-b301-e0d568bb55c6	PMC Supplementary Material (rescued)	From molecular interaction to acute promyelocytic leukemia: Calculating leukemogenesis and remission from endogenous molecular-cellular network - supplementary data: srep24307-s1.pdf	"Numeric measurements underlying figures (238 rows by 18 columns). Description generated automatically from column headers; not yet curated. Source article: ""From molecular interaction to acute promyelocytic leukemia: Calculating leukemogenesis and remission from endogenous molecular-cellular network"" (Sci Rep, 2016). Rescued from PubMed Central supplementary material; no dataset-level record existed."	PMC4838884/srep24307-s1.pdf	https://pmc.ncbi.nlm.nih.gov/articles/PMC4838884/	Ao P		https://doi.org/10.1038/srep24307	27098097	NCI	2016	CC BY	Other	Primary data table	Leukemias			https://doi.org/10.1038/srep24307							
dataset	1851debe-3552-5209-b99a-44c34bb0b28e	PMC Supplementary Material (rescued)	The protective role of DOT1L in UV-induced melanomagenesis - supplementary data: 41467_2017_2687_MOESM9_ESM.xlsx	"Data table (973 rows by 23 columns). Description generated automatically from column headers; not yet curated. Source article: ""The protective role of DOT1L in UV-induced melanomagenesis"" (Nat Commun, 2018). Rescued from PubMed Central supplementary material; no dataset-level record existed."	PMC5772495/41467_2017_2687_MOESM9_ESM.xlsx	https://pmc.ncbi.nlm.nih.gov/articles/PMC5772495/	Cui R		https://doi.org/10.1038/s41467-017-02687-7	29343685	NCI	2018	CC BY	Other	Primary data table	Leukemias			https://doi.org/10.1038/s41467-017-02687-7							
dataset	19f9d42a-6145-569f-b192-140ddf477cd7	PMC Supplementary Material (rescued)	The multi-kinase inhibitor TG02 induces apoptosis and blocks B-cell receptor signaling in chronic lymphocytic leukemia through dual mechanisms of action - supplementary data: 41408_2021_436_MOESM2_ESM.docx	"One row per patient or sample (85 rows), with age, gender, treatment. Description generated automatically from column headers; not yet curated. Source article: ""The multi-kinase inhibitor TG02 induces apoptosis and blocks B-cell receptor signaling in chronic lymphocytic leukemia through dual mechanisms of action"" (Blood Cancer J, 2021). Rescued from PubMed Central supplementary material; no dataset-level record existed."	PMC7956145/41408_2021_436_MOESM2_ESM.docx	https://pmc.ncbi.nlm.nih.gov/articles/PMC7956145/	Plunkett W		https://doi.org/10.1038/s41408-021-00436-0	33714981	NCI	2021	CC BY	Other	Primary data table	Leukemias			https://doi.org/10.1038/s41408-021-00436-0							
dataset	9b0e0bb0-fd4c-5fd5-a9a7-27e62686dd66	PMC Supplementary Material (rescued)	Differential regulation of the c-Myc/Lin28 axis discriminates subclasses of rearranged MLL leukemia - supplementary data: oncotarget-07-25208-s002.xlsx	"Numeric measurements underlying figures (11,025 rows by 24 columns); analysis results rather than raw measurements. Description generated automatically from column headers; not yet curated. Source article: ""Differential regulation of the c-Myc/Lin28 axis discriminates subclasses of rearranged MLL leukemia"" (Oncotarget, 2016). Rescued from PubMed Central supplementary material; no dataset-level record existed."	PMC5041898/oncotarget-07-25208-s002.xlsx	https://pmc.ncbi.nlm.nih.gov/articles/PMC5041898/	Muntean AG		https://doi.org/10.18632/oncotarget.8199	27007052	NCI	2016	CC BY	Other	Derived analysis results	Leukemias			https://doi.org/10.18632/oncotarget.8199							
dataset	2b35e8c3-e8dc-54a0-ad2e-cf0385dfd434	PMC Supplementary Material (rescued)	Targeting serine hydroxymethyltransferases 1 and 2 for T-cell acute lymphoblastic leukemia therapy - supplementary data: EMS131961-supplement-Supplementary_Table_2.pdf	"Pathway or gene-set enrichment results (125 rows): which biological processes were over-represented. Description generated automatically from column headers; not yet curated. Source article: ""Targeting serine hydroxymethyltransferases 1 and 2 for T-cell acute lymphoblastic leukemia therapy"" (Leukemia, 2022). Rescued from PubMed Central supplementary material; no dataset-level record existed."	PMC8807390/EMS131961-supplement-Supplementary_Table_2.pdf	https://pmc.ncbi.nlm.nih.gov/articles/PMC8807390/	Stegmaier K		https://doi.org/10.1038/s41375-021-01361-8	34341479	NCI	2022	CC BY	Other	Derived analysis results	Leukemias			https://doi.org/10.1038/s41375-021-01361-8							
dataset	b7cb09d2-9928-5910-a615-15ba5a8c1355	PMC Supplementary Material (rescued)	Novel genetic variants associated with mortality after unrelated donor allogeneic hematopoietic cell transplantation - supplementary data: mmc2.xls	"Genomic variants or positions (67 rows). Description generated automatically from column headers; not yet curated. Source article: ""Novel genetic variants associated with mortality after unrelated donor allogeneic hematopoietic cell transplantation"" (EClinicalMedicine, 2021). Rescued from PubMed Central supplementary material; no dataset-level record existed."	PMC8548922/mmc2.xls	https://pmc.ncbi.nlm.nih.gov/articles/PMC8548922/	Sucheston-Campbell LE		https://doi.org/10.1016/j.eclinm.2021.101093	34746714	NCI	2021	CC BY-NC-ND	Other	Primary data table	Leukemias			https://doi.org/10.1016/j.eclinm.2021.101093							
dataset	5bf91fae-ffa7-5638-a793-a7800f12ca72	PMC Supplementary Material (rescued)	KRAS, NRAS, and BRAF mutations are highly enriched in trisomy 12 chronic lymphocytic leukemia and are associated with shorter treatment-free survival - supplementary data: 41375_2019_444_MOESM1_ESM.pdf	"Numeric measurements underlying figures (66 rows by 7 columns). Description generated automatically from column headers; not yet curated. Source article: ""KRAS, NRAS, and BRAF mutations are highly enriched in trisomy 12 chronic lymphocytic leukemia and are associated with shorter treatment-free survival"" (Leukemia, 2019). Rescued from PubMed Central supplementary material; no dataset-level record existed."	PMC6756038/41375_2019_444_MOESM1_ESM.pdf	https://pmc.ncbi.nlm.nih.gov/articles/PMC6756038/	Zucchetto A		https://doi.org/10.1038/s41375-019-0444-6	30872781	NCI	2019	CC BY	Other	Primary data table	Leukemias			https://doi.org/10.1038/s41375-019-0444-6							
dataset	48ade715-d010-543d-a244-a7df97a3c721	PMC Supplementary Material (rescued)	Superenhancer reprogramming drives a B-cell-epithelial transition and high-risk leukemia - supplementary data: supp_30.17.1971_Supplemental_Table_S2.xlsx	"Gene-level table (1,284 genes) with 1 measurement columns; analysis results rather than raw measurements. Description generated automatically from column headers; not yet curated. Source article: ""Superenhancer reprogramming drives a B-cell-epithelial transition and high-risk leukemia"" (Genes Dev, 2016). Rescued from PubMed Central supplementary material; no dataset-level record existed."	PMC5066240/supp_30.17.1971_Supplemental_Table_S2.xlsx	https://pmc.ncbi.nlm.nih.gov/articles/PMC5066240/	Georgopoulos K		https://doi.org/10.1101/gad.283762.116	27664237	NCI	2016	CC BY-NC	Other	Derived analysis results	Leukemias			https://doi.org/10.1101/gad.283762.116							
dataset	770168f3-4d40-5dd0-b09e-fbc0fafcbfaa	PMC Supplementary Material (rescued)	Superenhancer reprogramming drives a B-cell-epithelial transition and high-risk leukemia - supplementary data: supp_30.17.1971_Supplemental_Table_S3.xlsx	"Numeric measurements underlying figures (1,260 rows by 9 columns). Description generated automatically from column headers; not yet curated. Source article: ""Superenhancer reprogramming drives a B-cell-epithelial transition and high-risk leukemia"" (Genes Dev, 2016). Rescued from PubMed Central supplementary material; no dataset-level record existed."	PMC5066240/supp_30.17.1971_Supplemental_Table_S3.xlsx	https://pmc.ncbi.nlm.nih.gov/articles/PMC5066240/	Georgopoulos K		https://doi.org/10.1101/gad.283762.116	27664237	NCI	2016	CC BY-NC	Other	Primary data table	Leukemias			https://doi.org/10.1101/gad.283762.116							
dataset	17329fa2-7944-5f5d-8108-b352bb42455a	PMC Supplementary Material (rescued)	Superenhancer reprogramming drives a B-cell-epithelial transition and high-risk leukemia - supplementary data: supp_30.17.1971_Supplemental_Table_S4.xlsx	"Data table (425 rows by 17 columns); analysis results rather than raw measurements. Description generated automatically from column headers; not yet curated. Source article: ""Superenhancer reprogramming drives a B-cell-epithelial transition and high-risk leukemia"" (Genes Dev, 2016). Rescued from PubMed Central supplementary material; no dataset-level record existed."	PMC5066240/supp_30.17.1971_Supplemental_Table_S4.xlsx	https://pmc.ncbi.nlm.nih.gov/articles/PMC5066240/	Georgopoulos K		https://doi.org/10.1101/gad.283762.116	27664237	NCI	2016	CC BY-NC	Other	Derived analysis results	Leukemias			https://doi.org/10.1101/gad.283762.116							
dataset	39dfacb6-f576-5cac-b17e-caec45f25035	PMC Supplementary Material (rescued)	An Improved Boosting to Amplify Signal with Isobaric Labeling (iBASIL) Strategy for Precise Quantitative Single-cell Proteomics - supplementary data: 156844_1_supp_480738_q686dc.xlsx	"Data table (69 rows by 10 columns). Description generated automatically from column headers; not yet curated. Source article: ""An Improved Boosting to Amplify Signal with Isobaric Labeling (iBASIL) Strategy for Precise Quantitative Single-cell Proteomics"" (Mol Cell Proteomics, 2020). Rescued from PubMed Central supplementary material; no dataset-level record existed."	PMC7196584/156844_1_supp_480738_q686dc.xlsx	https://pmc.ncbi.nlm.nih.gov/articles/PMC7196584/	Liu T		https://doi.org/10.1074/mcp.ra119.001857	32127492	NCI	2020	CC BY	Other	Primary data table	Leukemias			https://doi.org/10.1074/mcp.ra119.001857							
dataset	4fe5b1a1-8acb-522a-ac14-3c6a31a2c795	PMC Supplementary Material (rescued)	Methylation and transcription patterns are distinct in IDH mutant gliomas compared to other IDH mutant cancers - supplementary data: 41598_2019_45346_MOESM2_ESM.xlsx	"Differential expression results (4,692 genes or features): fold changes and significance between conditions. Description generated automatically from column headers; not yet curated. Source article: ""Methylation and transcription patterns are distinct in IDH mutant gliomas compared to other IDH mutant cancers"" (Sci Rep, 2019). Rescued from PubMed Central supplementary material; no dataset-level record existed."	PMC6586617/41598_2019_45346_MOESM2_ESM.xlsx	https://pmc.ncbi.nlm.nih.gov/articles/PMC6586617/	Horbinski C		https://doi.org/10.1038/s41598-019-45346-1	31222125	NCI	2019	CC BY	Other	Derived analysis results	Leukemias			https://doi.org/10.1038/s41598-019-45346-1							
dataset	b0a2c250-9930-5841-abb9-00630b4cbe98	PMC Supplementary Material (rescued)	Novel germline TRAF3IP3 mutation in a dyad with familial acute B lymphoblastic leukemia - supplementary data: CNR2-4-e1335-s003.xlsx	"Data table (20,106 rows by 36 columns). Description generated automatically from column headers; not yet curated. Source article: ""Novel germline TRAF3IP3 mutation in a dyad with familial acute B lymphoblastic leukemia"" (Cancer Rep (Hoboken), 2021). Rescued from PubMed Central supplementary material; no dataset-level record existed."	PMC8222551/CNR2-4-e1335-s003.xlsx	https://pmc.ncbi.nlm.nih.gov/articles/PMC8222551/	Rao S		https://doi.org/10.1002/cnr2.1335	33503336	NCI	2021	CC BY-NC-ND	Other	Primary data table	Leukemias			https://doi.org/10.1002/cnr2.1335							
dataset	85a9e69f-e3b3-5676-a978-6c3d76182938	PMC Supplementary Material (rescued)	Novel germline TRAF3IP3 mutation in a dyad with familial acute B lymphoblastic leukemia - supplementary data: CNR2-4-e1335-s002.xlsx	"Gene-level table (57,821 genes) with 8 measurement columns. Description generated automatically from column headers; not yet curated. Source article: ""Novel germline TRAF3IP3 mutation in a dyad with familial acute B lymphoblastic leukemia"" (Cancer Rep (Hoboken), 2021). Rescued from PubMed Central supplementary material; no dataset-level record existed."	PMC8222551/CNR2-4-e1335-s002.xlsx	https://pmc.ncbi.nlm.nih.gov/articles/PMC8222551/	Rao S		https://doi.org/10.1002/cnr2.1335	33503336	NCI	2021	CC BY-NC-ND	Other	Primary data table	Leukemias			https://doi.org/10.1002/cnr2.1335							
dataset	57f85ead-b21c-5572-9f39-cf4a43cd38b1	PMC Supplementary Material (rescued)	Novel germline TRAF3IP3 mutation in a dyad with familial acute B lymphoblastic leukemia - supplementary data: CNR2-4-e1335-s006.xlsx	"Data table (12,124 rows by 5 columns). Description generated automatically from column headers; not yet curated. Source article: ""Novel germline TRAF3IP3 mutation in a dyad with familial acute B lymphoblastic leukemia"" (Cancer Rep (Hoboken), 2021). Rescued from PubMed Central supplementary material; no dataset-level record existed."	PMC8222551/CNR2-4-e1335-s006.xlsx	https://pmc.ncbi.nlm.nih.gov/articles/PMC8222551/	Rao S		https://doi.org/10.1002/cnr2.1335	33503336	NCI	2021	CC BY-NC-ND	Other	Primary data table	Leukemias			https://doi.org/10.1002/cnr2.1335							
dataset	87359a24-b509-5de0-ac21-56c36cdfde48	PMC Supplementary Material (rescued)	Novel germline TRAF3IP3 mutation in a dyad with familial acute B lymphoblastic leukemia - supplementary data: CNR2-4-e1335-s005.xlsx	"Data table (11,377 rows by 5 columns). Description generated automatically from column headers; not yet curated. Source article: ""Novel germline TRAF3IP3 mutation in a dyad with familial acute B lymphoblastic leukemia"" (Cancer Rep (Hoboken), 2021). Rescued from PubMed Central supplementary material; no dataset-level record existed."	PMC8222551/CNR2-4-e1335-s005.xlsx	https://pmc.ncbi.nlm.nih.gov/articles/PMC8222551/	Rao S		https://doi.org/10.1002/cnr2.1335	33503336	NCI	2021	CC BY-NC-ND	Other	Primary data table	Leukemias			https://doi.org/10.1002/cnr2.1335							
dataset	3d781039-34f5-5c3b-b85c-a289ef227f26	PMC Supplementary Material (rescued)	Novel germline TRAF3IP3 mutation in a dyad with familial acute B lymphoblastic leukemia - supplementary data: CNR2-4-e1335-s007.xlsx	"Pathway or gene-set enrichment results (191 rows): which biological processes were over-represented. Description generated automatically from column headers; not yet curated. Source article: ""Novel germline TRAF3IP3 mutation in a dyad with familial acute B lymphoblastic leukemia"" (Cancer Rep (Hoboken), 2021). Rescued from PubMed Central supplementary material; no dataset-level record existed."	PMC8222551/CNR2-4-e1335-s007.xlsx	https://pmc.ncbi.nlm.nih.gov/articles/PMC8222551/	Rao S		https://doi.org/10.1002/cnr2.1335	33503336	NCI	2021	CC BY-NC-ND	Other	Derived analysis results	Leukemias			https://doi.org/10.1002/cnr2.1335							
dataset	8b3dd050-80d8-5532-83ad-1a624033c7cc	PMC Supplementary Material (rescued)	Cancer-specific CTCF binding facilitates oncogenic transcriptional dysregulation - supplementary data: 13059_2020_2152_MOESM6_ESM.xlsx	"Data table (345 rows by 3 columns). Description generated automatically from column headers; not yet curated. Source article: ""Cancer-specific CTCF binding facilitates oncogenic transcriptional dysregulation"" (Genome Biol, 2020). Rescued from PubMed Central supplementary material; no dataset-level record existed."	PMC7493976/13059_2020_2152_MOESM6_ESM.xlsx	https://pmc.ncbi.nlm.nih.gov/articles/PMC7493976/	Zang C		https://doi.org/10.1186/s13059-020-02152-7	32933554	NCI	2020	CC BY	Other	Primary data table	Leukemias			https://doi.org/10.1186/s13059-020-02152-7							
dataset	68fdbf52-ef76-5019-9803-5322ad28c406	PMC Supplementary Material (rescued)	Cancer-specific CTCF binding facilitates oncogenic transcriptional dysregulation - supplementary data: 13059_2020_2152_MOESM3_ESM.xlsx	"Data table (57 rows by 4 columns). Description generated automatically from column headers; not yet curated. Source article: ""Cancer-specific CTCF binding facilitates oncogenic transcriptional dysregulation"" (Genome Biol, 2020). Rescued from PubMed Central supplementary material; no dataset-level record existed."	PMC7493976/13059_2020_2152_MOESM3_ESM.xlsx	https://pmc.ncbi.nlm.nih.gov/articles/PMC7493976/	Zang C		https://doi.org/10.1186/s13059-020-02152-7	32933554	NCI	2020	CC BY	Other	Primary data table	Leukemias			https://doi.org/10.1186/s13059-020-02152-7							
dataset	73e4e0e6-ad62-59c1-b7c7-64f8dedb7960	PMC Supplementary Material (rescued)	Cancer-specific CTCF binding facilitates oncogenic transcriptional dysregulation - supplementary data: 13059_2020_2152_MOESM2_ESM.xlsx	"Data table (795 rows by 11 columns). Description generated automatically from column headers; not yet curated. Source article: ""Cancer-specific CTCF binding facilitates oncogenic transcriptional dysregulation"" (Genome Biol, 2020). Rescued from PubMed Central supplementary material; no dataset-level record existed."	PMC7493976/13059_2020_2152_MOESM2_ESM.xlsx	https://pmc.ncbi.nlm.nih.gov/articles/PMC7493976/	Zang C		https://doi.org/10.1186/s13059-020-02152-7	32933554	NCI	2020	CC BY	Other	Primary data table	Leukemias			https://doi.org/10.1186/s13059-020-02152-7							
dataset	ff4c90fb-223b-595d-84bf-f351d2eebc21	PMC Supplementary Material (rescued)	Cancer-specific CTCF binding facilitates oncogenic transcriptional dysregulation - supplementary data: 13059_2020_2152_MOESM4_ESM.xlsx	"Genomic variants or positions (1,617 rows). Description generated automatically from column headers; not yet curated. Source article: ""Cancer-specific CTCF binding facilitates oncogenic transcriptional dysregulation"" (Genome Biol, 2020). Rescued from PubMed Central supplementary material; no dataset-level record existed."	PMC7493976/13059_2020_2152_MOESM4_ESM.xlsx	https://pmc.ncbi.nlm.nih.gov/articles/PMC7493976/	Zang C		https://doi.org/10.1186/s13059-020-02152-7	32933554	NCI	2020	CC BY	Other	Primary data table	Leukemias			https://doi.org/10.1186/s13059-020-02152-7							
dataset	d6a70448-57e2-5c7f-b793-5ff6e9515acc	PMC Supplementary Material (rescued)	Cancer-specific CTCF binding facilitates oncogenic transcriptional dysregulation - supplementary data: 13059_2020_2152_MOESM8_ESM.xlsx	"Data table (884 rows by 3 columns). Description generated automatically from column headers; not yet curated. Source article: ""Cancer-specific CTCF binding facilitates oncogenic transcriptional dysregulation"" (Genome Biol, 2020). Rescued from PubMed Central supplementary material; no dataset-level record existed."	PMC7493976/13059_2020_2152_MOESM8_ESM.xlsx	https://pmc.ncbi.nlm.nih.gov/articles/PMC7493976/	Zang C		https://doi.org/10.1186/s13059-020-02152-7	32933554	NCI	2020	CC BY	Other	Primary data table	Leukemias			https://doi.org/10.1186/s13059-020-02152-7							
dataset	493c9019-f27d-5f8c-a2eb-b0de20291ae1	PMC Supplementary Material (rescued)	Megakaryopoiesis impairment through acute innate immune signaling activation by azacitidine - supplementary data: JEM_20212228_TableS2.xlsx	"Differential expression results (680 genes or features): fold changes and significance between conditions. Description generated automatically from column headers; not yet curated. Source article: ""Megakaryopoiesis impairment through acute innate immune signaling activation by azacitidine"" (J Exp Med, 2022). Rescued from PubMed Central supplementary material; no dataset-level record existed."	PMC9441716/JEM_20212228_TableS2.xlsx	https://pmc.ncbi.nlm.nih.gov/articles/PMC9441716/	Will B		https://doi.org/10.1084/jem.20212228	36053753	NCI	2022	CC BY-NC-SA	Other	Derived analysis results	Leukemias			https://doi.org/10.1084/jem.20212228							
dataset	11098a5a-66ec-5bbe-b914-64f15deb6243	PMC Supplementary Material (rescued)	Megakaryopoiesis impairment through acute innate immune signaling activation by azacitidine - supplementary data: JEM_20212228_TableS3.xlsx	"Pathway or gene-set enrichment results (116 rows): which biological processes were over-represented. Description generated automatically from column headers; not yet curated. Source article: ""Megakaryopoiesis impairment through acute innate immune signaling activation by azacitidine"" (J Exp Med, 2022). Rescued from PubMed Central supplementary material; no dataset-level record existed."	PMC9441716/JEM_20212228_TableS3.xlsx	https://pmc.ncbi.nlm.nih.gov/articles/PMC9441716/	Will B		https://doi.org/10.1084/jem.20212228	36053753	NCI	2022	CC BY-NC-SA	Other	Primary data table	Leukemias			https://doi.org/10.1084/jem.20212228							
dataset	e9e39860-6ea8-513a-b0c4-f2887e6dd945	PMC Supplementary Material (rescued)	The safety and clinical effectiveness of rapid infusion with CT-P10 in patients with non-Hodgkin's lymphoma or chronic lymphocytic leukemia: A retrospective non-interventional post-authorization safety study in Europe - supplementary data: HON-40-370-s001.docx	"Data table (309 rows by 5 columns). Description generated automatically from column headers; not yet curated. Source article: ""The safety and clinical effectiveness of rapid infusion with CT-P10 in patients with non-Hodgkin's lymphoma or chronic lymphocytic leukemia: A retrospective non-interventional post-authorization safety study in Europe"" (Hematol Oncol, 2022). Rescued from PubMed Central supplementary material; no dataset-level record existed."	PMC9545983/HON-40-370-s001.docx	https://pmc.ncbi.nlm.nih.gov/articles/PMC9545983/	Zinzani PL		https://doi.org/10.1002/hon.2978	35168291	NCI	2022	CC BY	Other	Primary data table	Leukemias			https://doi.org/10.1002/hon.2978							
dataset	4d06a273-f5a8-5f73-b045-352a7484b614	PMC Supplementary Material (rescued)	Insertional mutagenesis using the Sleeping Beauty transposon system identifies drivers of erythroleukemia in mice - supplementary data: 41598_2019_41805_MOESM2_ESM.xlsx	"Data table (54 rows by 8 columns). Description generated automatically from column headers; not yet curated. Source article: ""Insertional mutagenesis using the Sleeping Beauty transposon system identifies drivers of erythroleukemia in mice"" (Sci Rep, 2019). Rescued from PubMed Central supplementary material; no dataset-level record existed."	PMC6445099/41598_2019_41805_MOESM2_ESM.xlsx	https://pmc.ncbi.nlm.nih.gov/articles/PMC6445099/	Clurman BE		https://doi.org/10.1038/s41598-019-41805-x	30940846	NCI	2019	CC BY	Other	Primary data table	Leukemias			https://doi.org/10.1038/s41598-019-41805-x							
dataset	a724d35c-06bc-5d6c-aec7-9631c6980283	PMC Supplementary Material (rescued)	Insertional mutagenesis using the Sleeping Beauty transposon system identifies drivers of erythroleukemia in mice - supplementary data: 41598_2019_41805_MOESM3_ESM.xlsx	"Gene-level table (7,013 genes) with 9 measurement columns. Description generated automatically from column headers; not yet curated. Source article: ""Insertional mutagenesis using the Sleeping Beauty transposon system identifies drivers of erythroleukemia in mice"" (Sci Rep, 2019). Rescued from PubMed Central supplementary material; no dataset-level record existed."	PMC6445099/41598_2019_41805_MOESM3_ESM.xlsx	https://pmc.ncbi.nlm.nih.gov/articles/PMC6445099/	Clurman BE		https://doi.org/10.1038/s41598-019-41805-x	30940846	NCI	2019	CC BY	Other	Primary data table	Leukemias			https://doi.org/10.1038/s41598-019-41805-x							
dataset	8fbc1823-bf07-5424-9538-54cd69683a03	PMC Supplementary Material (rescued)	Insertional mutagenesis using the Sleeping Beauty transposon system identifies drivers of erythroleukemia in mice - supplementary data: 41598_2019_41805_MOESM4_ESM.xlsx	"Differential expression results (75 genes or features): fold changes and significance between conditions. Description generated automatically from column headers; not yet curated. Source article: ""Insertional mutagenesis using the Sleeping Beauty transposon system identifies drivers of erythroleukemia in mice"" (Sci Rep, 2019). Rescued from PubMed Central supplementary material; no dataset-level record existed."	PMC6445099/41598_2019_41805_MOESM4_ESM.xlsx	https://pmc.ncbi.nlm.nih.gov/articles/PMC6445099/	Clurman BE		https://doi.org/10.1038/s41598-019-41805-x	30940846	NCI	2019	CC BY	Other	Derived analysis results	Leukemias			https://doi.org/10.1038/s41598-019-41805-x							
dataset	ab43d1ca-4c05-52cd-ba9e-42d11d8559dc	PMC Supplementary Material (rescued)	Outstanding outcomes in infants with <i>KMT2A</i>-germline acute lymphoblastic leukemia treated with chemotherapy alone: results of the Children's Oncology Group AALL0631 trial - supplementary data: 2021_280146_GUEST_SUPPL.pdf	"One row per patient or sample (61 rows), with age. Description generated automatically from column headers; not yet curated. Source article: ""Outstanding outcomes in infants with <i>KMT2A</i>-germline acute lymphoblastic leukemia treated with chemotherapy alone: results of the Children's Oncology Group AALL0631 trial"" (Haematologica, 2022). Rescued from PubMed Central supplementary material; no dataset-level record existed."	PMC9052896/2021_280146_GUEST_SUPPL.pdf	https://pmc.ncbi.nlm.nih.gov/articles/PMC9052896/	Brown PA		https://doi.org/10.3324/haematol.2021.280146	35172563	NCI	2022	CC BY-NC	Other	Primary data table	Leukemias			https://doi.org/10.3324/haematol.2021.280146							
dataset	6c171179-8f18-5075-bfb9-7eceba997709	PMC Supplementary Material (rescued)	Loss of SIRT1 inhibits hematopoietic stem cell aging and age-dependent mixed phenotype acute leukemia - supplementary data: 42003_2022_3340_MOESM7_ESM.xlsx	"Pathway or gene-set enrichment results (291 rows): which biological processes were over-represented. Description generated automatically from column headers; not yet curated. Source article: ""Loss of SIRT1 inhibits hematopoietic stem cell aging and age-dependent mixed phenotype acute leukemia"" (Commun Biol, 2022). Rescued from PubMed Central supplementary material; no dataset-level record existed."	PMC9051098/42003_2022_3340_MOESM7_ESM.xlsx	https://pmc.ncbi.nlm.nih.gov/articles/PMC9051098/	Chen W		https://doi.org/10.1038/s42003-022-03340-w	35484199	NCI	2022	CC BY	Other	Derived analysis results	Leukemias			https://doi.org/10.1038/s42003-022-03340-w							
dataset	5a82c18e-1c0c-5694-a8de-b4ecc4e4c743	PMC Supplementary Material (rescued)	Loss of SIRT1 inhibits hematopoietic stem cell aging and age-dependent mixed phenotype acute leukemia - supplementary data: 42003_2022_3340_MOESM6_ESM.xlsx	"Gene-level table (157 genes) with 5 measurement columns. Description generated automatically from column headers; not yet curated. Source article: ""Loss of SIRT1 inhibits hematopoietic stem cell aging and age-dependent mixed phenotype acute leukemia"" (Commun Biol, 2022). Rescued from PubMed Central supplementary material; no dataset-level record existed."	PMC9051098/42003_2022_3340_MOESM6_ESM.xlsx	https://pmc.ncbi.nlm.nih.gov/articles/PMC9051098/	Chen W		https://doi.org/10.1038/s42003-022-03340-w	35484199	NCI	2022	CC BY	Other	Primary data table	Leukemias			https://doi.org/10.1038/s42003-022-03340-w							
dataset	8c573104-5758-5139-b307-68f2b9e3b4c6	PMC Supplementary Material (rescued)	Loss of SIRT1 inhibits hematopoietic stem cell aging and age-dependent mixed phenotype acute leukemia - supplementary data: 42003_2022_3340_MOESM5_ESM.xlsx	"Pathway or gene-set enrichment results (474 rows): which biological processes were over-represented. Description generated automatically from column headers; not yet curated. Source article: ""Loss of SIRT1 inhibits hematopoietic stem cell aging and age-dependent mixed phenotype acute leukemia"" (Commun Biol, 2022). Rescued from PubMed Central supplementary material; no dataset-level record existed."	PMC9051098/42003_2022_3340_MOESM5_ESM.xlsx	https://pmc.ncbi.nlm.nih.gov/articles/PMC9051098/	Chen W		https://doi.org/10.1038/s42003-022-03340-w	35484199	NCI	2022	CC BY	Other	Derived analysis results	Leukemias			https://doi.org/10.1038/s42003-022-03340-w							
dataset	46de57e0-0560-5e77-82d4-8cd709f76499	PMC Supplementary Material (rescued)	Loss of SIRT1 inhibits hematopoietic stem cell aging and age-dependent mixed phenotype acute leukemia - supplementary data: 42003_2022_3340_MOESM4_ESM.xlsx	"Pathway or gene-set enrichment results (353 rows): which biological processes were over-represented. Description generated automatically from column headers; not yet curated. Source article: ""Loss of SIRT1 inhibits hematopoietic stem cell aging and age-dependent mixed phenotype acute leukemia"" (Commun Biol, 2022). Rescued from PubMed Central supplementary material; no dataset-level record existed."	PMC9051098/42003_2022_3340_MOESM4_ESM.xlsx	https://pmc.ncbi.nlm.nih.gov/articles/PMC9051098/	Chen W		https://doi.org/10.1038/s42003-022-03340-w	35484199	NCI	2022	CC BY	Other	Derived analysis results	Leukemias			https://doi.org/10.1038/s42003-022-03340-w							
dataset	f3b9ced0-f576-5351-94f8-d859f043e63e	PMC Supplementary Material (rescued)	Loss of SIRT1 inhibits hematopoietic stem cell aging and age-dependent mixed phenotype acute leukemia - supplementary data: 42003_2022_3340_MOESM8_ESM.xlsx	"Differential expression results (251 genes or features): fold changes and significance between conditions. Description generated automatically from column headers; not yet curated. Source article: ""Loss of SIRT1 inhibits hematopoietic stem cell aging and age-dependent mixed phenotype acute leukemia"" (Commun Biol, 2022). Rescued from PubMed Central supplementary material; no dataset-level record existed."	PMC9051098/42003_2022_3340_MOESM8_ESM.xlsx	https://pmc.ncbi.nlm.nih.gov/articles/PMC9051098/	Chen W		https://doi.org/10.1038/s42003-022-03340-w	35484199	NCI	2022	CC BY	Other	Derived analysis results	Leukemias			https://doi.org/10.1038/s42003-022-03340-w							
dataset	db66b21d-31a4-5480-91ac-d18be834d942	PMC Supplementary Material (rescued)	Integrated stem cell signature and cytomolecular risk determination in pediatric acute myeloid leukemia - supplementary data: 41467_2022_33244_MOESM3_ESM.xlsx	"Numeric measurements underlying figures (1,213 rows by 14 columns). Description generated automatically from column headers; not yet curated. Source article: ""Integrated stem cell signature and cytomolecular risk determination in pediatric acute myeloid leukemia"" (Nat Commun, 2022). Rescued from PubMed Central supplementary material; no dataset-level record existed."	PMC9485122/41467_2022_33244_MOESM3_ESM.xlsx	https://pmc.ncbi.nlm.nih.gov/articles/PMC9485122/	Meshinchi S		https://doi.org/10.1038/s41467-022-33244-6	36123353	NCI	2022	CC BY	Other	Primary data table	Leukemias			https://doi.org/10.1038/s41467-022-33244-6							
dataset	cf0641f0-627d-5782-b49c-6d287f0d904d	PMC Supplementary Material (rescued)	Genomic stability at the coding regions of the multidrug transporter gene &lt;i&gt;ABCB1&lt;/i&gt;: insights into the development of alternative drug resistance mechanisms in human leukemia cells - supplementary data: cdr-3-959-SupplementaryMaterials.xlsx	"Genomic variants or positions (1,707 rows). Description generated automatically from column headers; not yet curated. Source article: ""Genomic stability at the coding regions of the multidrug transporter gene &lt;i&gt;ABCB1&lt;/i&gt;: insights into the development of alternative drug resistance mechanisms in human leukemia cells"" (Cancer Drug Resist, 2020). Rescued from PubMed Central supplementary material; no dataset-level record existed."	PMC8445225/cdr-3-959-SupplementaryMaterials.xlsx	https://pmc.ncbi.nlm.nih.gov/articles/PMC8445225/	Sikic BI		https://doi.org/10.20517/cdr.2020.51	34541464	NCI	2020	CC BY	Other	Primary data table	Leukemias			https://doi.org/10.20517/cdr.2020.51							
dataset	78599a6d-f860-5c03-bee0-16c12f2859c1	PMC Supplementary Material (rescued)	Association of allele-specific methylation of the ASNS gene with asparaginase sensitivity and prognosis in T-ALL - supplementary data: advancesADV2021004271-suppl3.xlsx	"Data table (81 rows by 15 columns). Description generated automatically from column headers; not yet curated. Source article: ""Association of allele-specific methylation of the ASNS gene with asparaginase sensitivity and prognosis in T-ALL"" (Blood Adv, 2022). Rescued from PubMed Central supplementary material; no dataset-level record existed."	PMC8753197/advancesADV2021004271-suppl3.xlsx	https://pmc.ncbi.nlm.nih.gov/articles/PMC8753197/	Inukai T		https://doi.org/10.1182/bloodadvances.2021004271	34535013	NCI	2022	CC BY-NC-ND	Other	Primary data table	Leukemias			https://doi.org/10.1182/bloodadvances.2021004271							
dataset	ea712727-9c7d-52f3-b728-0fff9f308c4f	PMC Supplementary Material (rescued)	Discovery of putative tumor suppressors from CRISPR screens reveals rewired lipid metabolism in acute myeloid leukemia cells - supplementary data: 41467_2021_26867_MOESM9_ESM.csv	"Differential expression results (6,633 genes or features): fold changes and significance between conditions. Description generated automatically from column headers; not yet curated. Source article: ""Discovery of putative tumor suppressors from CRISPR screens reveals rewired lipid metabolism in acute myeloid leukemia cells"" (Nat Commun, 2021). Rescued from PubMed Central supplementary material; no dataset-level record existed."	PMC8586352/41467_2021_26867_MOESM9_ESM.csv	https://pmc.ncbi.nlm.nih.gov/articles/PMC8586352/	Hart T		https://doi.org/10.1038/s41467-021-26867-8	34764293	NCI	2021	CC BY	Other	Primary data table	Leukemias			https://doi.org/10.1038/s41467-021-26867-8							
dataset	e264e461-71b5-5782-a88c-6fbe39fdc028	PMC Supplementary Material (rescued)	Discovery of putative tumor suppressors from CRISPR screens reveals rewired lipid metabolism in acute myeloid leukemia cells - supplementary data: 41467_2021_26867_MOESM7_ESM.xlsx	"Gene-level table (12,453 genes) with 7 measurement columns. Description generated automatically from column headers; not yet curated. Source article: ""Discovery of putative tumor suppressors from CRISPR screens reveals rewired lipid metabolism in acute myeloid leukemia cells"" (Nat Commun, 2021). Rescued from PubMed Central supplementary material; no dataset-level record existed."	PMC8586352/41467_2021_26867_MOESM7_ESM.xlsx	https://pmc.ncbi.nlm.nih.gov/articles/PMC8586352/	Hart T		https://doi.org/10.1038/s41467-021-26867-8	34764293	NCI	2021	CC BY	Other	Primary data table	Leukemias			https://doi.org/10.1038/s41467-021-26867-8							
dataset	f6c7215d-7b2c-5a8c-b487-1ab6b17df69a	PMC Supplementary Material (rescued)	Discovery of putative tumor suppressors from CRISPR screens reveals rewired lipid metabolism in acute myeloid leukemia cells - supplementary data: 41467_2021_26867_MOESM5_ESM.csv	"Differential expression results (463 genes or features): fold changes and significance between conditions. Description generated automatically from column headers; not yet curated. Source article: ""Discovery of putative tumor suppressors from CRISPR screens reveals rewired lipid metabolism in acute myeloid leukemia cells"" (Nat Commun, 2021). Rescued from PubMed Central supplementary material; no dataset-level record existed."	PMC8586352/41467_2021_26867_MOESM5_ESM.csv	https://pmc.ncbi.nlm.nih.gov/articles/PMC8586352/	Hart T		https://doi.org/10.1038/s41467-021-26867-8	34764293	NCI	2021	CC BY	Other	Primary data table	Leukemias			https://doi.org/10.1038/s41467-021-26867-8							
dataset	cbb352de-9c5b-5cd3-b893-8763596bb74a	PMC Supplementary Material (rescued)	Discovery of putative tumor suppressors from CRISPR screens reveals rewired lipid metabolism in acute myeloid leukemia cells - supplementary data: 41467_2021_26867_MOESM4_ESM.txt	"Genomic variants or positions (117 rows). Description generated automatically from column headers; not yet curated. Source article: ""Discovery of putative tumor suppressors from CRISPR screens reveals rewired lipid metabolism in acute myeloid leukemia cells"" (Nat Commun, 2021). Rescued from PubMed Central supplementary material; no dataset-level record existed."	PMC8586352/41467_2021_26867_MOESM4_ESM.txt	https://pmc.ncbi.nlm.nih.gov/articles/PMC8586352/	Hart T		https://doi.org/10.1038/s41467-021-26867-8	34764293	NCI	2021	CC BY	Other	Primary data table	Leukemias			https://doi.org/10.1038/s41467-021-26867-8							
dataset	e112db7b-d3ef-5b0a-a0ac-0418c851d727	PMC Supplementary Material (rescued)	Discovery of putative tumor suppressors from CRISPR screens reveals rewired lipid metabolism in acute myeloid leukemia cells - supplementary data: 41467_2021_26867_MOESM11_ESM.xlsx	"Data table (97 rows by 17 columns). Description generated automatically from column headers; not yet curated. Source article: ""Discovery of putative tumor suppressors from CRISPR screens reveals rewired lipid metabolism in acute myeloid leukemia cells"" (Nat Commun, 2021). Rescued from PubMed Central supplementary material; no dataset-level record existed."	PMC8586352/41467_2021_26867_MOESM11_ESM.xlsx	https://pmc.ncbi.nlm.nih.gov/articles/PMC8586352/	Hart T		https://doi.org/10.1038/s41467-021-26867-8	34764293	NCI	2021	CC BY	Other	Primary data table	Leukemias			https://doi.org/10.1038/s41467-021-26867-8							
dataset	3d941cfd-bfe6-5419-92ff-e6f63bda6e25	PMC Supplementary Material (rescued)	Discovery of putative tumor suppressors from CRISPR screens reveals rewired lipid metabolism in acute myeloid leukemia cells - supplementary data: 41467_2021_26867_MOESM8_ESM.txt	"Gene-level table (100 genes) with 3 measurement columns. Description generated automatically from column headers; not yet curated. Source article: ""Discovery of putative tumor suppressors from CRISPR screens reveals rewired lipid metabolism in acute myeloid leukemia cells"" (Nat Commun, 2021). Rescued from PubMed Central supplementary material; no dataset-level record existed."	PMC8586352/41467_2021_26867_MOESM8_ESM.txt	https://pmc.ncbi.nlm.nih.gov/articles/PMC8586352/	Hart T		https://doi.org/10.1038/s41467-021-26867-8	34764293	NCI	2021	CC BY	Other	Primary data table	Leukemias			https://doi.org/10.1038/s41467-021-26867-8							
dataset	6c51349f-2271-5359-af32-cd889c1852a0	PMC Supplementary Material (rescued)	Duplex Sequencing Uncovers Recurrent Low-frequency Cancer-associated Mutations in Infant and Childhood <i>KMT2A</i>-rearranged Acute Leukemia - supplementary data: hs9-6-e785-s001.xlsx	"Data table (55 rows by 78 columns). Description generated automatically from column headers; not yet curated. Source article: ""Duplex Sequencing Uncovers Recurrent Low-frequency Cancer-associated Mutations in Infant and Childhood <i>KMT2A</i>-rearranged Acute Leukemia"" (Hemasphere, 2022). Rescued from PubMed Central supplementary material; no dataset-level record existed."	PMC9529062/hs9-6-e785-s001.xlsx	https://pmc.ncbi.nlm.nih.gov/articles/PMC9529062/	Hagström-Andersson AK		https://doi.org/10.1097/hs9.0000000000000785	36204688	NCI	2022	CC BY	Other	Primary data table	Leukemias			https://doi.org/10.1097/hs9.0000000000000785							
dataset	3eccdf73-f299-5b9b-b584-5b3ffaa87ec3	PMC Supplementary Material (rescued)	Phosphoproteomic profiling of T cell acute lymphoblastic leukemia reveals targetable kinases and combination treatment strategies - supplementary data: 41467_2022_28682_MOESM6_ESM.xlsx	"Data table (68 rows by 93 columns). Description generated automatically from column headers; not yet curated. Source article: ""Phosphoproteomic profiling of T cell acute lymphoblastic leukemia reveals targetable kinases and combination treatment strategies"" (Nat Commun, 2022). Rescued from PubMed Central supplementary material; no dataset-level record existed."	PMC8881579/41467_2022_28682_MOESM6_ESM.xlsx	https://pmc.ncbi.nlm.nih.gov/articles/PMC8881579/	Meijerink JPP		https://doi.org/10.1038/s41467-022-28682-1	35217681	NCI	2022	CC BY	Other	Primary data table	Leukemias			https://doi.org/10.1038/s41467-022-28682-1							
dataset	cf13265e-1a2a-5d5f-9af2-70b26c0c13c4	PMC Supplementary Material (rescued)	Phosphoproteomic profiling of T cell acute lymphoblastic leukemia reveals targetable kinases and combination treatment strategies - supplementary data: 41467_2022_28682_MOESM4_ESM.xlsx	"Proteomics or mass-spectrometry measurements (1,154 rows). Description generated automatically from column headers; not yet curated. Source article: ""Phosphoproteomic profiling of T cell acute lymphoblastic leukemia reveals targetable kinases and combination treatment strategies"" (Nat Commun, 2022). Rescued from PubMed Central supplementary material; no dataset-level record existed."	PMC8881579/41467_2022_28682_MOESM4_ESM.xlsx	https://pmc.ncbi.nlm.nih.gov/articles/PMC8881579/	Meijerink JPP		https://doi.org/10.1038/s41467-022-28682-1	35217681	NCI	2022	CC BY	Other	Primary data table	Leukemias			https://doi.org/10.1038/s41467-022-28682-1							
dataset	3fb919f1-180e-5a15-86bd-afba3408e4dd	PMC Supplementary Material (rescued)	Genomic analysis of cellular hierarchy in acute myeloid leukemia using ultrasensitive LC-FACSeq - supplementary data: 41375_2021_1295_MOESM2_ESM.xlsx	"Data table (183 rows by 13 columns). Description generated automatically from column headers; not yet curated. Source article: ""Genomic analysis of cellular hierarchy in acute myeloid leukemia using ultrasensitive LC-FACSeq"" (Leukemia, 2021). Rescued from PubMed Central supplementary material; no dataset-level record existed."	PMC8606012/41375_2021_1295_MOESM2_ESM.xlsx	https://pmc.ncbi.nlm.nih.gov/articles/PMC8606012/	Blachly JS		https://doi.org/10.1038/s41375-021-01295-1	34021247	NCI	2021	CC BY	Other	Primary data table	Leukemias			https://doi.org/10.1038/s41375-021-01295-1							
dataset	f8795804-123b-5c7c-949f-dd9c8270b7fb	PMC Supplementary Material (rescued)	Proteomic profiling based classification of CLL provides prognostication for modern therapy and identifies novel therapeutic targets - supplementary data: 41408_2022_623_MOESM5_ESM.xlsx	"Data table (386 rows by 64 columns). Description generated automatically from column headers; not yet curated. Source article: ""Proteomic profiling based classification of CLL provides prognostication for modern therapy and identifies novel therapeutic targets"" (Blood Cancer J, 2022). Rescued from PubMed Central supplementary material; no dataset-level record existed."	PMC8931092/41408_2022_623_MOESM5_ESM.xlsx	https://pmc.ncbi.nlm.nih.gov/articles/PMC8931092/	Kornblau SM		https://doi.org/10.1038/s41408-022-00623-7	35301276	NCI	2022	CC BY	Other	Primary data table	Leukemias			https://doi.org/10.1038/s41408-022-00623-7							
dataset	838d31be-8663-5546-88a0-703a3d403647	PMC Supplementary Material (rescued)	Proteomic profiling based classification of CLL provides prognostication for modern therapy and identifies novel therapeutic targets - supplementary data: 41408_2022_623_MOESM8_ESM.xlsx	"Data table (386 rows by 24 columns). Description generated automatically from column headers; not yet curated. Source article: ""Proteomic profiling based classification of CLL provides prognostication for modern therapy and identifies novel therapeutic targets"" (Blood Cancer J, 2022). Rescued from PubMed Central supplementary material; no dataset-level record existed."	PMC8931092/41408_2022_623_MOESM8_ESM.xlsx	https://pmc.ncbi.nlm.nih.gov/articles/PMC8931092/	Kornblau SM		https://doi.org/10.1038/s41408-022-00623-7	35301276	NCI	2022	CC BY	Other	Primary data table	Leukemias			https://doi.org/10.1038/s41408-022-00623-7							
dataset	698cfd7f-6cff-550e-9a0b-b960b5b192cd	PMC Supplementary Material (rescued)	Proteomic profiling based classification of CLL provides prognostication for modern therapy and identifies novel therapeutic targets - supplementary data: 41408_2022_623_MOESM9_ESM.xlsx	"Data table (385 rows by 13 columns). Description generated automatically from column headers; not yet curated. Source article: ""Proteomic profiling based classification of CLL provides prognostication for modern therapy and identifies novel therapeutic targets"" (Blood Cancer J, 2022). Rescued from PubMed Central supplementary material; no dataset-level record existed."	PMC8931092/41408_2022_623_MOESM9_ESM.xlsx	https://pmc.ncbi.nlm.nih.gov/articles/PMC8931092/	Kornblau SM		https://doi.org/10.1038/s41408-022-00623-7	35301276	NCI	2022	CC BY	Other	Primary data table	Leukemias			https://doi.org/10.1038/s41408-022-00623-7							
dataset	a37e78c3-123a-5028-a53c-c9179cb0a05e	PMC Supplementary Material (rescued)	Proteomic profiling based classification of CLL provides prognostication for modern therapy and identifies novel therapeutic targets - supplementary data: 41408_2022_623_MOESM2_ESM.xlsx	"Data table (386 rows by 20 columns). Description generated automatically from column headers; not yet curated. Source article: ""Proteomic profiling based classification of CLL provides prognostication for modern therapy and identifies novel therapeutic targets"" (Blood Cancer J, 2022). Rescued from PubMed Central supplementary material; no dataset-level record existed."	PMC8931092/41408_2022_623_MOESM2_ESM.xlsx	https://pmc.ncbi.nlm.nih.gov/articles/PMC8931092/	Kornblau SM		https://doi.org/10.1038/s41408-022-00623-7	35301276	NCI	2022	CC BY	Other	Primary data table	Leukemias			https://doi.org/10.1038/s41408-022-00623-7							
dataset	829803a3-2fc2-5aab-bc5b-edff231f7d16	PMC Supplementary Material (rescued)	Proteomic and phosphoproteomic landscapes of acute myeloid leukemia - supplementary data: bloodBLD2022016033-suppl2.xlsx	"Proteomics or mass-spectrometry measurements (50 rows). Description generated automatically from column headers; not yet curated. Source article: ""Proteomic and phosphoproteomic landscapes of acute myeloid leukemia"" (Blood, 2022). Rescued from PubMed Central supplementary material; no dataset-level record existed."	PMC9523374/bloodBLD2022016033-suppl2.xlsx	https://pmc.ncbi.nlm.nih.gov/articles/PMC9523374/	Ley TJ		https://doi.org/10.1182/blood.2022016033	35895896	NCI	2022	CC BY-NC-ND	Other	Primary data table	Leukemias			https://doi.org/10.1182/blood.2022016033							
dataset	f865156a-fa54-5cf7-89ea-a25cc8299cd1	PMC Supplementary Material (rescued)	Proteomic and phosphoproteomic landscapes of acute myeloid leukemia - supplementary data: bloodBLD2022016033-suppl8.xlsx	"Proteomics or mass-spectrometry measurements (19,516 rows). Description generated automatically from column headers; not yet curated. Source article: ""Proteomic and phosphoproteomic landscapes of acute myeloid leukemia"" (Blood, 2022). Rescued from PubMed Central supplementary material; no dataset-level record existed."	PMC9523374/bloodBLD2022016033-suppl8.xlsx	https://pmc.ncbi.nlm.nih.gov/articles/PMC9523374/	Ley TJ		https://doi.org/10.1182/blood.2022016033	35895896	NCI	2022	CC BY-NC-ND	Other	Primary data table	Leukemias			https://doi.org/10.1182/blood.2022016033							
dataset	ddfa3b61-945f-5265-897e-6167c71c21b8	PMC Supplementary Material (rescued)	Proteomic and phosphoproteomic landscapes of acute myeloid leukemia - supplementary data: 10.1182-2022016033_bloodbld2022016033-suppl4.xlsx	"Proteomics or mass-spectrometry measurements (10,652 rows). Description generated automatically from column headers; not yet curated. Source article: ""Proteomic and phosphoproteomic landscapes of acute myeloid leukemia"" (Blood, 2022). Rescued from PubMed Central supplementary material; no dataset-level record existed."	PMC9523374/10.1182-2022016033_bloodbld2022016033-suppl4.xlsx	https://pmc.ncbi.nlm.nih.gov/articles/PMC9523374/	Ley TJ		https://doi.org/10.1182/blood.2022016033	35895896	NCI	2022	CC BY-NC-ND	Other	Primary data table	Leukemias			https://doi.org/10.1182/blood.2022016033							
dataset	6c81934d-c0f5-5c9f-af5c-b57baf64103f	PMC Supplementary Material (rescued)	Proteomic and phosphoproteomic landscapes of acute myeloid leukemia - supplementary data: 10.1182-2022016033_bloodbld2022016033-suppl7.xlsx	"Proteomics or mass-spectrometry measurements (2,209 rows). Description generated automatically from column headers; not yet curated. Source article: ""Proteomic and phosphoproteomic landscapes of acute myeloid leukemia"" (Blood, 2022). Rescued from PubMed Central supplementary material; no dataset-level record existed."	PMC9523374/10.1182-2022016033_bloodbld2022016033-suppl7.xlsx	https://pmc.ncbi.nlm.nih.gov/articles/PMC9523374/	Ley TJ		https://doi.org/10.1182/blood.2022016033	35895896	NCI	2022	CC BY-NC-ND	Other	Primary data table	Leukemias			https://doi.org/10.1182/blood.2022016033							
dataset	c6b83891-70b8-5dfb-8597-3246a643b216	PMC Supplementary Material (rescued)	Proteomic and phosphoproteomic landscapes of acute myeloid leukemia - supplementary data: bloodBLD2022016033-suppl5.xlsx	"Gene-level table (19,125 genes) with 62 measurement columns. Description generated automatically from column headers; not yet curated. Source article: ""Proteomic and phosphoproteomic landscapes of acute myeloid leukemia"" (Blood, 2022). Rescued from PubMed Central supplementary material; no dataset-level record existed."	PMC9523374/bloodBLD2022016033-suppl5.xlsx	https://pmc.ncbi.nlm.nih.gov/articles/PMC9523374/	Ley TJ		https://doi.org/10.1182/blood.2022016033	35895896	NCI	2022	CC BY-NC-ND	Other	Primary data table	Leukemias			https://doi.org/10.1182/blood.2022016033							
dataset	978102a4-579d-5ea1-a76b-c77be369d030	PMC Supplementary Material (rescued)	Proteomic and phosphoproteomic landscapes of acute myeloid leukemia - supplementary data: bloodBLD2022016033-suppl6.xlsx	"Proteomics or mass-spectrometry measurements (10,126 rows). Description generated automatically from column headers; not yet curated. Source article: ""Proteomic and phosphoproteomic landscapes of acute myeloid leukemia"" (Blood, 2022). Rescued from PubMed Central supplementary material; no dataset-level record existed."	PMC9523374/bloodBLD2022016033-suppl6.xlsx	https://pmc.ncbi.nlm.nih.gov/articles/PMC9523374/	Ley TJ		https://doi.org/10.1182/blood.2022016033	35895896	NCI	2022	CC BY-NC-ND	Other	Primary data table	Leukemias			https://doi.org/10.1182/blood.2022016033							
dataset	7c78d687-5c87-5736-bd84-9281b095448f	PMC Supplementary Material (rescued)	Proteomic and phosphoproteomic landscapes of acute myeloid leukemia - supplementary data: bloodBLD2022016033-suppl4.xlsx	"Proteomics or mass-spectrometry measurements (10,652 rows). Description generated automatically from column headers; not yet curated. Source article: ""Proteomic and phosphoproteomic landscapes of acute myeloid leukemia"" (Blood, 2022). Rescued from PubMed Central supplementary material; no dataset-level record existed."	PMC9523374/bloodBLD2022016033-suppl4.xlsx	https://pmc.ncbi.nlm.nih.gov/articles/PMC9523374/	Ley TJ		https://doi.org/10.1182/blood.2022016033	35895896	NCI	2022	CC BY-NC-ND	Other	Primary data table	Leukemias			https://doi.org/10.1182/blood.2022016033							
dataset	36f0a8d9-0f70-559c-a656-2e9f0f8f8c07	PMC Supplementary Material (rescued)	Proteomic and phosphoproteomic landscapes of acute myeloid leukemia - supplementary data: 10.1182-2022016033_bloodbld2022016033-suppl5.xlsx	"Gene-level table (19,125 genes) with 62 measurement columns. Description generated automatically from column headers; not yet curated. Source article: ""Proteomic and phosphoproteomic landscapes of acute myeloid leukemia"" (Blood, 2022). Rescued from PubMed Central supplementary material; no dataset-level record existed."	PMC9523374/10.1182-2022016033_bloodbld2022016033-suppl5.xlsx	https://pmc.ncbi.nlm.nih.gov/articles/PMC9523374/	Ley TJ		https://doi.org/10.1182/blood.2022016033	35895896	NCI	2022	CC BY-NC-ND	Other	Primary data table	Leukemias			https://doi.org/10.1182/blood.2022016033							
dataset	9990b886-ac43-54f8-9536-ba83e5f27d09	PMC Supplementary Material (rescued)	Proteomic and phosphoproteomic landscapes of acute myeloid leukemia - supplementary data: bloodBLD2022016033-suppl7.xlsx	"Proteomics or mass-spectrometry measurements (2,209 rows). Description generated automatically from column headers; not yet curated. Source article: ""Proteomic and phosphoproteomic landscapes of acute myeloid leukemia"" (Blood, 2022). Rescued from PubMed Central supplementary material; no dataset-level record existed."	PMC9523374/bloodBLD2022016033-suppl7.xlsx	https://pmc.ncbi.nlm.nih.gov/articles/PMC9523374/	Ley TJ		https://doi.org/10.1182/blood.2022016033	35895896	NCI	2022	CC BY-NC-ND	Other	Primary data table	Leukemias			https://doi.org/10.1182/blood.2022016033							
dataset	48684c58-aabf-5784-ace0-f99e9bfe67a4	PMC Supplementary Material (rescued)	Proteomic and phosphoproteomic landscapes of acute myeloid leukemia - supplementary data: 10.1182-2022016033_bloodbld2022016033-suppl8.xlsx	"Proteomics or mass-spectrometry measurements (19,516 rows). Description generated automatically from column headers; not yet curated. Source article: ""Proteomic and phosphoproteomic landscapes of acute myeloid leukemia"" (Blood, 2022). Rescued from PubMed Central supplementary material; no dataset-level record existed."	PMC9523374/10.1182-2022016033_bloodbld2022016033-suppl8.xlsx	https://pmc.ncbi.nlm.nih.gov/articles/PMC9523374/	Ley TJ		https://doi.org/10.1182/blood.2022016033	35895896	NCI	2022	CC BY-NC-ND	Other	Primary data table	Leukemias			https://doi.org/10.1182/blood.2022016033							
dataset	fc30e4f4-4215-5633-b024-862ac6909b22	PMC Supplementary Material (rescued)	Proteomic and phosphoproteomic landscapes of acute myeloid leukemia - supplementary data: 10.1182-2022016033_bloodbld2022016033-suppl3.xlsx	"One row per patient or sample (45 rows), with age, sex; analysis results rather than raw measurements. Description generated automatically from column headers; not yet curated. Source article: ""Proteomic and phosphoproteomic landscapes of acute myeloid leukemia"" (Blood, 2022). Rescued from PubMed Central supplementary material; no dataset-level record existed."	PMC9523374/10.1182-2022016033_bloodbld2022016033-suppl3.xlsx	https://pmc.ncbi.nlm.nih.gov/articles/PMC9523374/	Ley TJ		https://doi.org/10.1182/blood.2022016033	35895896	NCI	2022	CC BY-NC-ND	Other	Derived analysis results	Leukemias			https://doi.org/10.1182/blood.2022016033							
dataset	8a0275b5-784e-5dcb-99ad-cb254e392f63	PMC Supplementary Material (rescued)	Proteomic and phosphoproteomic landscapes of acute myeloid leukemia - supplementary data: 10.1182-2022016033_bloodbld2022016033-suppl6.xlsx	"Proteomics or mass-spectrometry measurements (10,126 rows). Description generated automatically from column headers; not yet curated. Source article: ""Proteomic and phosphoproteomic landscapes of acute myeloid leukemia"" (Blood, 2022). Rescued from PubMed Central supplementary material; no dataset-level record existed."	PMC9523374/10.1182-2022016033_bloodbld2022016033-suppl6.xlsx	https://pmc.ncbi.nlm.nih.gov/articles/PMC9523374/	Ley TJ		https://doi.org/10.1182/blood.2022016033	35895896	NCI	2022	CC BY-NC-ND	Other	Primary data table	Leukemias			https://doi.org/10.1182/blood.2022016033							
dataset	6953c4fe-19a8-5123-8c0f-140696602cb7	PMC Supplementary Material (rescued)	Proteomic and phosphoproteomic landscapes of acute myeloid leukemia - supplementary data: bloodBLD2022016033-suppl3.xlsx	"One row per patient or sample (45 rows), with age, sex; analysis results rather than raw measurements. Description generated automatically from column headers; not yet curated. Source article: ""Proteomic and phosphoproteomic landscapes of acute myeloid leukemia"" (Blood, 2022). Rescued from PubMed Central supplementary material; no dataset-level record existed."	PMC9523374/bloodBLD2022016033-suppl3.xlsx	https://pmc.ncbi.nlm.nih.gov/articles/PMC9523374/	Ley TJ		https://doi.org/10.1182/blood.2022016033	35895896	NCI	2022	CC BY-NC-ND	Other	Derived analysis results	Leukemias			https://doi.org/10.1182/blood.2022016033							
dataset	d9e2deee-43c9-5f56-a049-7e8a8e049f23	PMC Supplementary Material (rescued)	Proteomic and phosphoproteomic landscapes of acute myeloid leukemia - supplementary data: 10.1182-2022016033_bloodbld2022016033-suppl2.xlsx	"Proteomics or mass-spectrometry measurements (50 rows). Description generated automatically from column headers; not yet curated. Source article: ""Proteomic and phosphoproteomic landscapes of acute myeloid leukemia"" (Blood, 2022). Rescued from PubMed Central supplementary material; no dataset-level record existed."	PMC9523374/10.1182-2022016033_bloodbld2022016033-suppl2.xlsx	https://pmc.ncbi.nlm.nih.gov/articles/PMC9523374/	Ley TJ		https://doi.org/10.1182/blood.2022016033	35895896	NCI	2022	CC BY-NC-ND	Other	Primary data table	Leukemias			https://doi.org/10.1182/blood.2022016033							
