pmcid,journal,year,license,fetch,n_files,n_dataset_files,n_small_tables,n_figures,n_docs,verdict,kinds,title
PMC5199063,PLoS One,2016,cc by,ok,3,1,0,0,2,dataset_medium,numeric,Assessing Agreement between Radiomic Features Computed for Multiple CT Imaging Settings.
PMC5189936,PLoS Genet,2016,cc by,ok,7,1,4,0,2,dataset_medium,omics,Gene Expression Differences in Prostate Cancers between Young and Old Men.
PMC5196438,Nat Commun,2016,cc by,ok,2,1,0,0,1,dataset_medium,mixed,Reprogramming the immunological microenvironment through radiation and targeting Axl.
PMC5171841,Nat Commun,2016,cc by,ok,4,2,0,0,2,dataset_large,numeric,Integrative modelling of tumour DNA methylation quantifies the contribution of metabolism.
PMC5172533,PLoS Genet,2016,cc by,ok,7,6,0,0,1,dataset_large,clinical;mixed;numeric;omics,Enrichment of Targetable Mutations in the Relapsed Neuroblastoma Genome.
PMC5169358,PLoS Biol,2016,cc by,ok,1,1,0,0,0,dataset_large,numeric,Regulation of the Human Telomerase Gene TERT by Telomere Position Effect-Over Long Distances (TPE-OLD): Implications for Aging and Cancer.
PMC5156387,PLoS One,2016,cc0,ok,8,6,2,0,0,dataset_large,mixed;numeric,Strategies for Enriching Variant Coverage in Candidate Disease Loci on a Multiethnic Genotyping Array.
PMC5159803,Sci Rep,2016,cc by,ok,2,1,0,0,1,dataset_large,numeric,Time Series miRNA-mRNA integrated analysis reveals critical miRNAs and targets in macrophage polarization.
PMC5156925,Sci Rep,2016,cc by,ok,6,4,0,0,2,dataset_medium,mixed;numeric,The double-domain cytidine deaminase APOBEC3G is a cellular site-specific RNA editing enzyme.
PMC5179193,Elife,2016,cc by,ok,6,3,3,0,0,dataset_medium,numeric,Experimental reconstitution of chronic ER stress in the liver reveals feedback suppression of BiP mRNA expression.
PMC5140047,PLoS Med,2016,cc0,ok,8,2,3,0,3,dataset_large,mixed;omics,Somatic Genomics and Clinical Features of Lung Adenocarcinoma: A Retrospective Study.
PMC5140055,PLoS Med,2016,cc by,ok,8,6,1,0,1,dataset_large,numeric;omics,Expression of lncRNAs in Low-Grade Gliomas and Glioblastoma Multiforme: An In Silico Analysis.
PMC5138641,Sci Rep,2016,cc by,ok,3,0,2,0,1,small_table,,Identification of KIAA1199 as a Biomarker for Pancreatic Intraepithelial Neoplasia.
PMC5139078,BMC Mol Biol,2016,cc by,ok,1,0,1,0,0,small_table,,3C-digital PCR for quantification of chromatin interactions.
PMC5145182,PLoS One,2016,cc0,ok,1,0,1,0,0,small_table,,Influence of Fasting Status and Sample Preparation on Metabolic Biomarker Measurements in Postmenopausal Women.
PMC5144960,G3 (Bethesda),2016,cc by,ok,5,1,0,0,2,dataset_large,omics,Diversity Outbred Mice at 21: Maintaining Allelic Variation in the Face of Selection.
PMC5144956,G3 (Bethesda),2016,cc by,ok,6,0,1,0,4,small_table,,Drosophila CG2469 Encodes a Homolog of Human CTR9 and Is Essential for Development.
PMC5279995,Tomography,2016,cc by,ok,2,0,0,0,0,tables_only,,Radiomics of Lung Nodules: A Multi-Institutional Study of Robustness and Agreement of Quantitative Imaging Features.
PMC5238729,Genes Dev,2016,cc by-nc,ok,3,1,1,0,0,dataset_medium,omics,DLG5 connects cell polarity and Hippo signaling protein networks by linking PAR-1 with MST1/2.
PMC5131501,BMC Genomics,2016,cc by,ok,8,6,1,0,1,dataset_large,numeric;omics,Analysis of RNA expression of normal and cancer tissues reveals high correlation of COP9 gene expression with respiratory chain complex components.
PMC5341332,Oncotarget,2016,cc by,ok,2,1,0,0,1,dataset_large,numeric,Comparative proteomics of a model MCF10A-KRasG12V cell line reveals a distinct molecular signature of the KRasG12V cell surface.
PMC5130174,PLoS One,2016,cc by,ok,1,1,0,0,0,dataset_medium,numeric,Methylation of Breast Cancer Predisposition Genes in Early-Onset Breast Cancer: Australian Breast Cancer Family Registry.
PMC5125100,Sci Rep,2016,cc by,ok,2,1,0,0,1,dataset_large,mixed,Circular RNAs are down-regulated in KRAS mutant colon cancer cells and can be transferred to exosomes.
PMC5141297,Nat Commun,2016,cc by,ok,4,2,0,0,2,dataset_medium,clinical,Functional exploration of colorectal cancer genomes using Drosophila.
PMC5125691,PLoS One,2016,cc by,ok,8,3,0,0,5,dataset_medium,numeric,HPLC-Based Mass Spectrometry Characterizes the Phospholipid Alterations in Ether-Linked Lipid Deficiency Models Following Oxidative Stress.
PMC5347779,Oncotarget,2016,cc by,ok,2,1,0,0,1,dataset_medium,numeric,FGFR signaling maintains a drug persistent cell population following epithelial-mesenchymal transition.
PMC5348369,Oncotarget,2016,cc by,ok,8,7,0,0,1,dataset_large,mixed;numeric;omics,Circular RNAs and their associations with breast cancer subtypes.
PMC5120855,PLoS One,2016,cc0,ok,4,2,0,0,2,dataset_large,mixed;numeric,Interleukin-15 (IL-15) Strongly Correlates with Increasing HIV-1 Viremia and Markers of Inflammation.
PMC5120272,Sci Rep,2016,cc by,ok,5,2,0,0,1,dataset_medium,numeric,Logic models to predict continuous outputs based on binary inputs with an application to personalized cancer therapy.
PMC5116676,Sci Rep,2016,cc by,ok,6,6,0,0,0,dataset_large,numeric,Classification of Tandem Mass Spectra for Identification of N- and O-linked Glycopeptides.
PMC5113908,PLoS One,2016,cc by,ok,2,2,0,0,0,dataset_large,omics,Genomic and Transcriptomic Alterations Associated with STAT3 Activation in Head and Neck Cancer.
PMC5114527,Nat Commun,2016,cc by,ok,5,3,1,0,1,dataset_medium,mixed;numeric,A principal component meta-analysis on multiple anthropometric traits identifies novel loci for body shape.
PMC5235921,Oncoscience,2016,cc by,ok,2,1,0,0,1,dataset_large,omics,Loss of the SWI/SNF ATPase subunits BRM and BRG1 drives lung cancer development.
PMC5161529,Stem Cell Reports,2016,cc by,ok,4,2,0,0,2,dataset_medium,omics,PAR1 Scaffolds TGFβRII to Downregulate TGF-β Signaling and Activate ESC Differentiation to Endothelial Cells.
PMC5113041,PLoS One,2016,cc0,ok,5,0,0,0,0,no_tabular_data,,An Observation-Driven Agent-Based Modeling and Analysis Framework for C. elegans Embryogenesis.
PMC5105253,Mol Cancer,2016,cc by,ok,3,1,0,2,0,dataset_large,numeric,miR-375 induces docetaxel resistance in prostate cancer by targeting SEC23A and YAP1.
PMC5111315,Genome Biol,2016,cc by,ok,2,1,0,0,1,dataset_large,mixed,Choosing panels of genomics assays using submodular optimization.
PMC5112958,PLoS One,2016,cc by,ok,1,1,0,0,0,dataset_large,numeric,MUC1 Expression by Immunohistochemistry Is Associated with Adverse Pathologic Features in Prostate Cancer: A Multi-Institutional Study.
PMC5102403,PLoS Genet,2016,cc by,ok,6,4,0,0,1,dataset_large,mixed;numeric;omics,Proteomic Landscape of Tissue-Specific Cyclin E Functions in Vivo.
PMC5106030,PLoS Genet,2016,cc by,ok,2,1,0,0,1,dataset_medium,mixed,Survey of the Heritability and Sparse Architecture of Gene Expression Traits across Human Tissues.
PMC5094737,PLoS One,2016,cc by,ok,18,7,4,0,7,dataset_large,mixed;numeric;omics,The Modular Adaptive Ribosome.
PMC5094675,PLoS Comput Biol,2016,cc by,ok,12,4,2,0,6,dataset_medium,mixed;numeric,WORMHOLE: Novel Least Diverged Ortholog Prediction through Machine Learning.
PMC5097387,Breast Cancer Res,2016,cc by,ok,14,3,3,0,8,dataset_large,mixed;numeric,Deep targeted sequencing of 12 breast cancer susceptibility regions in 4611 women across four different ethnicities.
PMC5100845,G3 (Bethesda),2016,cc by,ok,6,1,0,0,3,dataset_medium,numeric,Depletion of Shine-Dalgarno Sequences Within Bacterial Coding Regions Is Expression Dependent.
PMC5091860,PLoS One,2016,cc by,ok,2,1,0,0,1,dataset_medium,numeric,Genetic and Epigenetic Regulation of TOX3 Expression in Breast Cancer.
PMC5099140,Front Oncol,2016,cc by,ok,3,0,1,0,0,small_table,,Multiparameter Evaluation of the Heterogeneity of Circulating Tumor Cells Using Integrated RNA <i>In Situ</i> Hybridization and Immunocytochemical Analysis.
PMC5096717,PLoS Biol,2016,cc by,ok,28,9,2,11,6,dataset_large,numeric,"Differences in Collaboration Patterns across Discipline, Career Stage, and Gender."
PMC5340123,Oncotarget,2016,cc by,ok,3,1,1,0,1,dataset_medium,mixed,Inherited variants affecting RNA editing may contribute to ovarian cancer susceptibility: results from a large-scale collaboration.
PMC5341940,Oncotarget,2016,cc by,ok,5,3,1,0,1,dataset_medium,numeric;omics,Clonal and microclonal mutational heterogeneity in high hyperdiploid acute lymphoblastic leukemia.
PMC5091766,PLoS Pathog,2016,cc by,ok,1,1,0,0,0,dataset_medium,omics,"The Listeria monocytogenes PASTA Kinase PrkA and Its Substrate YvcK Are Required for Cell Wall Homeostasis, Metabolism, and Virulence."
PMC5191868,Aging (Albany NY),2016,cc by,ok,2,1,0,0,1,dataset_medium,mixed,Aging is associated with an expansion of CD49f<sup>hi</sup> mammary stem cells that show a decline in function and increased transformation potential.
PMC5082893,PLoS Biol,2016,cc by,ok,9,0,1,0,8,small_table,,Brain Connectivity Predicts Placebo Response across Chronic Pain Clinical Trials.
PMC5346742,Oncotarget,2016,cc by,ok,5,2,1,0,1,dataset_medium,numeric;omics,Therapeutic efficacy of the bromodomain inhibitor OTX015/MK-8628 in ALK-positive anaplastic large cell lymphoma: an alternative modality to overcome resistant phenotypes.
PMC5087864,PLoS One,2016,cc by,ok,6,0,1,0,0,small_table,,Platform-Independent Genome-Wide Pattern of DNA Copy-Number Alterations Predicting Astrocytoma Survival and Response to Treatment Revealed by the GSVD Formulated as a Comparative Spectral Decomposition.
PMC5093336,Nat Commun,2016,cc by,ok,2,1,0,0,1,dataset_medium,omics,Robust homology-directed repair within mouse mammary tissue is not specifically affected by Brca2 mutation.
PMC5131821,Genome Res,2016,cc by-nc,ok,8,0,3,1,1,small_table,,An integrated 3-Dimensional Genome Modeling Engine for data-driven simulation of spatial genome organization.
PMC5070123,Front Physiol,2016,cc by,ok,4,4,0,0,0,dataset_medium,mixed;numeric;omics,Cancer and Chemotherapy Contribute to Muscle Loss by Activating Common Signaling Pathways.
PMC5072613,PLoS One,2016,cc by,ok,2,1,1,0,0,dataset_medium,numeric,Immunohistochemistry Successfully Uncovers Intratumoral Heterogeneity and Widespread Co-Losses of Chromatin Regulators in Clear Cell Renal Cell Carcinoma.
PMC5094270,Neuroimage Clin,2016,cc by-nc-nd,ok,4,1,0,0,3,dataset_medium,mixed,Disruptions in cortico-subcortical covariance networks associated with anxiety in new-onset childhood epilepsy.
PMC5070187,J Transl Med,2016,cc by,ok,4,2,2,0,0,dataset_medium,numeric;omics,Impact of aging on host immune response and survival in melanoma: an analysis of 3 patient cohorts.
PMC5133958,Cell Death Dis,2016,cc by,ok,2,1,0,0,1,dataset_medium,numeric,A metabolic synthetic lethal strategy with arginine deprivation and chloroquine leads to cell death in ASS1-deficient sarcomas.
PMC5056789,Elife,2016,cc by,ok,48,6,0,0,3,dataset_large,numeric,Live-cell single-molecule tracking reveals co-recognition of H3K27me3 and DNA targets polycomb Cbx7-PRC1 to chromatin.
PMC5051681,PLoS One,2016,cc by,ok,10,1,0,7,2,dataset_medium,numeric,Calcium Stimulates Self-Assembly of Protein Kinase C α In Vitro.
PMC5048364,EMBO Mol Med,2016,cc by,ok,13,5,5,0,2,dataset_large,numeric,Meta-analysis of clinical metabolic profiling studies in cancer: challenges and opportunities.
PMC5129827,Br J Cancer,2016,cc by-nc-sa,ok,1,0,1,0,0,small_table,,Reproductive and hormonal factors in relation to survival and platinum resistance among ovarian cancer cases.
PMC5342565,Oncotarget,2016,cc by,ok,3,1,1,0,1,dataset_large,mixed,A microRNA/Runx1/Runx2 network regulates prostate tumor progression from onset to adenocarcinoma in TRAMP mice.
PMC5323139,Oncotarget,2016,cc by,ok,2,0,1,0,1,small_table,,Dysregulation of the BRCA1/long non-coding RNA NEAT1 signaling axis contributes to breast tumorigenesis.
PMC5047744,PLoS One,2016,cc by,ok,1,1,0,0,0,dataset_medium,numeric,The Oncoprotein BRD4-NUT Generates Aberrant Histone Modification Patterns.
PMC5045598,BMC Biochem,2016,cc by,ok,1,1,0,0,0,dataset_medium,numeric,Identification of replication-dependent and replication-independent linker histone complexes: Tpr specifically promotes replication-dependent linker histone stability.
PMC5053503,PLoS One,2016,cc0,ok,1,1,0,0,0,dataset_medium,omics,Keratin 13 Is Enriched in Prostate Tubule-Initiating Cells and May Identify Primary Prostate Tumors that Metastasize to the Bone.
PMC5051741,PLoS One,2016,cc by,ok,4,2,2,0,0,dataset_medium,numeric,Dysregulation of Autophagy Contributes to Anal Carcinogenesis.
PMC5342598,Oncotarget,2016,cc by,ok,3,0,2,0,1,small_table,,NKp44 and NKp30 splice variant profiles in decidua and tumor tissues: a comparative viewpoint.
PMC5341816,Oncotarget,2016,cc by,ok,2,1,0,0,1,dataset_medium,numeric,"Metabolic flux-driven sialylation alters internalization, recycling, and drug sensitivity of the epidermal growth factor receptor (EGFR) in SW1990 pancreatic cancer cells."
PMC5050262,Urol Case Rep,2016,cc by-nc-nd,ok,1,1,0,0,0,dataset_medium,omics,Potential Impact on Clinical Decision Making via a Genome-Wide Expression Profiling: A Case Report.
PMC5042546,PLoS One,2016,cc by,ok,1,1,0,0,0,dataset_medium,mixed,Genotyping Oral Commensal Bacteria to Predict Social Contact and Structure.
PMC5094855,Elife,2016,cc by,ok,10,10,0,0,0,dataset_large,mixed;numeric;omics,Compact and highly active next-generation libraries for CRISPR-mediated gene repression and activation.
PMC5030764,Front Genet,2016,cc by,ok,6,2,1,0,3,dataset_large,mixed;numeric,Admixture Mapping of African-American Women in the AMBER Consortium Identifies New Loci for Breast Cancer and Estrogen-Receptor Subtypes.
PMC5098034,Mol Cell Proteomics,2016,cc by,ok,8,6,1,0,0,dataset_large,numeric;omics,The Primary Effect on the Proteome of ARID1A-mutated Ovarian Clear Cell Carcinoma is Downregulation of the Mevalonate Pathway at the Post-transcriptional Level.
PMC5030362,mBio,2016,cc by,ok,2,0,1,1,0,small_table,,High-Risk Human Papillomavirus E7 Proteins Target PTPN14 for Degradation.
PMC5036003,Nat Commun,2016,cc by,ok,2,0,1,0,1,small_table,,Selective targeting of IL-2 to NKG2D bearing cells for improved immunotherapy.
PMC5026359,PLoS Biol,2016,cc0,ok,1,1,0,0,0,dataset_medium,numeric,Sam68 Is Required for DNA Damage Responses via Regulating Poly(ADP-ribosyl)ation.
PMC5295821,Nature,2016,,ok,1,0,0,0,0,no_tabular_data,,High-throughput discovery of novel developmental phenotypes.
PMC5026369,PLoS One,2016,cc by,ok,1,0,1,0,0,small_table,,Automated Detection of P. falciparum Using Machine Learning Algorithms with Quantitative Phase Images of Unstained Cells.
PMC5021810,mBio,2016,cc by,ok,2,1,0,0,0,dataset_medium,numeric,Global Identification of Biofilm-Specific Proteolysis in Candida albicans.
PMC5021975,Sci Rep,2016,cc by,ok,2,0,0,0,0,tables_only,,Replicating Cardiovascular Condition-Birth Month Associations.
PMC5042863,Nat Genet,2016,,ok,1,0,0,0,1,no_tabular_data,,"The genetics of blood pressure regulation and its target organs from association studies in 342,415 individuals."
PMC5025164,PLoS Comput Biol,2016,cc0,ok,10,4,0,0,6,dataset_large,numeric;omics,Systems Biology-Based Investigation of Cellular Antiviral Drug Targets Identified by Gene-Trap Insertional Mutagenesis.
PMC5021938,Sci Rep,2016,cc by,ok,2,1,1,0,0,dataset_large,numeric,Refinement of the androgen response element based on ChIP-Seq in androgen-insensitive and androgen-responsive prostate cancer cell lines.
PMC5015861,PLoS Pathog,2016,cc by,ok,1,1,0,0,0,dataset_medium,mixed,Development of Complex Models to Study Co- and Polymicrobial Infections and Diseases.
PMC5017699,PLoS Pathog,2016,cc by,ok,8,3,2,0,3,dataset_large,mixed;numeric,Calcineurin Targets Involved in Stress Survival and Fungal Virulence.
PMC5023955,Nat Commun,2016,cc by,ok,4,1,3,0,0,dataset_medium,numeric,Functional mechanisms underlying pleiotropic risk alleles at the 19p13.1 breast-ovarian cancer susceptibility locus.
PMC5175354,Nucleic Acids Res,2016,cc by-nc,ok,4,0,1,0,2,small_table,,Probing RNA recognition by human ADAR2 using a high-throughput mutagenesis method.
PMC5159542,Nucleic Acids Res,2016,cc by-nc,ok,3,1,0,0,1,dataset_large,numeric,"A feedback loop comprising PRMT7 and miR-24-2 interplays with Oct4, Nanog, Klf4 and c-Myc to regulate stemness."
PMC5100564,Nucleic Acids Res,2016,cc by-nc,ok,4,0,1,0,1,small_table,,"Arginine methylation promotes translation repression activity of eIF4G-binding protein, Scd6."
PMC5016002,PLoS Biol,2016,cc by,ok,3,1,1,0,1,dataset_medium,numeric,Conditional Creation and Rescue of Nipbl-Deficiency in Mice Reveals Multiple Determinants of Risk for Congenital Heart Defects.
PMC5015924,PLoS Genet,2016,cc by,ok,6,1,3,0,2,dataset_medium,omics,RNA-Binding Protein FXR1 Regulates p21 and TERC RNA to Bypass p53-Mediated Cellular Senescence in OSCC.
PMC5015943,G3 (Bethesda),2016,cc by,ok,12,2,0,9,0,dataset_medium,numeric,Plethysmography Phenotype QTL in Mice Before and After Allergen Sensitization and Challenge.
PMC5066240,Genes Dev,2016,cc by-nc,ok,7,3,0,0,2,dataset_large,mixed;numeric;omics,Superenhancer reprogramming drives a B-cell-epithelial transition and high-risk leukemia.
PMC5007007,PLoS One,2016,cc by,ok,2,1,0,0,1,dataset_large,omics,Northern Latitude but Not Season Is Associated with Increased Rates of Hospitalizations Related to Inflammatory Bowel Disease: Results of a Multi-Year Analysis of a National Cohort.
PMC5013668,Nat Commun,2016,cc by,ok,3,1,1,0,1,dataset_medium,mixed,TP53 mutations emerge with HDM2 inhibitor SAR405838 treatment in de-differentiated liposarcoma.
PMC5288594,Clin Transl Gastroenterol,2016,cc by-nc-nd,ok,3,2,0,0,1,dataset_medium,mixed;omics,Time Lapse to Colorectal Cancer: Telomere Dynamics Define the Malignant Potential of Polyps.
PMC5308675,Oncotarget,2016,cc by,ok,6,5,0,0,1,dataset_large,mixed;numeric,Novel biomarkers of resistance of pancreatic cancer cells to oncolytic vesicular stomatitis virus.
PMC5137434,Nucleic Acids Res,2016,cc by-nc,ok,3,1,0,0,1,dataset_large,numeric,Genome-wide co-localization of active EGFR and downstream ERK pathway kinases mirrors mitogen-inducible RNA polymerase 2 genomic occupancy.
PMC5312344,Oncotarget,2016,cc by,ok,2,1,0,0,1,dataset_medium,omics,Bortezomib-induced heat shock response protects multiple myeloma cells and is activated by heat shock factor 1 serine 326 phosphorylation.
PMC5004806,PLoS One,2016,cc by,ok,5,2,3,0,0,dataset_medium,omics,Kinase Gene Expression Profiling of Metastatic Clear Cell Renal Cell Carcinoma Tissue Identifies Potential New Therapeutic Targets.
PMC5218820,Leukemia,2016,,ok,1,0,0,0,1,no_tabular_data,,Targeted sequencing informs the evaluation of normal karyotype cytopenic patients for low-grade myelodysplastic syndrome.
PMC5308647,Oncotarget,2016,cc by,ok,2,1,0,0,1,dataset_large,omics,Chronic exposure to cigarette smoke leads to activation of p21 (RAC1)-activated kinase 6 (PAK6) in non-small cell lung cancer cells.
PMC5000509,BMC Sports Sci Med Rehabil,2016,cc by,ok,2,1,0,0,0,dataset_large,numeric,An empirical study of race times in recreational endurance runners.
PMC4996454,PLoS One,2016,cc by,ok,1,1,0,0,0,dataset_large,omics,"Association of a PAI-1 Gene Polymorphism and Early Life Infections with Asthma Risk, Exacerbations, and Reduced Lung Function."
PMC4996485,PLoS One,2016,cc0,ok,3,1,0,0,2,dataset_medium,mixed,Fine-Mapping of the 1p11.2 Breast Cancer Susceptibility Locus.
PMC4999280,PLoS One,2016,cc by,ok,2,1,0,0,1,dataset_medium,mixed,"Expression of Cell-Surface Marker ABCB5 Causes Characteristic Modifications of Glucose, Amino Acid and Phospholipid Metabolism in the G3361 Melanoma-Initiating Cell Line."
PMC4994023,Sci Rep,2016,cc by,ok,2,1,0,0,1,dataset_medium,mixed,Multitask learning improves prediction of cancer drug sensitivity.
PMC5007461,Nat Commun,2016,cc by,ok,5,2,1,0,2,dataset_large,omics,Integrative proteomic profiling of ovarian cancer cell lines reveals precursor cell associated proteins and functional status.
PMC4990333,PLoS Genet,2016,cc by,ok,10,0,10,0,0,small_table,,"The Non-coding Mammary Carcinoma Susceptibility Locus, Mcs5c, Regulates Pappa Expression via Age-Specific Chromatin Folding and Allele-Dependent DNA Methylation."
PMC5007297,Nat Commun,2016,cc by,ok,4,2,1,0,1,dataset_large,numeric,A centrosome interactome provides insight into organelle assembly and reveals a non-duplication role for Plk4.
PMC5014551,Elife,2016,cc by,ok,1,0,1,0,0,small_table,,Role of Nfu1 and Bol3 in iron-sulfur cluster transfer to mitochondrial clients.
PMC4990706,Nat Commun,2016,cc by,ok,6,3,2,0,1,dataset_large,mixed,Predicting non-small cell lung cancer prognosis by fully automated microscopic pathology image features.
PMC4992167,Nat Commun,2016,cc by,ok,3,3,0,0,0,dataset_large,numeric,Dynamic clonal equilibrium and predetermined cancer risk in Barrett's oesophagus.
PMC4987139,Elife,2016,cc by,ok,12,6,5,0,0,dataset_medium,numeric,BubR1 alterations that reinforce mitotic surveillance act against aneuploidy and cancer.
PMC5042654,Elife,2016,cc by,ok,8,3,0,0,0,dataset_medium,mixed,A hyperspectral method to assay the microphysiological fates of nanomaterials in histological samples.
PMC5012858,Elife,2016,cc by,ok,2,1,1,0,0,dataset_medium,numeric,Insulin signaling controls neurotransmission via the 4eBP-dependent modification of the exocytotic machinery.
PMC4979999,PLoS One,2016,cc by,ok,1,0,1,0,0,small_table,,Exercise Activates p53 and Negatively Regulates IGF-1 Pathway in Epidermis within a Skin Cancer Model.
PMC4976927,PLoS Biol,2016,cc0,ok,1,1,0,0,0,dataset_medium,numeric,Activating Receptor Signals Drive Receptor Diversity in Developing Natural Killer Cells.
PMC4978920,G3 (Bethesda),2016,cc by,ok,2,1,0,0,0,dataset_medium,numeric,A Chromatin-Focused siRNA Screen for Regulators of p53-Dependent Transcription.
PMC4976892,PLoS One,2016,cc by,ok,1,1,0,0,0,dataset_medium,mixed,HIV-1-Specific Antibody Response and Function after DNA Prime and Recombinant Adenovirus 5 Boost HIV Vaccine in HIV-Infected Subjects.
PMC4987297,J Cell Biol,2016,cc by-nc-sa,ok,2,1,0,0,1,dataset_medium,omics,VPS35 binds farnesylated N-Ras in the cytosol to regulate N-Ras trafficking.
PMC4971524,Sci Rep,2016,cc by,ok,2,1,0,0,1,dataset_medium,omics,Unique Transcriptomic Profile of Collecting Duct Carcinomas Relative to Upper Tract Urothelial Carcinomas and other Kidney Carcinomas.
PMC5018094,Neoplasia,2016,cc by-nc-nd,ok,5,1,2,0,2,dataset_medium,omics,Identification and Validation of PCAT14 as Prognostic Biomarker in Prostate Cancer.
PMC4972316,PLoS One,2016,cc by,ok,2,1,0,0,0,dataset_medium,numeric,The Phenotypic Effects of Royal Jelly on Wild-Type D. melanogaster Are Strain-Specific.
PMC4970746,PLoS One,2016,cc by,ok,1,1,0,0,0,dataset_medium,numeric,Systematic Proteomic Identification of the Heat Shock Proteins (Hsp) that Interact with Estrogen Receptor Alpha (ERα) and Biochemical Characterization of the ERα-Hsp70 Interaction.
PMC5288156,Oncotarget,2016,cc by,ok,4,2,1,0,1,dataset_large,mixed,A comparative assessment of clinical whole exome and transcriptome profiling across sequencing centers: implications for precision cancer medicine.
PMC5022066,Biomacromolecules,2016,,ok,2,1,0,0,1,dataset_medium,mixed,Influence of Molecular Structure on the In Vivo Performance of Flexible Rod Polyrotaxanes.
PMC5226518,Oncotarget,2016,cc by,ok,2,0,1,0,1,small_table,,Cancer-secreted AGR2 induces programmed cell death in normal cells.
PMC5239478,Oncotarget,2016,cc by,ok,7,2,4,0,1,dataset_medium,numeric,"16S rRNA amplicon sequencing identifies microbiota associated with oral cancer, human papilloma virus infection and surgical treatment."
PMC4974008,PLoS One,2016,cc0,ok,6,1,0,2,1,dataset_medium,numeric,Early Fungicidal Activity as a Candidate Surrogate Endpoint for All-Cause Mortality in Cryptococcal Meningitis: A Systematic Review of the Evidence.
PMC4965080,PLoS One,2016,cc by,ok,1,0,1,0,0,small_table,,Evaluating Prostate Cancer Using Fractional Tissue Composition of Radical Prostatectomy Specimens and Pre-Operative Diffusional Kurtosis Magnetic Resonance Imaging.
PMC4963094,PLoS One,2016,cc0,ok,7,2,1,0,4,dataset_large,mixed;numeric,Fine-Scale Mapping at 9p22.2 Identifies Candidate Causal Variants That Modify Ovarian Cancer Risk in BRCA1 and BRCA2 Mutation Carriers.
PMC5041020,Vaccines (Basel),2016,cc by,ok,1,0,1,0,0,small_table,,Leptin-Induced JAK/STAT Signaling and Cancer Growth.
PMC5288181,Oncotarget,2016,cc by,ok,10,6,1,0,3,dataset_large,numeric;omics,Transcriptome-wide identification of mRNAs and lincRNAs associated with trastuzumab-resistance in HER2-positive breast cancer.
PMC5007552,EMBO J,2016,cc by,ok,1,0,0,0,1,no_tabular_data,,The hVps34-SGK3 pathway alleviates sustained PI3K/Akt inhibition by stimulating mTORC1 and tumour growth.
PMC4960540,Sci Rep,2016,cc by,ok,6,4,1,0,1,dataset_large,numeric;omics,Vitamin D Deficiency Promotes Liver Tumor Growth in Transforming Growth Factor-β/Smad3-Deficient Mice Through Wnt and Toll-like Receptor 7 Pathway Modulation.
PMC5093074,Leukemia,2016,cc by-nc-nd,ok,3,1,0,0,2,dataset_medium,numeric,Concurrent PI3K and NF-κB activation drives B-cell lymphomagenesis.
PMC4959717,PLoS One,2016,cc by,ok,17,3,3,0,11,dataset_large,numeric,"Mapping Variation in Cellular and Transcriptional Response to 1,25-Dihydroxyvitamin D3 in Peripheral Blood Mononuclear Cells."
PMC4966949,PLoS One,2016,cc by,ok,4,1,2,0,0,dataset_medium,numeric,Cardiac Gene Expression Knockdown Using Small Inhibitory RNA-Loaded Microbubbles and Ultrasound.
PMC5012864,Elife,2016,cc by,ok,3,2,0,0,0,dataset_large,numeric;omics,Trisomy 21 consistently activates the interferon response.
PMC4961410,PLoS One,2016,cc by,ok,3,0,2,0,0,small_table,,High Specificity in Circulating Tumor Cell Identification Is Required for Accurate Evaluation of Programmed Death-Ligand 1.
PMC4958917,Sci Rep,2016,cc by,ok,2,1,0,0,0,dataset_large,mixed,Immune DNA signature of T-cell infiltration in breast tumor exomes.
PMC4959885,Elife,2016,cc by,ok,1,0,1,0,0,small_table,,Sam68/KHDRBS1 is critical for colon tumorigenesis by regulating genotoxic stress-induced NF-κB activation.
PMC4948888,PLoS One,2016,cc by,ok,12,1,2,0,9,dataset_medium,omics,Context Matters: Distinct Disease Outcomes as a Result of Crebbp Hemizygosity in Different Mouse Bone Marrow Compartments.
PMC4994060,ACS Chem Biol,2016,,ok,5,4,0,0,1,dataset_large,numeric;omics,Protein Sialylation Regulates a Gene Expression Signature that Promotes Breast Cancer Cell Pathogenicity.
PMC4956119,PLoS One,2016,cc0,ok,4,0,4,0,0,small_table,,Conducting Precision Medicine Research with African Americans.
PMC4946896,Elife,2016,cc by,ok,3,3,0,0,0,dataset_medium,mixed;omics,Diagnostic potential of tumor DNA from ovarian cyst fluid.
PMC4947197,J Extracell Vesicles,2016,cc by-nc,ok,8,5,3,0,0,dataset_medium,mixed;numeric,Nanoparticle analysis sheds budding insights into genetic drivers of extracellular vesicle biogenesis.
PMC4960315,Nat Commun,2016,cc by,too_large,0,0,0,0,0,no_supp_retrieved,,High-resolution imaging and computational analysis of haematopoietic cell dynamics in vivo.
PMC5028238,Pharmacogenomics J,2016,cc by-nc-sa,ok,2,1,0,0,1,dataset_medium,omics,Investigation of 7-dehydrocholesterol reductase pathway to elucidate off-target prenatal effects of pharmaceuticals: a systematic review.
PMC4950575,PeerJ,2016,cc by,ok,9,1,1,6,0,dataset_large,omics,New insight into the role of MMP14 in metabolic balance.
PMC4947394,Elife,2016,cc by,ok,6,3,1,0,2,dataset_large,mixed;numeric;omics,Complementary shifts in photoreceptor spectral tuning unlock the full adaptive potential of ultraviolet vision in birds.
PMC4944130,Sci Rep,2016,cc by,ok,7,3,0,0,1,dataset_medium,numeric,Predictive computational modeling to define effective treatment strategies for bone metastatic prostate cancer.
PMC5065525,Cell Stem Cell,2016,cc by,ok,6,2,2,0,2,dataset_large,numeric;omics,Molecular Criteria for Defining the Naive Human Pluripotent State.
PMC4938382,PLoS One,2016,cc by,ok,3,1,1,0,1,dataset_medium,clinical,Whole Genome Pathway Analysis Identifies an Association of Cadmium Response Gene Loss with Copy Number Variation in Mutant p53 Bearing Uterine Endometrial Carcinomas.
PMC4938532,PLoS One,2016,cc by,ok,6,5,1,0,0,dataset_large,numeric,RIPK3 Is Largely Dispensable for RIG-I-Like Receptor- and Type I Interferon-Driven Transcriptional Responses to Influenza A Virus in Murine Fibroblasts.
PMC4941621,Sci Rep,2016,cc by,ok,2,0,1,0,1,small_table,,Host Double Strand Break Repair Generates HIV-1 Strains Resistant to CRISPR/Cas9.
PMC4949450,J Cell Biol,2016,cc by-nc-sa,ok,13,1,0,0,1,dataset_large,numeric,Cortactin promotes exosome secretion by controlling branched actin dynamics.
PMC4936714,PLoS Biol,2016,cc by,ok,16,4,7,0,3,dataset_medium,numeric;omics,The Mitochondrial Unfoldase-Peptidase Complex ClpXP Controls Bioenergetics Stress and Metastasis.
PMC4933364,PLoS One,2016,cc by,ok,2,1,1,0,0,dataset_medium,mixed,Fine-Mapping of Common Genetic Variants Associated with Colorectal Tumor Risk Identified Potential Functional Variants.
PMC4967469,Cell,2016,cc by,too_large,0,0,0,0,0,no_supp_retrieved,,A Landscape of Pharmacogenomic Interactions in Cancer.
PMC4935975,Nat Commun,2016,cc by,ok,2,1,0,0,1,dataset_large,omics,A neomorphic cancer cell-specific role of MAGE-A4 in trans-lesion synthesis.
PMC5216965,Oncotarget,2016,cc by,ok,2,1,0,0,1,dataset_large,omics,MMP7 interacts with ARF in nucleus to potentiate tumor microenvironments for prostate cancer progression in vivo.
PMC5190090,Oncotarget,2016,cc by,ok,3,1,1,0,1,dataset_medium,mixed,Multiple-level validation identifies PARK2 in the development of lung cancer and chronic obstructive pulmonary disease.
PMC5173064,Oncotarget,2016,cc by,ok,4,2,1,0,1,dataset_large,mixed;numeric,"Isolation, identification, and characterization of novel nanovesicles."
PMC5221575,Mol Biol Cell,2016,,ok,3,1,0,0,1,dataset_large,mixed,Comparative assessment of fluorescent proteins for in vivo imaging in an animal model system.
PMC4959813,Nature,2016,,ok,1,0,0,0,0,no_tabular_data,,Replication fork stability confers chemoresistance in BRCA-deficient cells.
PMC5409523,Palgrave Commun,2016,cc by,ok,1,0,0,0,0,no_tabular_data,,Tobacco industry globalization and global health governance: towards an interdisciplinary research agenda.
PMC5006801,EBioMedicine,2016,cc by-nc-nd,ok,4,1,1,0,2,dataset_medium,mixed,A Single Human Papillomavirus Vaccine Dose Improves B Cell Memory in Previously Infected Subjects.
PMC4931234,Nat Commun,2016,cc by,ok,8,2,2,0,1,dataset_large,mixed;numeric,Targeted proteomics identifies liquid-biopsy signatures for extracapsular prostate cancer.
PMC4924826,PLoS Genet,2016,cc by,ok,8,6,1,0,0,dataset_large,mixed;numeric;omics,Misregulation of Alternative Splicing in a Mouse Model of Rett Syndrome.
PMC5068192,J Pathol Clin Res,2016,cc by-nc-nd,ok,3,2,0,0,1,dataset_large,mixed;numeric,Quantitative imaging for development of companion diagnostics to drugs targeting HGF/MET.
PMC5217039,Oncotarget,2016,cc by,ok,2,1,0,0,1,dataset_medium,omics,Paclitaxel is necessary for improved survival in epithelial ovarian cancers with homologous recombination gene mutations.
PMC4919655,Sci Rep,2016,cc by,ok,5,4,0,0,1,dataset_large,clinical,Divergent viral presentation among human tumors and adjacent normal tissues.
PMC4917863,Sci Rep,2016,cc by,ok,2,1,0,0,1,dataset_medium,omics,TCF7L1 Modulates Colorectal Cancer Growth by Inhibiting Expression of the Tumor-Suppressor Gene EPHB3.
PMC4947704,Br J Cancer,2016,cc by-nc-sa,ok,2,0,1,0,1,small_table,,Efficacy of focal adhesion kinase inhibition in non-small cell lung cancer with oncogenically activated MAPK pathways.
PMC4918934,PLoS One,2016,cc by,ok,2,1,1,0,0,dataset_medium,clinical,"Does Inflammation Mediate the Obesity and BPH Relationship? An Epidemiologic Analysis of Body Composition and Inflammatory Markers in Blood, Urine, and Prostate Tissue, and the Relationship with Prostate Enlargement and Lower Urinary Tract Symptoms."
PMC5062967,Nucleic Acids Res,2016,cc by-nc,ok,1,0,0,0,1,no_tabular_data,,Overexpression of eIF5 or its protein mimic 5MP perturbs eIF2 function and induces ATF4 translation through delayed re-initiation.
PMC4928895,Sci Adv,2016,cc by-nc,ok,5,3,0,0,1,dataset_large,numeric;omics,Genomic agonism and phenotypic antagonism between estrogen and progesterone receptors in breast cancer.
PMC4936519,Nat Cell Biol,2016,,ok,17,4,3,0,9,dataset_large,mixed;numeric,PTP1B controls non-mitochondrial oxygen consumption by regulating RNF213 to promote tumour survival during hypoxia.
PMC4951200,Elife,2016,cc by,ok,1,0,0,0,0,no_tabular_data,,Set1/COMPASS and Mediator are repurposed to promote epigenetic transcriptional memory.
PMC4915131,Nat Commun,2016,cc by,ok,2,1,0,0,1,dataset_medium,mixed,Oncogenic PIK3CA mutations reprogram glutamine metabolism in colorectal cancer.
PMC4914999,Sci Rep,2016,cc by,ok,1,0,0,0,1,no_tabular_data,,Down-regulation of HSP60 Suppresses the Proliferation of Glioblastoma Cells via the ROS/AMPK/mTOR Pathway.
PMC4911070,PLoS One,2016,cc by,ok,2,1,0,0,1,dataset_medium,omics,Decreased Anti-Tumor Cytotoxic Immunity among Microsatellite-Stable Colon Cancers from African Americans.
PMC4908391,Sci Rep,2016,cc by,ok,5,0,0,0,1,tables_only,,Effectors and potential targets selectively upregulated in human KRAS-mutant lung adenocarcinomas.
PMC4955723,Nat Immunol,2016,,ok,1,0,0,0,1,no_tabular_data,,Specialized proteasome subunits have an essential role in the thymic selection of CD8(+) T cells.
PMC4902972,Clin Epigenetics,2016,cc by,ok,8,3,0,0,5,dataset_large,mixed;numeric,Amnion as a surrogate tissue reporter of the effects of maternal preeclampsia on the fetus.
PMC4902256,PLoS One,2016,cc by,ok,1,1,0,0,0,dataset_medium,omics,Comparison of the Lonidamine Potentiated Effect of Nitrogen Mustard Alkylating Agents on the Systemic Treatment of DB-1 Human Melanoma Xenografts in Mice.
PMC4901326,Sci Rep,2016,cc by,ok,4,2,1,0,1,dataset_medium,clinical;omics,A microscopic landscape of the invasive breast cancer genome.
PMC4912619,Nat Commun,2016,cc by,ok,3,1,0,0,2,dataset_large,numeric,Microvesicles provide a mechanism for intercellular communication by embryonic stem cells during embryo implantation.
PMC4898721,PLoS One,2016,cc by,ok,2,2,0,0,0,dataset_medium,numeric,Metabolites of the Polycyclic Aromatic Hydrocarbon Phenanthrene in the Urine of Cigarette Smokers from Five Ethnic Groups with Differing Risks for Lung Cancer.
PMC4911930,Genes Dev,2016,cc by,ok,13,1,0,0,5,dataset_large,mixed,The CENP-T/-W complex is a binding partner of the histone chaperone FACT.
PMC4899691,Sci Rep,2016,cc by,ok,3,0,2,0,1,small_table,,Endophenotype Network Models: Common Core of Complex Diseases.
PMC4901315,Sci Rep,2016,cc by,ok,8,4,2,0,1,dataset_medium,mixed;numeric,IDH-mutant glioma specific association of rs55705857 located at 8q24.21 involves MYC deregulation.
PMC4900667,PLoS Biol,2016,cc by,too_large,0,0,0,0,0,no_supp_retrieved,,Membrane Tension Acts Through PLD2 and mTORC2 to Limit Actin Network Assembly During Neutrophil Migration.
PMC4906648,PeerJ,2016,cc by,ok,6,0,3,0,2,small_table,,(1)H NMR studies distinguish the water soluble metabolomic profiles of untransformed and RAS-transformed cells.
PMC5130022,Oncotarget,2016,cc by,ok,3,2,0,0,1,dataset_medium,mixed;omics,Differences in somatic mutation landscape of hepatocellular carcinoma in Asian American and European American populations.
PMC4908366,Bioinformatics,2016,cc by-nc,ok,2,1,0,0,0,dataset_large,mixed,Comparative analyses of population-scale phenomic data in electronic medical records reveal race-specific disease networks.
PMC5130028,Oncotarget,2016,cc by,ok,2,1,0,0,1,dataset_medium,numeric,Phenotypic alteration of CD8+ T cells in chronic lymphocytic leukemia is associated with epigenetic reprogramming.
PMC4890179,Sci Rep,2016,cc by,ok,2,1,0,0,1,dataset_large,numeric,Annexin A5 is the Most Abundant Membrane-Associated Protein in Stereocilia but is Dispensable for Hair-Bundle Development and Function.
PMC5122432,Oncotarget,2016,cc by,ok,3,1,1,0,1,dataset_medium,omics,Downregulation of HSP60 disrupts mitochondrial proteostasis to promote tumorigenesis and progression in clear cell renal cell carcinoma.
PMC4924601,J Pathol,2016,cc by,ok,4,2,1,0,1,dataset_medium,mixed;numeric,Alkaline ceramidase 1 is essential for mammalian skin homeostasis and regulating whole-body energy expenditure.
PMC5085230,Oncotarget,2016,cc by,ok,2,1,0,0,1,dataset_large,omics,RNA sequencing-based analysis of gallbladder cancer reveals the importance of the liver X receptor and lipid metabolism in gallbladder cancer.
PMC4984456,Br J Cancer,2016,cc by-nc-sa,ok,3,1,0,1,1,dataset_large,numeric,Expression signature distinguishing two tumour transcriptome classes associated with progression-free survival among rare histological types of epithelial ovarian cancer.
PMC4961056,Invest Ophthalmol Vis Sci,2016,cc by-nc-nd,ok,1,1,0,0,0,dataset_medium,numeric,Hypoxic-Preconditioned Bone Marrow Stem Cell Medium Significantly Improves Outcome After Retinal Ischemia in Rats.
PMC4945754,Oncogenesis,2016,cc by,ok,2,1,0,0,1,dataset_medium,numeric,Dietary fat overcomes the protective activity of thrombospondin-1 signaling in the Apc(Min/+) model of colon cancer.
PMC5102256,Nature,2016,,ok,1,0,0,0,0,no_tabular_data,,Proteogenomics connects somatic mutations to signalling in breast cancer.
PMC4881176,BMC Bioinformatics,2016,cc by,ok,2,1,0,0,1,dataset_large,numeric,Identification of recurrent focal copy number variations and their putative targeted driver genes in ovarian cancer.
PMC4881944,PLoS One,2016,cc by,ok,1,0,0,0,0,no_tabular_data,,Lack of Significant Effects of Chlamydia trachomatis Infection on Cervical Adenocarcinoma Risk: Nested Case-Control Study.
PMC4867623,Sci Rep,2016,cc by,ok,3,2,0,0,1,dataset_medium,mixed,Effects of ADMA on gene expression and metabolism in serum-starved LoVo cells.
PMC4868509,PLoS One,2016,cc by,ok,5,2,0,1,2,dataset_medium,numeric,Novel Luminex Assay for Telomere Repeat Mass Does Not Show Well Position Effects Like qPCR.
PMC4864310,PLoS Comput Biol,2016,cc0,ok,3,2,0,0,1,dataset_medium,mixed,A Molecular Clock Infers Heterogeneous Tissue Age Among Patients with Barrett's Esophagus.
PMC4861919,Sci Rep,2016,cc by,ok,2,1,0,0,1,dataset_medium,numeric,Recurrent hormone-binding domain truncated ESR1 amplifications in primary endometrial cancers suggest their implication in hormone independent growth.
PMC4865109,PLoS One,2016,cc by,ok,1,0,1,0,0,small_table,,"Petitioning the FDA to Improve Pharmaceutical, Device and Public Health Safety by Ordinary Citizens: A Descriptive Analysis."
PMC4981784,J Clin Oncol,2016,cc by-nc-nd,ok,2,1,0,0,0,dataset_medium,mixed,Evaluating Cancer of the Central Nervous System Through Next-Generation Sequencing of Cerebrospinal Fluid.
PMC4861301,PLoS One,2016,cc by,ok,2,1,0,0,0,dataset_medium,numeric,Cost-Effectiveness Analysis of Different Testing Strategies that Use Antibody Levels to Detect Chronic Hepatitis C in Blood Donors.
PMC5515343,NPJ Breast Cancer,2016,cc by,ok,8,7,0,0,0,dataset_large,clinical;numeric,"DNA defects, epigenetics, and gene expression in cancer-adjacent breast: a study from The Cancer Genome Atlas."
PMC4907351,Nat Genet,2016,,ok,9,2,4,0,1,dataset_medium,mixed;numeric,Five endometrial cancer risk loci identified through genome-wide association analysis.
PMC4891502,Br J Cancer,2016,cc by-nc-sa,ok,5,0,1,0,1,small_table,,Inhibition of Bcl-2 family members sensitises soft tissue leiomyosarcomas to chemotherapy.
PMC5058651,Oncotarget,2016,cc by,ok,4,3,1,0,0,dataset_medium,mixed;omics,Collecting duct carcinoma of the kidney is associated with CDKN2A deletion and SLC family gene up-regulation.
PMC4851420,PLoS One,2016,cc by,ok,6,4,2,0,0,dataset_large,omics,Proteotranscriptomic Analysis Reveals Stage Specific Changes in the Molecular Landscape of Clear-Cell Renal Cell Carcinoma.
PMC4939754,Stem Cell Reports,2016,cc by-nc-nd,ok,5,2,1,0,2,dataset_large,numeric,Mechanism and Role of SOX2 Repression in Seminoma: Relevance to Human Germline Specification.
PMC4849722,PLoS Comput Biol,2016,cc by,ok,14,9,2,0,1,dataset_large,mixed;numeric;omics,A Network Biology Approach Identifies Molecular Cross-Talk between Normal Prostate Epithelial and Prostate Carcinoma Cells.
PMC4855174,Sci Rep,2016,cc by,ok,5,4,1,0,0,dataset_large,mixed;numeric;omics,Cross-tissue Analysis of Gene and Protein Expression in Normal and Cancer Tissues.
PMC4929003,Elife,2016,cc by,ok,4,2,1,0,0,dataset_large,numeric,RNA Polymerase II cluster dynamics predict mRNA output in living cells.
PMC4870288,Cancer Causes Control,2016,cc by,ok,4,0,3,0,1,small_table,,Insulin/IGF and sex hormone axes in human endometrium and associations with endometrial cancer risk factors.
PMC4847119,Sci Rep,2016,cc by,ok,3,1,1,0,1,dataset_medium,omics,Accumulation of isolevuglandin-modified protein in normal and fibrotic lung.
PMC4927085,Nat Struct Mol Biol,2016,,ok,1,0,0,0,0,no_tabular_data,,Long noncoding RNA LINP1 regulates repair of DNA double-strand breaks in triple-negative breast cancer.
PMC4845005,Sci Rep,2016,cc by,ok,2,1,0,0,1,dataset_large,omics,"Proteomic dissection of LPS-inducible, PHF8-dependent secretome reveals novel roles of PHF8 in TLR4-induced acute inflammation and T cell proliferation."
PMC4849752,PLoS One,2016,cc by,ok,2,0,0,0,1,tables_only,,Liver-Specific Deletion of Phosphatase and Tensin Homolog Deleted on Chromosome 10 Significantly Ameliorates Chronic EtOH-Induced Increases in Hepatocellular Damage.
PMC4863824,Elife,2016,cc by,ok,1,1,0,0,0,dataset_medium,mixed,Sex steroids regulate skin pigmentation through nonclassical membrane-bound receptors.
PMC4848553,Nat Commun,2016,cc by,ok,11,8,2,0,1,dataset_large,mixed;numeric;omics,A genetic basis for the variation in the vulnerability of cancer to DNA damage.
PMC4889947,Nucleic Acids Res,2016,cc by-nc,ok,4,1,1,0,0,dataset_medium,numeric,Quantitative analysis and prediction of G-quadruplex forming sequences in double-stranded DNA.
PMC4876992,Carcinogenesis,2016,cc by-nc,ok,3,1,0,0,1,dataset_medium,numeric,Genome-wide association study of colorectal cancer in Hispanics.
PMC4921943,Mol Metab,2016,cc by-nc-nd,ok,4,2,2,0,0,dataset_medium,numeric,Metabolic reprogramming through fatty acid transport protein 1 (FATP1) regulates macrophage inflammatory potential and adipose inflammation.
PMC4837449,Nat Commun,2016,cc by,ok,10,6,1,0,2,dataset_large,mixed;numeric;omics,A uniform survey of allele-specific binding and expression over 1000-Genomes-Project individuals.
PMC4839576,PLoS One,2016,cc by,ok,5,2,0,0,1,dataset_large,numeric,Nanonets Collect Cancer Secretome from Pericellular Space.
PMC4839673,PLoS Comput Biol,2016,cc by,ok,3,1,0,0,2,dataset_medium,numeric,CNVkit: Genome-Wide Copy Number Detection and Visualization from Targeted DNA Sequencing.
PMC4868820,Cell,2016,cc by,ok,1,0,0,0,1,no_tabular_data,,Oncogenic KRAS Regulates Tumor Cell Signaling via Stromal Reciprocation.
PMC5515342,NPJ Breast Cancer,2016,cc by,ok,3,0,0,1,0,tables_only,,TNF is a key cytokine mediating neutrophil cytotoxic activity in breast cancer patients.
PMC4831844,PLoS Comput Biol,2016,cc by,ok,25,5,11,0,7,dataset_medium,mixed;omics,Computational Reconstruction of NFκB Pathway Interaction Mechanisms during Prostate Cancer.
PMC5083090,Mol Cell Proteomics,2016,cc by,ok,11,8,1,0,1,dataset_large,mixed;omics,Quantitative Tagless Copurification: A Method to Validate and Identify Protein-Protein Interactions.
PMC4833348,PLoS One,2016,cc0,ok,8,4,1,0,3,dataset_medium,numeric;omics,Discovery of Metabolic Biomarkers for Duchenne Muscular Dystrophy within a Natural History Study.
PMC4907813,Hum Mutat,2016,cc by,ok,3,2,1,0,0,dataset_medium,omics,Adding In Silico Assessment of Potential Splice Aberration to the Integrated Evaluation of BRCA Gene Unclassified Variants.
PMC4854726,J Exp Med,2016,cc by-nc-sa,ok,3,1,0,0,1,dataset_medium,numeric,The ETS1 transcription factor is required for the development and cytokine-induced expansion of ILC2.
PMC4833866,Nat Commun,2016,cc by,ok,10,9,0,0,1,dataset_large,mixed;omics,A genetic network that suppresses genome rearrangements in Saccharomyces cerevisiae and contains defects in cancers.
PMC4917338,Elife,2016,cc by,ok,8,8,0,0,0,dataset_large,mixed;numeric;omics,Activation of GCN2 kinase by ribosome stalling links translation elongation with translation initiation.
PMC4850357,Cell Rep,2016,cc by,ok,3,1,0,0,2,dataset_large,omics,Genomic Correlates of Immune-Cell Infiltrates in Colorectal Carcinoma.
PMC4829605,Front Oncol,2016,cc by,ok,1,1,0,0,0,dataset_medium,mixed,Differences of Variable Number Tandem Repeats in XRCC5 Promoter Are Associated with Increased or Decreased Risk of Breast Cancer in BRCA Gene Mutation Carriers.
PMC4825932,PLoS Genet,2016,cc by,ok,14,2,8,0,1,dataset_medium,mixed;numeric,Integrative Tissue-Specific Functional Annotations in the Human Genome Provide Novel Insights on Many Complex Traits and Improve Signal Prioritization in Genome Wide Association Studies.
PMC4829663,Nat Commun,2016,cc by,ok,2,2,0,0,0,dataset_medium,mixed;numeric,Atlas of prostate cancer heritability in European and African-American men pinpoints tissue-specific regulation.
PMC4841779,Elife,2016,cc by,ok,4,2,0,0,0,dataset_medium,mixed;omics,Time-resolved multimodal analysis of Src Homology 2 (SH2) domain binding in signaling by receptor tyrosine kinases.
PMC4855253,Blood Cancer J,2016,cc by,ok,4,1,1,0,2,dataset_medium,numeric,A genomic analysis of Philadelphia chromosome-negative AML arising in patients with CML.
PMC4933659,Aging Cell,2016,cc by,ok,3,2,0,0,1,dataset_large,numeric,"Mitochondrial-targeted catalase is good for the old mouse proteome, but not for the young: 'reverse' antagonistic pleiotropy?"
PMC5050049,Oncogene,2016,,ok,1,0,0,0,0,no_tabular_data,,Epigenetic silencing of miR-124 prevents spermine oxidase regulation: implications for Helicobacter pylori-induced gastric cancer.
PMC5050052,Oncogene,2016,,ok,1,0,0,0,0,no_tabular_data,,"NF-κB-HOTAIR axis links DNA damage response, chemoresistance and cellular senescence in ovarian cancer."
PMC4818883,BMC Med Genomics,2016,cc by,ok,2,1,0,0,0,dataset_medium,mixed,Case-oriented pathways analysis in pancreatic adenocarcinoma using data from a sleeping beauty transposon mutagenesis screen.
PMC4914102,Nucleic Acids Res,2016,cc by-nc,ok,6,0,1,0,2,small_table,,"Simple, multiplexed, PCR-based barcoding of DNA enables sensitive mutation detection in liquid biopsies using sequencing."
PMC4822856,PLoS One,2016,cc by,ok,1,0,1,0,0,small_table,,Paucity of HPV-Related Head and Neck Cancers (HNC) in Nigeria.
PMC5379914,Br J Cancer,2016,cc by,ok,7,4,0,0,2,dataset_large,mixed;numeric;omics,Gene and pathway level analyses of  germline DNA-repair gene variants and  prostate cancer susceptibility using the  iCOGS-genotyping array.
PMC4991477,Oncotarget,2016,cc by,ok,7,3,3,0,1,dataset_large,clinical;mixed;omics,Long non-coding RNAs as prognostic markers in human breast cancer.
PMC4846378,Elife,2016,cc by,ok,4,2,1,0,1,dataset_medium,numeric,Disruption of glycolytic flux is a signal for inflammasome signaling and pyroptotic cell death.
PMC4851271,J Histochem Cytochem,2016,cc by-nc,ok,2,1,0,0,1,dataset_medium,mixed,Detection of Phenotypic Alterations Using High-Content Analysis of Whole-Slide Images.
PMC4805607,Front Genet,2016,cc by,ok,3,3,0,0,0,dataset_large,mixed;numeric,Global Intersection of Long Non-Coding RNAs with Processed and Unprocessed Pseudogenes in the Human Genome.
PMC4860105,Nat Med,2016,,ok,1,0,0,0,0,no_tabular_data,,Commensal microbiota affects ischemic stroke outcome by regulating intestinal γδ T cells.
PMC4848140,Nat Genet,2016,cc by-nc-sa,ok,1,0,0,0,0,no_tabular_data,,Transcriptomic and epigenomic characterization of the developing bat wing.
PMC4820809,Nat Commun,2016,cc by,ok,4,2,1,0,1,dataset_medium,mixed;omics,LIG4 mediates Wnt signalling-induced radioresistance.
PMC4809545,PLoS One,2016,cc by,ok,3,1,0,0,2,dataset_medium,numeric,Metformin Prevents Cisplatin-Induced Cognitive Impairment and Brain Damage in Mice.
PMC4804330,Sci Rep,2016,cc by,ok,2,0,1,0,1,small_table,,Biochemical and functional characterization of glycosylation-associated mutational landscapes in colon cancer.
PMC4836986,Nat Immunol,2016,,ok,1,0,0,0,1,no_tabular_data,,Gut microbiome-derived metabolites modulate intestinal epithelial cell damage and mitigate graft-versus-host disease.
PMC4884079,Elife,2016,cc by,ok,9,3,1,0,0,dataset_large,mixed;omics,An extensive program of periodic alternative splicing linked to cell cycle progression.
PMC4807824,PLoS One,2016,cc0,ok,5,5,0,0,0,dataset_medium,clinical;numeric,"Fecal Microbiota, Fecal Metabolome, and Colorectal Cancer Interrelations."
PMC4914092,Nucleic Acids Res,2016,cc by-nc,ok,4,1,0,0,1,dataset_large,omics,Nonsense-mediated decay regulates key components of homologous recombination.
PMC4798772,PLoS One,2016,cc by,ok,3,2,0,0,1,dataset_medium,numeric,MiRNA-Related Genetic Variations Associated with Radiotherapy-Induced Toxicities in Patients with Locally Advanced Non-Small Cell Lung Cancer.
PMC4846388,Elife,2016,cc by,ok,6,1,5,0,0,dataset_medium,numeric,Alleviation of neuronal energy deficiency by mTOR inhibition as a treatment for mitochondria-related neurodegeneration.
PMC4805167,PLoS One,2016,cc by,ok,2,1,0,0,0,dataset_large,numeric,"BET Bromodomain Proteins Brd2, Brd3 and Brd4 Selectively Regulate Metabolic Pathways in the Pancreatic β-Cell."
PMC4799362,Nat Commun,2016,cc by,ok,4,2,1,0,1,dataset_large,mixed,A phosphotyrosine switch regulates organic cation transporters.
PMC5031502,Oncogene,2016,,ok,1,0,0,0,0,no_tabular_data,,Akt regulates progesterone receptor B-dependent transcription and angiogenesis in endometrial cancer cells.
PMC4798670,PLoS Genet,2016,cc by,ok,2,1,1,0,0,dataset_medium,mixed,Swi1Timeless Prevents Repeat Instability at Fission Yeast Telomeres.
PMC4788447,PLoS One,2016,cc by,ok,15,3,2,0,9,dataset_medium,mixed,Heavy Metal Exposure Influences Double Strand Break DNA Repair Outcomes.
PMC4786132,PLoS One,2016,cc by,ok,17,16,0,0,1,dataset_medium,numeric,Age Effects and Temporal Trends in HPV-Related and HPV-Unrelated Oral Cancer in the United States: A Multistage Carcinogenesis Modeling Analysis.
PMC4784986,PLoS One,2016,cc by,ok,3,1,2,0,0,dataset_medium,numeric,Benzene Uptake and Glutathione S-transferase T1 Status as Determinants of S-Phenylmercapturic Acid in Cigarette Smokers in the Multiethnic Cohort.
PMC4793332,PeerJ,2016,cc by,ok,1,1,0,0,0,dataset_medium,omics,Computational inference of H3K4me3 and H3K27ac domain length.
PMC4848088,Elife,2016,cc by,ok,1,0,0,0,0,no_tabular_data,,Localized JNK signaling regulates organ size during development.
PMC4788446,PLoS One,2016,cc0,ok,14,5,0,0,8,dataset_medium,mixed;numeric,"Paternal B Vitamin Intake Is a Determinant of Growth, Hepatic Lipid Metabolism and Intestinal Tumor Volume in Female Apc1638N Mouse Offspring."
PMC4848211,Mod Pathol,2016,,ok,1,0,0,0,0,no_tabular_data,,Genetic alterations of triple negative breast cancer by targeted next-generation sequencing and correlation with tumor morphology.
PMC4778320,BMC Genomics,2016,cc by,ok,10,7,1,0,2,dataset_large,clinical;mixed;numeric;omics,Identification of mRNA isoform switching in breast cancer.
PMC4918948,Genes Cancer,2016,cc by,ok,1,1,0,0,0,dataset_large,mixed,The adenoviral E1A N-terminal domain represses MYC transcription in human cancer cells by targeting both p300 and TRRAP and inhibiting MYC promoter acetylation of H3K18 and H4K16.
PMC4773149,PLoS One,2016,cc by,ok,1,1,0,0,0,dataset_medium,numeric,Diagnosis of HIV-Associated Oral Lesions in Relation to Early versus Delayed Antiretroviral Therapy: Results from the CIPRA HT001 Trial.
PMC4775073,PLoS One,2016,cc by,ok,3,0,1,2,0,small_table,,Calcitonin Receptor-Zonula Occludens-1 Interaction Is Critical for Calcitonin-Stimulated Prostate Cancer Metastasis.
PMC4905484,Oncotarget,2016,cc by,ok,3,2,0,0,1,dataset_large,mixed;numeric,Examining plasma microRNA markers for colorectal cancer at different stages.
PMC4773505,Nat Commun,2016,cc by,ok,3,2,0,0,1,dataset_large,numeric;omics,Stem cell and neurogenic gene-expression profiles link prostate basal cells to aggressive prostate cancer.
PMC4774911,PLoS One,2016,cc by,ok,2,2,0,0,0,dataset_large,numeric;omics,"Biochemical Screening of Five Protein Kinases from Plasmodium falciparum against 14,000 Cell-Active Compounds."
PMC4924710,Oncotarget,2016,cc by,ok,2,1,0,0,1,dataset_medium,numeric,Longitudinal tracking of subpopulation dynamics and molecular changes during LNCaP cell castration and identification of inhibitors that could target the PSA-/lo castration-resistant cells.
PMC4771175,PLoS Comput Biol,2016,cc by,ok,22,10,0,0,9,dataset_large,mixed;numeric,A Multi-Method Approach for Proteomic Network Inference in 11 Human Cancers.
PMC4777538,PLoS One,2016,cc by,ok,2,0,2,0,0,small_table,,Role of CTCF in Regulating SLC45A3-ELK4 Chimeric RNA.
PMC4920706,Mol Oncol,2016,cc by-nc-nd,ok,6,3,1,0,2,dataset_large,mixed,Amplification of WHSC1L1 regulates expression and estrogen-independent activation of ERα in SUM-44 breast cancer cells and is associated with ERα over-expression in breast cancer.
PMC4918950,Genes Cancer,2016,cc by,ok,1,1,0,0,0,dataset_large,omics,FGF19 functions as autocrine growth factor for hepatoblastoma.
PMC4914345,Oncotarget,2016,cc by,ok,7,3,1,0,1,dataset_medium,numeric;omics,"The SOX11 transcription factor is a critical regulator of basal-like breast cancer growth, invasion, and basal-like gene expression."
PMC4905471,Oncotarget,2016,cc by,ok,2,0,1,0,1,small_table,,Identification of quinazoline compounds as novel potent inhibitors of Wnt/β-catenin signaling in colorectal cancer cells.
PMC4782050,Genes Dev,2016,cc by-nc,ok,4,1,0,0,2,dataset_medium,mixed,Visualizing allele-specific expression in single cells reveals epigenetic mosaicism in an H19 loss-of-imprinting mutant.
PMC4775221,Elife,2016,cc by,ok,7,0,0,0,0,no_tabular_data,,Mitochondrial DNA copy number variation across human cancers.
PMC4756718,Sci Rep,2016,cc by,ok,3,1,2,0,0,dataset_medium,omics,Discovery of candidate tumor biomarkers for treatment with intraperitoneal chemotherapy for ovarian cancer.
PMC4769166,Elife,2016,cc by,ok,2,1,0,0,0,dataset_medium,numeric,Akt-mTORC1 signaling regulates Acly to integrate metabolic input to control of macrophage activation.
PMC4840324,Int J Cancer,2016,cc by,ok,11,2,0,0,9,dataset_medium,clinical;mixed,Protein Z: A putative novel biomarker for early detection of ovarian cancer.
PMC4757859,Sci Rep,2016,cc by,ok,2,1,0,0,1,dataset_medium,mixed,A Modular Assembly Platform for Rapid Generation of DNA Constructs.
PMC4752261,PLoS Comput Biol,2016,cc0,ok,3,1,1,0,1,dataset_medium,omics,FastGGM: An Efficient Algorithm for the Inference of Gaussian Graphical Model in Biological Networks.
PMC4872085,Nucleic Acids Res,2016,cc by-nc,ok,3,1,0,0,1,dataset_medium,numeric,Circular RNA profile in gliomas revealed by identification tool UROBORUS.
PMC4748230,Nat Commun,2016,cc by,ok,5,1,2,0,2,dataset_large,numeric,Corrigendum: An apoptosis-enhancing drug overcomes platinum resistance in a tumour-initiating subpopulation of ovarian cancer.
PMC4749301,PLoS Biol,2016,cc by,ok,3,1,0,0,2,dataset_medium,numeric,PI(4)P Promotes Phosphorylation and Conformational Change of Smoothened through Interaction with Its C-terminal Tail.
PMC4762430,Genes Dev,2016,cc by-nc,ok,8,0,1,0,6,small_table,,RNA-activated DNA cleavage by the Type III-B CRISPR-Cas effector complex.
PMC4749282,PLoS One,2016,cc by,ok,12,10,2,0,0,dataset_medium,omics,Protein Expression Profiling of Giant Cell Tumors of Bone Treated with Denosumab.
PMC4868715,Oncotarget,2016,cc by,ok,4,2,0,0,2,dataset_medium,clinical,MicroRNA 100 sensitizes luminal A breast cancer cells to paclitaxel treatment in part by targeting mTOR.
PMC4868687,Oncotarget,2016,cc by,ok,4,3,0,0,0,dataset_medium,mixed;numeric,Whole-exome tumor sequencing study in biliary cancer patients with a response to MEK inhibitors.
PMC4744079,PLoS One,2016,cc by,ok,1,1,0,0,0,dataset_medium,mixed,A Vector with a Single Promoter for In Vitro Transcription and Mammalian Cell Expression of CRISPR gRNAs.
PMC4740184,Nat Commun,2016,cc by,ok,2,1,0,0,1,dataset_medium,omics,Melanoma-specific MHC-II expression represents a tumour-autonomous phenotype and predicts response to anti-PD-1/PD-L1 therapy.
PMC4742997,Nat Commun,2016,cc by,ok,7,5,0,0,1,dataset_large,numeric,Microbial metabolomics in open microscale platforms.
PMC4738362,Nat Commun,2016,cc by,ok,5,4,1,0,0,dataset_medium,numeric;omics,Genome-wide association studies in the Japanese population identify seven novel loci for type 2 diabetes.
PMC4749543,Cancer Cell,2016,cc by-nc-nd,ok,3,1,0,0,2,dataset_large,numeric,miR-126 Regulates Distinct Self-Renewal Outcomes in Normal and Malignant Hematopoietic Stem Cells.
PMC4749926,J Exp Med,2016,cc by-nc-sa,ok,3,1,0,0,1,dataset_medium,mixed,miR-23∼27∼24 clusters control effector T cell differentiation and function.
PMC4734753,PLoS Genet,2016,cc by,ok,5,0,2,0,0,small_table,,Weak Epistasis Generally Stabilizes Phenotypes in a Mouse Intercross.
PMC4734656,PLoS One,2016,cc by,ok,1,0,1,0,0,small_table,,Metronomic Doses of Temozolomide Enhance the Efficacy of Carbon Nanotube CpG Immunotherapy in an Invasive Glioma Model.
PMC4770225,Nucleic Acids Res,2016,cc by-nc,ok,5,1,1,0,1,dataset_medium,omics,The Kub5-Hera/RPRD1B interactome: a novel role in preserving genetic stability by regulating DNA mismatch repair.
PMC4726586,PLoS One,2016,cc by,ok,1,1,0,0,0,dataset_medium,numeric,Development of an Automated and Sensitive Microfluidic Device for Capturing and Characterizing Circulating Tumor Cells (CTCs) from Clinical Blood Samples.
PMC4838358,Nucleic Acids Res,2016,cc by-nc,ok,7,2,3,0,1,dataset_medium,numeric;omics,Gene integrated set profile analysis: a context-based approach for inferring biological endpoints.
PMC4726401,Sci Rep,2016,cc by,ok,6,4,2,0,0,dataset_large,mixed;numeric,Plasma extracellular RNA profiles in healthy and cancer patients.
PMC4723253,PLoS One,2016,cc by,ok,1,0,1,0,0,small_table,,KS-Detect - Validation of Solar Thermal PCR for the Diagnosis of Kaposi's Sarcoma Using Pseudo-Biopsy Samples.
PMC4726286,Sci Rep,2016,cc by,ok,15,6,8,0,1,dataset_medium,mixed;numeric,Genome-wide association studies in East Asians identify new loci for waist-hip ratio and waist circumference.
PMC4713100,PLoS Genet,2016,cc by,ok,2,1,0,0,1,dataset_large,numeric,"Chronic DNA Replication Stress Reduces Replicative Lifespan of Cells by TRP53-Dependent, microRNA-Assisted MCM2-7 Downregulation."
PMC4718593,PLoS One,2016,cc by,ok,13,1,1,0,11,dataset_medium,numeric,Global 5-Hydroxymethylcytosine Levels Are Profoundly Reduced in Multiple Genitourinary Malignancies.
PMC4725015,mBio,2016,cc by-nc-sa,ok,4,1,2,0,1,dataset_medium,mixed,Molecular and Structural Analysis of the Helicobacter pylori cag Type IV Secretion System Core Complex.
PMC4815766,Br J Cancer,2016,cc by-nc-sa,ok,1,1,0,0,0,dataset_large,omics,A large microRNA cluster on chromosome 19 is a transcriptional hallmark of WHO type A and AB thymomas.
PMC4927849,Bladder Cancer,2016,cc by-nc,ok,2,1,0,0,1,dataset_medium,numeric,Phase I Study of Everolimus in Combination with Gemcitabine and Split-Dose Cisplatin in Advanced Urothelial Carcinoma.
PMC5384647,Nature,2016,,ok,3,1,1,0,1,dataset_medium,mixed,An ID2-dependent mechanism for VHL inactivation in cancer.
PMC4777127,G3 (Bethesda),2016,cc by,ok,9,4,1,0,3,dataset_large,numeric;omics,Vesicular Trafficking Systems Impact TORC1-Controlled Transcriptional Programs in Saccharomyces cerevisiae.
PMC4803451,Ann Oncol,2016,cc by-nc,ok,18,7,3,0,6,dataset_large,numeric;omics,Minimally invasive genomic and transcriptomic profiling of visceral cancers by next-generation sequencing of circulating exosomes.
PMC4779376,J Proteome Res,2016,,ok,2,1,0,0,1,dataset_medium,numeric,Reproducibility of Differential Proteomic Technologies in CPTAC Fractionated Xenografts.
PMC4705677,Nucleic Acids Res,2016,cc by-nc,ok,4,2,1,0,0,dataset_large,mixed;omics,Cap homeostasis is independent of poly(A) tail length.
PMC4742579,Br J Cancer,2016,cc by-nc-sa,ok,5,1,4,0,0,dataset_medium,numeric,Heterogeneity of luminal breast cancer characterised by immunohistochemical expression of basal markers.
PMC4716534,Br J Cancer,2016,cc by-nc-sa,ok,2,0,1,0,1,small_table,,Aristolochic acid exposure in Romania and implications for renal cell carcinoma.
PMC4683459,Redox Biol,2016,cc by-nc-nd,ok,4,1,0,0,2,dataset_medium,numeric,Deletion of GSTA4-4 results in increased mitochondrial post-translational modification of proteins by reactive aldehydes following chronic ethanol consumption in mice.
PMC4797273,Nucleic Acids Res,2016,cc by,ok,3,1,0,0,1,dataset_medium,omics,Modeling co-occupancy of transcription factors using chromatin features.
PMC4862938,Mol Psychiatry,2016,cc by-nc-sa,ok,12,7,1,0,4,dataset_large,numeric;omics,Molecular systems evaluation of oligomerogenic APP(E693Q) and fibrillogenic APP(KM670/671NL)/PSEN1(Δexon9) mouse models identifies shared features with human Alzheimer's brain molecular pathology.
PMC4717272,Aging Cell,2016,cc by,ok,3,2,0,0,1,dataset_large,omics,Reduced in vivo hepatic proteome replacement rates but not cell proliferation rates predict maximum lifespan extension in mice.
PMC4858130,J Pathol Clin Res,2016,cc by-nc-nd,ok,4,3,0,0,0,dataset_large,mixed,The molecular landscape of extraskeletal osteosarcoma: A clinicopathological and molecular biomarker study.
PMC4738235,Ann Occup Hyg,2016,cc by-nc-nd,ok,3,1,0,0,2,dataset_medium,mixed,A Source-based Measurement Database for Occupational Exposure Assessment of Electromagnetic Fields in the INTEROCC Study: A Literature Review Approach.
PMC4714968,Lancet,2016,cc by,ok,2,1,0,0,1,dataset_medium,numeric,Inherited determinants of Crohn's disease and ulcerative colitis phenotypes: a genetic association study.
PMC4837098,Oncogene,2016,,ok,1,0,0,0,0,no_tabular_data,,"Differential association of STK11 and TP53 with KRAS mutation-associated gene expression, proliferation and immune surveillance in lung adenocarcinoma."
PMC4756809,Nucleic Acids Res,2016,cc by-nc,ok,3,1,0,0,1,dataset_large,mixed,"DTIE, a novel core promoter element that directs start site selection in TATA-less genes."
PMC4984265,Pediatr Blood Cancer,2016,cc by-nc-nd,ok,2,2,0,0,0,dataset_medium,mixed,Kaposi Sarcoma of Childhood: Inborn or Acquired Immunodeficiency to Oncogenic HHV-8.
PMC4756847,Nucleic Acids Res,2016,cc by-nc,ok,7,0,1,4,1,small_table,,Targeted single molecule mutation detection with massively parallel sequencing.
PMC4716307,Cell Death Differ,2016,,ok,3,0,2,0,1,small_table,,Loss of cysteinyl-tRNA synthetase (CARS) induces the transsulfuration pathway and inhibits ferroptosis induced by cystine deprivation.
PMC4624041,Oncogene,2016,,ok,1,0,0,0,0,no_tabular_data,,"Mdm2 overexpression and p73 loss exacerbate genomic instability and dampen apoptosis, resulting in B-cell lymphoma."
PMC4573764,Mol Psychiatry,2016,,ok,1,0,0,0,0,no_tabular_data,,A novel Alzheimer disease locus located near the gene encoding tau protein.
PMC5776392,Front Immunol,2017,cc by,ok,3,1,0,0,2,dataset_large,numeric,Monocytes Differentiate to Immune Suppressive Precursors of Metastasis-Associated Macrophages in Mouse Models of Metastatic Breast Cancer.
PMC5790053,Front Immunol,2017,cc by,ok,9,0,1,0,7,small_table,,Cathepsin G Is Expressed by Acute Lymphoblastic Leukemia and Is a Potential Immunotherapeutic Target.
PMC5751780,BMC Bioinformatics,2017,cc by,ok,2,1,0,0,1,dataset_medium,numeric,MultiDCoX: Multi-factor analysis of differential co-expression.
PMC5740075,Sci Rep,2017,cc by,ok,5,4,0,0,1,dataset_medium,numeric;omics,Cell Cycle Model System for Advancing Cancer Biomarker Research.
PMC5738441,Nat Commun,2017,cc by,ok,5,2,0,0,3,dataset_large,omics,Whole proteome analysis of human tankyrase knockout cells reveals targets of tankyrase-mediated degradation.
PMC5738360,Nat Commun,2017,cc by,ok,10,1,0,0,2,dataset_medium,mixed,Engineering cell sensing and responses using a GPCR-coupled CRISPR-Cas system.
PMC5736579,Sci Rep,2017,cc by,ok,2,1,0,0,1,dataset_medium,numeric,A Novel Cell Line Based Orthotopic Xenograft Mouse Model That Recapitulates Human Hepatoblastoma.
PMC5736707,Nat Commun,2017,cc by,ok,8,5,1,0,2,dataset_medium,mixed;numeric,The evolutionary landscape of chronic lymphocytic leukemia treated with ibrutinib targeted therapy.
PMC5735928,Genome Med,2017,cc by,ok,1,1,0,0,0,dataset_medium,mixed,Mapping genetic variations to three-dimensional protein structures to enhance variant interpretation: a proposed framework.
PMC5736603,Nat Commun,2017,cc by,ok,5,2,0,0,3,dataset_large,numeric;omics,Genomic regression analysis of coordinated expression.
PMC5870579,Cell Death Dis,2017,cc by,ok,4,0,3,0,1,small_table,,"Decitabine, a DNA-demethylating agent, promotes differentiation via NOTCH1 signaling and alters immune-related pathways in muscle-invasive bladder cancer."
PMC5745005,PLoS Genet,2017,cc by,ok,6,1,1,0,2,dataset_medium,mixed,ciRS-7 exonic sequence is embedded in a long non-coding RNA locus.
PMC5732960,Front Pediatr,2017,cc by,ok,2,1,1,0,0,dataset_medium,mixed,Precision Medicine in Children and Young Adults with Hematologic Malignancies and Blood Disorders: The Columbia University Experience.
PMC5727871,Cancer Cell Int,2017,cc by,ok,12,6,4,0,2,dataset_large,clinical;mixed;numeric,"The human, F-actin-based cytoskeleton as a mutagen sensor."
PMC5725494,Nat Commun,2017,cc by,ok,4,1,0,0,3,dataset_large,omics,Cell cycle-dependent phosphorylation regulates RECQL4 pathway choice and ubiquitination in DNA double-strand break repair.
PMC5723131,PeerJ,2017,cc by,ok,3,0,2,0,0,small_table,,Stem-loop structure preference for site-specific RNA editing by APOBEC3A and APOBEC3G.
PMC5716545,PLoS One,2017,cc by,ok,2,1,0,0,1,dataset_large,numeric,Loss of polarity alters proliferation and differentiation in low-grade endometrial cancers by disrupting Notch signaling.
PMC5718405,PLoS One,2017,cc by,ok,15,2,2,0,11,dataset_large,mixed;numeric,Prophetic Granger Causality to infer gene regulatory networks.
PMC5754795,Proc Natl Acad Sci U S A,2017,cc by-nc-nd,ok,2,1,0,0,1,dataset_large,numeric,"Islet cells share promoter hypomethylation independently of expression, but exhibit cell-type-specific methylation in enhancers."
PMC5746860,ACS Cent Sci,2017,,ok,2,1,0,0,1,dataset_large,omics,Chemical Proteomics Identifies SLC25A20 as a Functional Target of the Ingenol Class of Actinic Keratosis Drugs.
PMC5711034,PLoS One,2017,cc by,ok,6,2,0,0,4,dataset_large,numeric;omics,Dynamical system modeling to simulate donor T cell response to whole exome sequencing-derived recipient peptides: Understanding randomness in alloreactivity incidence following stem cell transplantation.
PMC5762364,Oncotarget,2017,cc by,ok,2,1,0,0,1,dataset_medium,mixed,CRISPR/Cas9-mediated reversibly immortalized mouse bone marrow stromal stem cells (BMSCs) retain multipotent features of mesenchymal stem cells (MSCs).
PMC5705913,mBio,2017,cc by,ok,4,3,0,0,0,dataset_large,mixed;numeric;omics,Effects of Mutations on Replicative Fitness and Major Histocompatibility Complex Class I Binding Affinity Are Among the Determinants Underlying Cytotoxic-T-Lymphocyte Escape of HIV-1 Gag Epitopes.
PMC5752530,Oncotarget,2017,cc by,ok,4,0,2,0,2,small_table,,T-cell responses to KSHV infection: a systematic approach.
PMC5708741,PLoS One,2017,cc by,ok,10,5,2,0,2,dataset_medium,clinical;mixed;numeric,A comprehensive analysis of breast cancer microbiota and host gene expression.
PMC5740648,Proc Natl Acad Sci U S A,2017,cc by-nc-nd,ok,7,4,2,0,1,dataset_medium,mixed;numeric;omics,Improved detection of synthetic lethal interactions in <i>Drosophila</i> cells using variable dose analysis (VDA).
PMC5705213,Elife,2017,cc by,ok,6,2,1,0,2,dataset_large,mixed,Immunoproteasome functions explained by divergence in cleavage specificity and regulation.
PMC5802686,Blood Cancer J,2017,cc by,ok,2,1,0,0,1,dataset_large,omics,NR4A1 inhibition synergizes with ibrutinib in killing mantle cell lymphoma cells.
PMC5697861,PLoS One,2017,cc by,ok,2,2,0,0,0,dataset_medium,mixed,BRCA1 and BRCA2 mutational profile and prevalence in hereditary breast and ovarian cancer (HBOC) probands from Southern Brazil: Are international testing criteria appropriate for this specific population?
PMC5698306,Sci Rep,2017,cc by,ok,2,1,1,0,0,dataset_medium,numeric,"Overexpression of suppressive microRNAs, miR-30a and miR-200c are associated with improved survival of breast cancer patients."
PMC5697874,PLoS One,2017,cc by,ok,9,3,3,0,3,dataset_medium,mixed;omics,Enrichment of colorectal cancer associations in functional regions: Insight for using epigenomics data in the analysis of whole genome sequence-imputed GWAS data.
PMC5701248,Nat Commun,2017,cc by,ok,18,13,3,0,1,dataset_large,clinical;mixed;numeric;omics,NSD1- and NSD2-damaging mutations define a subset of laryngeal tumors with favorable prognosis.
PMC5691155,Nat Commun,2017,cc by,ok,24,12,8,0,3,dataset_large,mixed;numeric;omics,GWAS for male-pattern baldness identifies 71 susceptibility loci explaining 38% of the risk.
PMC5688093,Sci Rep,2017,cc by,ok,2,1,0,0,1,dataset_medium,numeric,5-Aminolevulinic Acid Guided Sampling of Glioblastoma Microenvironments Identifies Pro-Survival Signaling at Infiltrative Margins.
PMC5688639,BMC Vet Res,2017,cc by,ok,2,1,1,0,0,dataset_medium,omics,MicroRNA profiling of dogs with transitional cell carcinoma of the bladder using blood and urine samples.
PMC5693473,PLoS One,2017,cc by,ok,4,2,1,0,1,dataset_large,numeric,Characterization and classification of lupus patients based on plasma thermograms.
PMC5681516,Sci Rep,2017,cc by,ok,2,1,0,0,1,dataset_large,omics,Chemical Analysis of Morphological Changes in Lysophosphatidic Acid-Treated Ovarian Cancer Cells.
PMC5701795,Elife,2017,cc by,ok,3,1,1,0,1,dataset_medium,numeric,Pharmacological augmentation of nicotinamide phosphoribosyltransferase (NAMPT) protects against paclitaxel-induced peripheral neuropathy.
PMC5673162,PLoS Biol,2017,cc by,ok,1,0,1,0,0,small_table,,Glutamine deficiency induces DNA alkylation damage and sensitizes cancer cells to alkylating agents through inhibition of ALKBH enzymes.
PMC5674015,Sci Rep,2017,cc by,ok,3,2,0,0,1,dataset_large,clinical;omics,Interactive phenotyping of large-scale histology imaging data with HistomicsML.
PMC5862639,Clin Transl Radiat Oncol,2017,cc by-nc-nd,ok,2,1,0,0,0,dataset_medium,mixed,Radiomic analysis in prediction of Human Papilloma Virus status.
PMC5674068,Sci Rep,2017,cc by,ok,6,5,1,0,0,dataset_large,mixed;numeric;omics,"Serial-omics of P53-/-, Brca1-/- Mouse Breast Tumor and Normal Mammary Gland."
PMC5679774,PLoS One,2017,cc by,ok,1,1,0,0,0,dataset_large,numeric,Application and interpretation of functional data analysis techniques to differential scanning calorimetry data from lupus patients.
PMC5700451,Anal Chem,2017,,ok,2,1,0,0,1,dataset_medium,numeric,Mining High-Complexity Motifs in Glycans: A New Language To Uncover the Fine Specificities of Lectins and Glycosidases.
PMC5667864,PLoS One,2017,cc by,ok,10,2,0,0,8,dataset_large,mixed;numeric,"Mapping longitudinal scientific progress, collaboration and impact of the Alzheimer's disease neuroimaging initiative."
PMC5665512,PLoS One,2017,cc by,ok,1,1,0,0,0,dataset_medium,omics,"Evaluation of the efficacy of dasatinib, a Src/Abl inhibitor, in colorectal cancer cell lines and explant mouse model."
PMC5688240,Stem Cell Reports,2017,cc by-nc-nd,ok,5,3,0,0,2,dataset_large,mixed;numeric;omics,Elevated p53 Activities Restrict Differentiation Potential of MicroRNA-Deficient Pluripotent Stem Cells.
PMC5664811,Genome Med,2017,cc by,ok,3,0,2,0,1,small_table,,Actionable gene-based classification toward precision medicine in gastric cancer.
PMC5755721,Genes Cancer,2017,cc by,ok,1,1,0,0,0,dataset_medium,omics,Enhanced MYC association with the NuA4 histone acetyltransferase complex mediated by the adenovirus E1A N-terminal domain activates a subset of MYC target genes highly expressed in cancer cells.
PMC5665593,Sci Adv,2017,cc by-nc,ok,3,1,1,0,0,dataset_medium,numeric,The abundance of metabolites related to protein methylation correlates with the metastatic capacity of human melanoma xenografts.
PMC5662567,Nat Commun,2017,cc by,ok,6,2,1,0,3,dataset_large,omics,Multi-dimensional genomic analysis of myoepithelial carcinoma identifies prevalent oncogenic gene fusions.
PMC5725663,Proteomics,2017,cc by,ok,5,4,1,0,0,dataset_large,omics,Proteomics and Network Analyses Reveal Inhibition of Akt-mTOR Signaling in CD4<sup>+</sup> T Cells by Mycobacterium tuberculosis Mannose-Capped Lipoarabinomannan.
PMC5663119,BMC Cancer,2017,cc by,ok,7,1,0,0,6,dataset_large,numeric,Identifying factors associated with the direction and significance of microRNA tumor-normal expression differences in colorectal cancer.
PMC5662764,Nat Commun,2017,cc by,ok,12,6,0,0,3,dataset_large,omics,Common and cell-type specific responses to anti-cancer drugs revealed by high throughput transcript profiling.
PMC5989923,Nat Genet,2017,,ok,4,1,0,0,3,dataset_large,numeric,"Shared genetic origin of asthma, hay fever and eczema elucidates allergic disease biology."
PMC5739773,Oncotarget,2017,cc by,ok,2,1,0,0,1,dataset_medium,mixed,"Estrogen metabolism in the human lung: impact of tumorigenesis, smoke, sex and race/ethnicity."
PMC5714592,Cell Rep,2017,cc by-nc-nd,ok,4,1,2,0,1,dataset_medium,numeric,Critical Modulation of Hematopoietic Lineage Fate by Hepatic Leukemia Factor.
PMC5660149,Sci Rep,2017,cc by,ok,2,1,0,0,1,dataset_medium,numeric,Oligomerization and ATP stimulate condensin-mediated DNA compaction.
PMC5732782,Oncotarget,2017,cc by,ok,2,1,0,0,1,dataset_medium,mixed,Loss of digestive organ expansion factor (<i>Diexf)</i> reveals an essential role during murine embryonic development that is independent of p53.
PMC5663045,Acta Neuropathol Commun,2017,cc by,ok,9,3,2,0,4,dataset_large,numeric;omics,Characterizing temporal genomic heterogeneity in pediatric high-grade gliomas.
PMC5654832,Nat Commun,2017,cc by,ok,5,1,1,0,3,dataset_medium,omics,BCL-X<sub>L</sub> directly modulates RAS signalling to favour cancer cell stemness.
PMC5831052,Stem Cell Reports,2017,cc by-nc-nd,ok,3,1,0,0,2,dataset_medium,numeric,Naked Mole Rat Cells Have a Stable Epigenome that Resists iPSC Reprogramming.
PMC5731933,Oncotarget,2017,cc by,ok,7,3,0,0,4,dataset_large,mixed;omics,Development and validation of a targeted next generation DNA sequencing panel outperforming whole exome sequencing for the identification of clinically relevant genetic variants.
PMC5831028,Stem Cell Reports,2017,cc by-nc-nd,ok,4,2,0,0,2,dataset_large,numeric;omics,Default Patterning Produces Pan-cortical Glutamatergic and CGE/LGE-like GABAergic Neurons from Human Pluripotent Stem Cells.
PMC5653759,Sci Rep,2017,cc by,ok,2,1,0,0,1,dataset_large,omics,A chloroquine-induced macrophage-preconditioning strategy for improved nanodelivery.
PMC5655325,NPJ Biofilms Microbiomes,2017,cc by,ok,2,1,0,0,1,dataset_large,omics,The making of a miscreant: tobacco smoke and the creation of pathogen-rich biofilms.
PMC5648253,PLoS Pathog,2017,cc by,ok,1,1,0,0,0,dataset_medium,numeric,The bacterial virulence factor CagA induces microbial dysbiosis that contributes to excessive epithelial cell proliferation in the Drosophila gut.
PMC5645980,Biomark Res,2017,cc by,ok,3,1,1,0,1,dataset_medium,omics,Assessing biological and technological variability in protein levels measured in pre-diagnostic plasma samples of women with breast cancer.
PMC5643561,Sci Rep,2017,cc by,ok,2,1,0,0,1,dataset_medium,omics,"Zdhhc13-dependent Drp1 S-palmitoylation impacts brain bioenergetics, anxiety, coordination and motor skills."
PMC5662243,PLoS Pathog,2017,cc by,ok,1,1,0,0,0,dataset_medium,omics,TIP60 represses telomerase expression by inhibiting Sp1 binding to the TERT promoter.
PMC5715013,Nat Commun,2017,cc by,ok,9,4,3,0,2,dataset_medium,mixed;numeric,Genome-wide meta-analysis associates HLA-DQA1/DRB1 and LPA and lifestyle factors with human longevity.
PMC5638226,PLoS Comput Biol,2017,cc by,ok,2,1,0,0,0,dataset_large,omics,Network propagation in the cytoscape cyberinfrastructure.
PMC5710881,Oncotarget,2017,cc by,ok,7,6,0,0,1,dataset_large,numeric;omics,Host cell transcriptome modification upon exogenous HPV16 L2 protein expression.
PMC5667937,PLoS Genet,2017,cc by,ok,11,3,2,0,6,dataset_large,mixed;omics,Environmental perturbations lead to extensive directional shifts in RNA processing.
PMC5636842,Nat Commun,2017,cc by,ok,6,3,2,0,1,dataset_medium,clinical;omics,Pan-cancer analysis of bi-allelic alterations in homologous recombination DNA repair genes.
PMC5676912,Proc Natl Acad Sci U S A,2017,,ok,2,1,0,0,1,dataset_medium,numeric,Meta-mass shift chemical profiling of metabolomes from coral reefs.
PMC5724172,Mol Cell Proteomics,2017,cc by,ok,4,3,0,0,0,dataset_large,mixed;numeric,Identification of Serological Biomarkers for Early Diagnosis of Lung Cancer Using a Protein Array-Based Approach.
PMC5731921,Oncotarget,2017,cc by,ok,11,0,6,0,5,small_table,,Multiplexed targeted mass spectrometry assays for prostate cancer-associated urinary proteins.
PMC5634437,Sci Rep,2017,cc by,ok,5,0,0,0,0,tables_only,,Development of A Machine Learning Algorithm to Classify Drugs Of Unknown Fetal Effect.
PMC5654330,Nature,2017,,ok,1,0,0,0,0,no_tabular_data,,The transcription fidelity factor GreA impedes DNA break repair.
PMC5696233,Oncotarget,2017,cc by,ok,5,2,2,0,1,dataset_medium,mixed,Differential prioritization of therapies to subtypes of triple negative breast cancer using a systems medicine method.
PMC5690281,Elife,2017,cc by,ok,4,0,1,0,3,small_table,,Epithelial-Myeloid cell crosstalk regulates acinar cell plasticity and pancreatic remodeling in mice.
PMC5633391,G3 (Bethesda),2017,cc by,ok,7,3,0,0,4,dataset_large,mixed;omics,High-Resolution Maps of Mouse Reference Populations.
PMC5733498,Genes Dev,2017,cc by-nc,ok,7,5,0,0,1,dataset_large,mixed;numeric;omics,Metabolic reprogramming ensures cancer cell survival despite oncogenic signaling blockade.
PMC5656174,Hum Mol Genet,2017,cc by,ok,3,1,0,0,2,dataset_large,numeric,Maternal BMI at the start of pregnancy and offspring epigenome-wide DNA methylation: findings from the pregnancy and childhood epigenetics (PACE) consortium.
PMC5689724,Oncotarget,2017,cc by,ok,3,2,0,0,1,dataset_medium,mixed,Oncolytic reovirus inhibits angiogenesis through induction of CXCL10/IP-10 and abrogation of HIF activity in soft tissue sarcomas.
PMC5685730,Oncotarget,2017,cc by,ok,2,1,0,0,1,dataset_medium,mixed,Distinct signaling events promote resistance to mitoxantrone and etoposide in pediatric AML: a Children's Oncology Group report.
PMC5639460,Stem Cell Reports,2017,cc by-nc-nd,ok,6,3,1,0,2,dataset_medium,numeric,Alternative SET/TAFI Promoters Regulate Embryonic Stem Cell Differentiation.
PMC5639470,Stem Cell Reports,2017,cc by,ok,3,1,0,0,2,dataset_medium,mixed,RNA Exosome Complex-Mediated Control of Redox Status in Pluripotent Stem Cells.
PMC5639459,Stem Cell Reports,2017,cc by-nc-nd,ok,3,1,0,0,2,dataset_medium,omics,An Endogenously Tagged Fluorescent Fusion Protein Library in Mouse Embryonic Stem Cells.
PMC5707090,Oncotarget,2017,cc by,ok,12,6,0,0,2,dataset_large,mixed;omics,Identification of cellular genes and pathways important for tumorigenicity of hepatocellular carcinoma cell lines by proteomic profiling.
PMC5617173,PLoS One,2017,cc by,ok,3,1,1,0,0,dataset_large,mixed,Escape Excel: A tool for preventing gene symbol and accession conversion errors.
PMC5617145,PLoS One,2017,cc by,ok,4,2,2,0,0,dataset_large,mixed;numeric,Analysis of chromatin accessibility in human epidermis identifies putative barrier dysfunction-sensing enhancers.
PMC5636171,PLoS Biol,2017,cc by,ok,2,1,0,0,1,dataset_large,numeric,Transcriptome analysis of hypoxic cancer cells uncovers intron retention in EIF2B5 as a mechanism to inhibit translation.
PMC5629033,PLoS Genet,2017,cc by,ok,11,3,0,2,0,dataset_large,numeric;omics,Formation of a TBX20-CASZ1 protein complex is protective against dilated cardiomyopathy and critical for cardiac homeostasis.
PMC5689570,Oncotarget,2017,cc by,ok,8,1,5,0,1,dataset_medium,omics,Vemurafenib-resistance via de novo RBM genes mutations and chromosome 5 aberrations is overcome by combined therapy with palbociclib in thyroid carcinoma with BRAF<sup>V600E</sup>.
PMC5687645,Oncotarget,2017,cc by,ok,3,1,1,0,1,dataset_medium,mixed,Genetic variants in the inflammation pathway as predictors of recurrence and progression in non-muscle invasive bladder cancer treated with Bacillus Calmette-Guérin.
PMC5696185,Oncotarget,2017,cc by,ok,2,1,0,0,1,dataset_medium,omics,Molecular characterization of pro-metastatic functions of β4-integrin in colorectal cancer.
PMC5685714,Oncotarget,2017,cc by,ok,6,4,1,0,1,dataset_medium,mixed,"Rapid, ultra low coverage copy number profiling of cell-free DNA as a precision oncology screening strategy."
PMC5608307,PLoS One,2017,cc by,ok,2,0,1,1,0,small_table,,Generation of a pancreatic cancer model using a Pdx1-Flp recombinase knock-in allele.
PMC5608370,PLoS One,2017,cc by,ok,4,3,1,0,0,dataset_medium,numeric,Smart thermosensitive liposomes for effective solid tumor therapy and in vivo imaging.
PMC5613480,BMC Cancer,2017,cc by,ok,5,0,1,0,2,small_table,,Intravital imaging of metastasis in adult Zebrafish.
PMC5689640,Oncotarget,2017,cc by,ok,2,1,0,0,1,dataset_medium,omics,Somatic mutations in <i>CDH1</i> and <i>CTNNB1</i> in primary carcinomas at 13 anatomic sites.
PMC5695572,NPJ Precis Oncol,2017,cc by,ok,3,2,0,0,1,dataset_medium,mixed;numeric,Protein activation mapping of human sun-protected epidermis after an acute dose of erythemic solar simulated light.
PMC5675705,Oncotarget,2017,cc by,ok,2,1,0,0,1,dataset_medium,mixed,Molecular determinants of prostate cancer metastasis.
PMC5871833,NPJ Precis Oncol,2017,cc by,ok,2,1,0,0,0,dataset_large,omics,Resolving the phylogenetic origin of glioblastoma via multifocal genomic analysis of pre-treatment and treatment-resistant autopsy specimens.
PMC5681281,Mol Metab,2017,cc by,ok,4,2,1,0,1,dataset_medium,mixed,The mitochondrial pyruvate carrier mediates high fat diet-induced increases in hepatic TCA cycle capacity.
PMC5601918,Nat Commun,2017,cc by,ok,3,1,0,0,1,dataset_medium,numeric,Identification of the S100 fused-type protein hornerin as a regulator of tumor vascularity.
PMC5696171,Oncotarget,2017,cc by,ok,2,0,1,0,1,small_table,,The exon 38-containing ARHGEF11 splice isoform is differentially expressed and is required for migration and growth in invasive breast cancer cells.
PMC5601479,Sci Rep,2017,cc by,ok,5,3,1,0,1,dataset_large,omics,Predicting clinical outcomes from large scale cancer genomic profiles with deep survival models.
PMC5595920,Sci Rep,2017,cc by,ok,6,0,4,0,1,small_table,,Analysis of potential protein-modifying variants in 9000 endometriosis patients and 150000 controls of European ancestry.
PMC5594485,BMC Genomics,2017,cc by,ok,4,4,0,0,0,dataset_large,mixed,Canonical and non-canonical JAK/STAT transcriptional targets may be involved in distinct and overlapping cellular processes.
PMC5663478,Elife,2017,cc by,ok,13,10,2,0,1,dataset_large,mixed;numeric;omics,Epidermal Growth Factor Receptor neddylation is regulated by a desmosomal-COP9 (Constitutive Photomorphogenesis 9) signalosome complex.
PMC5617229,PLoS Genet,2017,cc by,ok,4,1,3,0,0,dataset_medium,omics,DNA replication stress restricts ribosomal DNA copy number.
PMC5595282,PLoS Med,2017,cc0,ok,19,6,6,0,7,dataset_medium,mixed;numeric,Impact of common genetic determinants of Hemoglobin A1c on type 2 diabetes risk and diagnosis in ancestrally diverse populations: A transethnic genome-wide meta-analysis.
PMC5596945,BMC Genomics,2017,cc by,ok,13,3,1,0,8,dataset_large,numeric,Regulatory network changes between cell lines and their tissues of origin.
PMC5590914,PLoS One,2017,cc by,ok,5,1,1,0,3,dataset_medium,numeric,High prevalence of gastric intestinal metaplasia detected by confocal laser endomicroscopy in Zambian adults.
PMC5587889,Neoplasia,2017,cc by-nc-nd,ok,4,2,0,0,2,dataset_large,numeric;omics,Overexpression of Exportin-5 Overrides the Inhibitory Effect of miRNAs Regulation Control and Stabilize Proteins via Posttranslation Modifications in Prostate Cancer.
PMC5584331,Skelet Muscle,2017,cc by,ok,12,2,1,0,8,dataset_large,mixed,BET bromodomain inhibitors and agonists of the beta-2 adrenergic receptor identified in screens for compounds that inhibit DUX4 expression in FSHD muscle cells.
PMC5590816,PLoS One,2017,cc by,ok,4,1,1,0,2,dataset_medium,numeric,Lower frequency of TLR9 variant associated with protection from breast cancer among African Americans.
PMC5762296,Oncotarget,2017,cc by,ok,3,0,2,0,1,small_table,,"High-resolution microbiome profiling uncovers <i>Fusobacterium nucleatum</i>, <i>Lactobacillus gasseri/johnsonii</i>, and <i>Lactobacillus vaginalis</i> associated to oral and oropharyngeal cancer in saliva from HPV positive and HPV negative patients treated with surgery and chemo-radiation."
PMC5652665,Oncotarget,2017,cc by,ok,8,1,6,0,1,dataset_medium,mixed,Analytic validation and real-time clinical application of an amplicon-based targeted gene panel for advanced cancer.
PMC5599062,PLoS Genet,2017,cc by,ok,17,10,5,0,0,dataset_large,mixed;numeric;omics,5C analysis of the Epidermal Differentiation Complex locus reveals distinct chromatin interaction networks between gene-rich and gene-poor TADs in skin epithelial cells.
PMC5570261,Neuro Oncol,2017,cc by-nc,ok,3,1,2,0,0,dataset_medium,mixed,Strong FGFR3 staining is a marker for FGFR3 fusions in diffuse gliomas.
PMC5578506,PLoS One,2017,cc by,ok,1,0,1,0,0,small_table,,Acacetin enhances the therapeutic efficacy of doxorubicin in non-small-cell lung carcinoma cells.
PMC5870537,Bioinformatics,2017,cc by-nc,ok,5,0,2,0,1,small_table,,SinCHet: a MATLAB toolbox for single cell heterogeneity analysis in cancer.
PMC5579049,Sci Rep,2017,cc by,ok,3,2,0,0,1,dataset_large,mixed;omics,Proteome-wide acetylation dynamics in human cells.
PMC5584341,Hum Genomics,2017,cc by,ok,5,2,1,0,2,dataset_large,clinical;omics,Evaluating somatic tumor mutation detection without matched normal samples.
PMC5577668,Genome Med,2017,cc by,ok,6,5,1,0,0,dataset_large,mixed;omics,The neoepitope landscape in pediatric cancers.
PMC5578957,Sci Rep,2017,cc by,ok,7,4,2,0,1,dataset_medium,numeric;omics,High-throughput analysis of N-glycans using AutoTip via glycoprotein immobilization.
PMC5582297,Front Physiol,2017,cc by,ok,5,3,1,1,0,dataset_large,mixed;numeric,Increased Hemodynamic Load in Early Embryonic Stages Alters Myofibril and Mitochondrial Organization in the Myocardium.
PMC5650296,Oncotarget,2017,cc by,ok,6,3,1,0,2,dataset_large,mixed;numeric;omics,Reciprocal expression of INSM1 and YAP1 defines subgroups in small cell lung cancer.
PMC5681274,Mol Metab,2017,cc by-nc-nd,ok,2,2,0,0,0,dataset_large,numeric;omics,"Maternal obesity alters fatty acid oxidation, AMPK activity, and associated DNA methylation in mesenchymal stem cells from human infants."
PMC5575098,Sci Rep,2017,cc by,ok,1,1,0,0,0,dataset_medium,numeric,Evaluating the role of coherent delocalized phonon-like modes in DNA cyclization.
PMC5578607,PLoS One,2017,cc by,ok,1,0,1,0,0,small_table,,Development and validation of a rapid and robust method to determine visceral adipose tissue volume using computed tomography images.
PMC5571971,PLoS One,2017,cc by,ok,2,0,1,0,1,small_table,,Mixed methods research in tobacco control with youth and young adults: A methodological review of current strategies.
PMC5668948,Genome Res,2017,cc by,ok,15,7,4,0,1,dataset_large,mixed;numeric,The Mobile Element Locator Tool (MELT): population-scale mobile element discovery and biology.
PMC5603127,J Healthc Eng,2017,cc by,ok,3,3,0,0,0,dataset_large,mixed;omics,Semantic Modeling for Exposomics with Exploratory Evaluation in Clinical Context.
PMC5576757,PLoS One,2017,cc by,ok,4,1,0,0,0,dataset_medium,numeric,Delaying the start of iron until 28 days after antimalarial treatment is associated with lower incidence of subsequent illness in children with malaria and iron deficiency.
PMC5732707,Oncotarget,2017,cc by,ok,5,3,1,0,1,dataset_medium,numeric;omics,"Sustained activation of the AKT/mTOR and MAP kinase pathways mediate resistance to the Src inhibitor, dasatinib, in thyroid cancer."
PMC5571198,Nat Commun,2017,cc by,ok,3,1,0,0,2,dataset_medium,numeric,USP26 functions as a negative regulator of cellular reprogramming by stabilising PRC1 complex components.
PMC5674100,Br J Cancer,2017,cc by-nc-sa,ok,2,0,1,0,1,small_table,,Cardiovascular disease risk and androgen deprivation therapy in patients with localised prostate cancer: a prospective cohort study.
PMC5574976,Sci Rep,2017,cc by,ok,2,1,0,0,1,dataset_large,omics,Mutational heterogeneity in non-serous ovarian cancers.
PMC5706819,Oncotarget,2017,cc by,ok,3,1,1,0,1,dataset_medium,omics,Comprehensive genomic sequencing detects important genetic differences between right-sided and left-sided colorectal cancer.
PMC5571629,Microbiome,2017,cc by,ok,15,0,0,0,6,tables_only,,Oxalobacter formigenes-associated host features and microbial community structures examined using the American Gut Project.
PMC5570329,PLoS One,2017,cc by,ok,3,0,1,0,0,small_table,,Single-cell profiling of dynamic cytokine secretion and the phenotype of immune cells.
PMC5569061,Sci Rep,2017,cc by,ok,4,3,0,0,1,dataset_large,numeric;omics,Discovery and characterization of the feline miRNAome.
PMC5573720,Nat Commun,2017,cc by,ok,3,2,1,0,0,dataset_medium,mixed;numeric,Systems analysis of apoptotic priming in ovarian cancer identifies vulnerabilities and predictors of drug response.
PMC5570908,Nat Commun,2017,cc by,ok,3,1,0,0,2,dataset_medium,omics,An integrated bioinformatics platform for investigating the human E3 ubiquitin ligase-substrate interaction network.
PMC5589255,PLoS Pathog,2017,cc by,ok,3,1,2,0,0,dataset_medium,omics,Nuclease escape elements protect messenger RNA against cleavage by multiple viral endonucleases.
PMC5652601,Diabetes,2017,,ok,3,2,0,0,1,dataset_large,numeric;omics,Inhibition of 12/15-Lipoxygenase Protects Against β-Cell Oxidative Stress and Glycemic Deterioration in Mouse Models of Type 1 Diabetes.
PMC5571905,PLoS One,2017,cc by,ok,1,0,1,0,0,small_table,,A Trp53fl/flPtenfl/fl mouse model of undifferentiated pleomorphic sarcoma mediated by adeno-Cre injection and in vivo bioluminescence imaging.
PMC5617996,Pathogens,2017,cc by,ok,1,1,0,0,0,dataset_medium,mixed,The Lipid Raft Proteome of African Trypanosomes Contains Many Flagellar Proteins.
PMC5566333,Nat Commun,2017,cc by,ok,19,10,5,0,2,dataset_large,numeric;omics,"Multi-laboratory assessment of reproducibility, qualitative and quantitative performance of SWATH-mass spectrometry."
PMC5630201,Eur J Cancer,2017,cc by,ok,2,1,0,0,1,dataset_medium,numeric,Pro-inflammatory fatty acid profile and colorectal cancer risk: A Mendelian randomisation analysis.
PMC5568171,Cancer Metab,2017,cc by,ok,8,4,1,0,3,dataset_large,mixed;omics,Metabolic profiling of triple-negative breast cancer cells reveals metabolic vulnerabilities.
PMC5626529,J Cell Biol,2017,cc by-nc-sa,ok,7,1,0,0,1,dataset_medium,omics,GTSE1 regulates spindle microtubule dynamics to control Aurora B kinase and Kif4A chromokinesin on chromosome arms.
PMC5563524,Cell Death Discov,2017,cc by,ok,6,4,0,0,2,dataset_medium,omics,Tumor cell senescence response produces aggressive variants.
PMC5562310,PLoS One,2017,cc by,ok,3,1,0,0,2,dataset_medium,numeric,Circulating miRNAs in sepsis-A network under attack: An in-silico prediction of the potential existence of miRNA sponges in sepsis.
PMC5557576,Clin Proteomics,2017,cc by,ok,10,6,1,0,1,dataset_large,numeric,Protein signatures of molecular pathways in non-small cell lung carcinoma (NSCLC): comparison of glycoproteomics and global proteomics.
PMC5557939,Sci Rep,2017,cc by,ok,3,3,0,0,0,dataset_large,mixed;omics,Myst2/Kat7 histone acetyltransferase interaction proteomics reveals tumour-suppressor Niam as a novel binding partner in embryonic stem cells.
PMC5730474,Oncogene,2017,cc by-nc-nd,ok,3,2,0,0,1,dataset_large,omics,SmgGDS is a transient nucleolar protein that protects cells from nucleolar stress and promotes the cell cycle by regulating DREAM complex gene expression.
PMC5620329,Oncotarget,2017,cc by,ok,4,1,1,0,2,dataset_medium,numeric,Culture conditions defining glioblastoma cells behavior: what is the impact for novel discoveries?
PMC5553900,Clin Epigenetics,2017,cc by,ok,2,0,0,0,1,tables_only,,LSD1 dual function in mediating epigenetic corruption of the vitamin D signaling in prostate cancer.
PMC5601244,Int J Cancer,2017,cc by,ok,5,2,0,0,3,dataset_large,mixed,Gene-environment interactions involving functional variants: Results from the Breast Cancer Association Consortium.
PMC5553991,PLoS One,2017,cc by,ok,2,2,0,0,0,dataset_large,mixed;omics,Sequence homology between HLA-bound cytomegalovirus and human peptides: A potential trigger for alloreactivity.
PMC5589418,Elife,2017,cc by,ok,10,0,9,0,1,small_table,,Environmental cystine drives glutamine anaplerosis and sensitizes cancer cells to glutaminase inhibition.
PMC5614841,Nat Neurosci,2017,,ok,1,0,0,0,0,no_tabular_data,,AAV-mediated direct in vivo CRISPR screen identifies functional suppressors in glioblastoma.
PMC5550752,mBio,2017,cc by,ok,1,0,1,0,0,small_table,,Cellobiose Consumption Uncouples Extracellular Glucose Sensing and Glucose Metabolism in <i>Saccharomyces cerevisiae</i>.
PMC5547486,BMC Evol Biol,2017,cc by,ok,13,1,0,0,1,dataset_medium,numeric,Phylogenetic analysis of the SINA/SIAH ubiquitin E3 ligase family in Metazoa.
PMC5555476,G3 (Bethesda),2017,cc by,ok,4,2,1,0,0,dataset_large,omics,Evaluation and Design of Genome-Wide CRISPR/SpCas9 Knockout Screens.
PMC5555488,G3 (Bethesda),2017,cc by,ok,2,0,1,0,1,small_table,,Gene2Function: An Integrated Online Resource for Gene Function Discovery.
PMC5550450,Sci Rep,2017,cc by,ok,2,1,0,0,1,dataset_medium,numeric,A pooled mutational analysis identifies ionizing radiation-associated mutational signatures conserved between mouse and human malignancies.
PMC5542609,PLoS One,2017,cc by,ok,3,0,3,0,0,small_table,,Expression of PD-L1 and other immunotherapeutic targets in thymic epithelial tumors.
PMC5633497,Mol Carcinog,2017,cc by-nc-nd,ok,5,4,0,0,1,dataset_medium,numeric;omics,Transcription factor-microRNA associations and their impact on colorectal cancer survival.
PMC5540272,PLoS One,2017,cc by,ok,7,2,5,0,0,dataset_medium,mixed,Cancer stem cell-related gene expression as a potential biomarker of response for first-in-class imipridone ONC201 in solid tumors.
PMC5560753,PLoS Genet,2017,cc by,ok,4,3,1,0,0,dataset_large,numeric;omics,Comparative transcriptomes of adenocarcinomas and squamous cell carcinomas reveal molecular similarities that span classical anatomic boundaries.
PMC5630288,Oncotarget,2017,cc by,ok,1,1,0,0,0,dataset_large,omics,Rapamycin-induced miR-21 promotes mitochondrial homeostasis and adaptation in mTORC1 activated cells.
PMC5537942,Nutr Metab (Lond),2017,cc by,ok,11,1,0,0,9,dataset_medium,mixed,eIF2α phosphorylation is required to prevent hepatocyte death and liver fibrosis in mice challenged with a high fructose diet.
PMC5663522,Oncotarget,2017,cc by,ok,6,4,1,0,1,dataset_large,numeric;omics,"IL2RG, identified as overexpressed by RNA-seq profiling of pancreatic intraepithelial neoplasia, mediates pancreatic cancer growth."
PMC5542472,PLoS One,2017,cc by,ok,8,0,1,0,7,small_table,,Novel application of the published kinase inhibitor set to identify therapeutic targets and pathways in triple negative breast cancer subtypes.
PMC5539301,Sci Rep,2017,cc by,ok,8,6,1,0,1,dataset_large,omics,Machine Learning-Assisted Network Inference Approach to Identify a New Class of Genes that Coordinate the Functionality of Cancer Networks.
PMC5539429,mBio,2017,cc by,ok,10,3,0,0,7,dataset_medium,numeric,"Genome-Wide Sensitivity Analysis of the Microsymbiont <i>Sinorhizobium meliloti</i> to Symbiotically Important, Defensin-Like Host Peptides."
PMC5551568,J Exp Med,2017,cc by-nc-sa,ok,3,2,0,0,1,dataset_large,numeric;omics,miR-99 regulates normal and malignant hematopoietic stem cell self-renewal.
PMC5550273,Stem Cell Reports,2017,cc by-nc-nd,ok,4,1,1,0,2,dataset_medium,omics,Network-Based Genomic Analysis of Human Oligodendrocyte Progenitor Differentiation.
PMC5555678,mSphere,2017,cc by,ok,3,2,1,0,0,dataset_large,numeric,Identification of Rab18 as an Essential Host Factor for BK Polyomavirus Infection Using a Whole-Genome RNA Interference Screen.
PMC5737499,Nucleic Acids Res,2017,cc by-nc,ok,1,1,0,0,0,dataset_medium,omics,Prioritizing tests of epistasis through hierarchical representation of genomic redundancies.
PMC5528838,PLoS One,2017,cc0,ok,4,1,2,0,1,dataset_large,omics,Microwave & magnetic proteomics of macrophages from patients with HIV-associated cognitive impairment.
PMC5642571,Oncotarget,2017,cc by,ok,4,0,0,0,3,tables_only,,Reverse phase protein array identification of triple-negative breast cancer subtypes and comparison with mRNA molecular subtypes.
PMC5531028,Stem Cell Res Ther,2017,cc by,ok,1,0,1,0,0,small_table,,Harvesting multipotent progenitor cells from a small sample of tonsillar biopsy for clinical applications.
PMC5526578,PLoS One,2017,cc by,ok,2,1,0,0,1,dataset_medium,numeric,Fit for genomic and proteomic purposes: Sampling the fitness of nucleic acid and protein derivatives from formalin fixed paraffin embedded tissue.
PMC5731856,Oncotarget,2017,cc by,ok,5,3,0,0,1,dataset_large,omics,cFLIP critically modulates apoptotic resistance in epithelial-to-mesenchymal transition.
PMC5606870,Mol Genet Genomic Med,2017,cc by,ok,2,1,0,0,1,dataset_medium,omics,Targeted sequencing of 36 known or putative colorectal cancer susceptibility genes.
PMC5524327,PLoS One,2017,cc by,ok,1,0,1,0,0,small_table,,The second window ICG technique demonstrates a broad plateau period for near infrared fluorescence tumor contrast in glioblastoma.
PMC5527099,Sci Rep,2017,cc by,ok,4,4,0,0,0,dataset_large,clinical;numeric;omics,Thy-1<sup>+</sup> Cancer-associated Fibroblasts Adversely Impact Lung Cancer Prognosis.
PMC5519040,PLoS One,2017,cc by,ok,2,2,0,0,0,dataset_large,clinical;numeric,Benign and tumor parenchyma metabolomic profiles affect compensatory renal growth in renal cell carcinoma surgical patients.
PMC5519024,PLoS One,2017,cc by,ok,8,1,0,0,7,dataset_large,omics,The receptor tyrosine kinase AXL promotes migration and invasion in colorectal cancer.
PMC5514513,Genome Med,2017,cc by,ok,12,10,0,0,2,dataset_large,mixed;numeric;omics,Detecting protein variants by mass spectrometry: a comprehensive study in cancer cell-lines.
PMC5515395,PLoS One,2017,cc by,ok,8,0,1,0,7,small_table,,Cholesterol esterification inhibition and imatinib treatment synergistically inhibit growth of BCR-ABL mutation-independent resistant chronic myelogenous leukemia.
PMC5521776,PLoS One,2017,cc by,ok,2,0,2,0,0,small_table,,The prognostic impact of human papillomavirus status following treatment failure in oropharyngeal cancer.
PMC5710904,Oncotarget,2017,cc by,ok,2,1,0,0,1,dataset_large,omics,Isoxazole compound ML327 blocks MYC expression and tumor formation in neuroblastoma.
PMC5593642,Oncotarget,2017,cc by,ok,4,1,1,0,2,dataset_medium,numeric,"Integration of ALV into <i>CTDSPL</i> and <i>CTDSPL2</i> genes in B-cell lymphomas promotes cell immortalization, migration and survival."
PMC5520052,Nat Commun,2017,cc by,ok,4,0,3,0,1,small_table,,Targeting the differential addiction to anti-apoptotic BCL-2 family for cancer therapy.
PMC5512936,Exp Hematol Oncol,2017,cc by,ok,1,1,0,0,0,dataset_medium,mixed,Interferon-alpha-based immunotherapies in the treatment of B cell-derived hematologic neoplasms in today's treat-to-target era.
PMC5550274,Elife,2017,cc by,ok,21,12,9,0,0,dataset_medium,numeric;omics,Essential roles of Caspase-3 in facilitating Myc-induced genetic instability and carcinogenesis.
PMC5504803,BMC Cancer,2017,cc by,ok,2,0,1,0,1,small_table,,Proteomic characterization of paired non-malignant and malignant African-American prostate epithelial cell lines distinguishes them by structural proteins.
PMC5655297,Oncotarget,2017,cc by,ok,2,1,0,0,1,dataset_medium,mixed,Patterns of relapse in patients with localized gastric adenocarcinoma who had surgery with or without adjunctive therapy: costs and effectiveness of surveillance.
PMC5511369,Nat Commun,2017,cc by,ok,3,1,0,0,2,dataset_large,numeric,Precise inhibitory microcircuit assembly of developmentally related neocortical interneurons in clusters.
PMC5537324,Immunogenetics,2017,cc by,ok,1,1,0,0,0,dataset_medium,mixed,Host genetic variation and HIV disease: from mapping to mechanism.
PMC5501349,Epigenetics Chromatin,2017,cc by,ok,4,3,0,0,1,dataset_large,numeric,Metabolic labeling in middle-down proteomics allows for investigation of the dynamics of the histone code.
PMC5504351,Nat Commun,2017,cc by,ok,2,1,0,0,1,dataset_medium,omics,Collagen-derived proline promotes pancreatic ductal adenocarcinoma cell survival under nutrient limited conditions.
PMC5558686,Br J Cancer,2017,cc by-nc-sa,ok,10,5,2,0,2,dataset_large,numeric,Modulating cancer cell survival by targeting intracellular cholesterol transport.
PMC5500955,BMC Bioinformatics,2017,cc by,ok,2,1,0,0,1,dataset_large,numeric,TnseqDiff: identification of conditionally essential genes in transposon sequencing studies.
PMC5498919,Clin Proteomics,2017,cc by,ok,5,2,2,1,0,dataset_medium,omics,Clinical validation of a blood-based classifier for diagnostic evaluation of asymptomatic individuals with pulmonary nodules.
PMC5497772,Sci Data,2017,cc by,ok,2,1,0,0,0,dataset_medium,numeric,Matched computed tomography segmentation and demographic data for oropharyngeal cancer radiomics challenges.
PMC5499059,BMC Genomics,2017,cc by,ok,4,0,1,0,0,small_table,,"Increasing quality, throughput and speed of sample preparation for strand-specific messenger RNA sequencing."
PMC5501540,PLoS One,2017,cc by,ok,6,2,4,0,0,dataset_medium,mixed;omics,Rare variants of small effect size in neuronal excitability genes influence clinical outcome in Japanese cases of SCN1A truncation-positive Dravet syndrome.
PMC5620007,Genes Cancer,2017,cc by,ok,1,0,1,0,0,small_table,,Extracellular LDLR repeats modulate Wnt signaling activity by promoting LRP6 receptor endocytosis mediated by the Itch E3 ubiquitin ligase.
PMC5496740,Elife,2017,cc by,ok,3,1,2,0,0,dataset_medium,numeric,Spatiotemporal regulation of autophagy during <i>Caenorhabditis elegans</i> aging.
PMC5542248,Oncotarget,2017,cc by,ok,2,1,0,0,1,dataset_medium,clinical,Quantitative prediction of oral cancer risk in patients with oral leukoplakia.
PMC5564530,Oncotarget,2017,cc by,ok,3,2,0,0,1,dataset_medium,mixed;numeric,Characterization of fusion genes in common and rare epithelial ovarian cancer histologic subtypes.
PMC5564706,Oncotarget,2017,cc by,ok,2,1,0,0,1,dataset_medium,mixed,Protein drug target activation homogeneity in the face of intra-tumor heterogeneity: implications for precision medicine.
PMC5564707,Oncotarget,2017,cc by,ok,3,1,1,0,1,dataset_large,omics,ZNF131 suppresses centrosome fragmentation in glioblastoma stem-like cells through regulation of HAUS5.
PMC5564592,Oncotarget,2017,cc by,ok,2,1,0,0,1,dataset_medium,mixed,Peiminine inhibits colorectal cancer cell proliferation by inducing apoptosis and autophagy and modulating key metabolic pathways.
PMC5493862,BMC Cancer,2017,cc by,ok,3,2,0,0,1,dataset_large,mixed;numeric,miRNome landscape analysis reveals a 30 miRNA core in retinoblastoma.
PMC5491028,PLoS One,2017,cc by,ok,1,1,0,0,0,dataset_medium,numeric,Cord blood T cell subpopulations and associations with maternal cadmium and arsenic exposures.
PMC5588926,Genes Dev,2017,cc by-nc,ok,23,8,4,0,9,dataset_large,mixed;numeric;omics,Identification of Nidogen 1 as a lung metastasis protein through secretome analysis.
PMC5564728,Oncotarget,2017,cc by,ok,2,1,0,0,1,dataset_medium,mixed,Elevated TATA-binding protein expression drives vascular endothelial growth factor expression in colon cancer.
PMC5511510,Nature,2017,,ok,4,3,0,0,1,dataset_large,mixed;numeric,Fine-mapping inflammatory bowel disease loci to single-variant resolution.
PMC5596430,Cell Death Differ,2017,cc by,ok,6,4,1,0,1,dataset_medium,mixed;numeric,Germline BAP1 mutations induce a Warburg effect.
PMC5489190,PLoS One,2017,cc by,ok,1,1,0,0,0,dataset_large,omics,Critical role of SIK3 in mediating high salt and IL-17 synergy leading to breast cancer cell proliferation.
PMC5620009,Genes Cancer,2017,cc by,ok,1,0,1,0,0,small_table,,PRAJA is overexpressed in glioblastoma and contributes to neural precursor development.
PMC5542258,Oncotarget,2017,cc by,ok,7,6,0,0,1,dataset_large,numeric;omics,Proteomic analysis of cerebrospinal fluid from children with central nervous system tumors identifies candidate proteins relating to tumor metastatic spread.
PMC5564771,Oncotarget,2017,cc by,ok,2,1,0,0,1,dataset_medium,omics,EMT circulating tumor cells detected by cell-surface vimentin are associated with prostate cancer progression.
PMC5546242,Nat Genet,2017,,ok,1,0,0,0,0,no_tabular_data,,"Disease model discovery from 3,328 gene knockouts by The International Mouse Phenotyping Consortium."
PMC5490939,PLoS Biol,2017,cc by,ok,9,2,1,0,6,dataset_medium,numeric;omics,Chemosensory and hyperoxia circuits in C. elegans males influence sperm navigational capacity.
PMC5493755,Nat Commun,2017,cc by,ok,2,0,1,0,1,small_table,,Negative regulation of EGFR signalling by the human folliculin tumour suppressor protein.
PMC5482799,Sci Rep,2017,cc by,ok,2,0,1,0,1,small_table,,A microRNA signature of response to erlotinib is descriptive of TGFβ behaviour in NSCLC.
PMC5706810,Oncotarget,2017,cc by,ok,4,3,0,0,1,dataset_medium,clinical;mixed;numeric,Targeted sequencing of established and candidate colorectal cancer genes in the Colon Cancer Family Registry Cohort.
PMC5479560,PLoS One,2017,cc by,ok,1,0,1,0,0,small_table,,Novel siRNA formulation to effectively knockdown mutant p53 in osteosarcoma.
PMC5511108,Stem Cell Reports,2017,cc by-nc-nd,ok,4,2,0,0,2,dataset_large,numeric;omics,Transient HES5 Activity Instructs Mesodermal Cells toward a Cardiac Fate.
PMC5479503,PLoS Biol,2017,cc by,ok,1,1,0,0,0,dataset_large,numeric,Laminin 211 inhibits protein kinase A in Schwann cells to modulate neuregulin 1 type III-driven myelination.
PMC5477353,Genome Med,2017,cc by,ok,3,2,0,0,1,dataset_large,numeric,Linked read sequencing resolves complex genomic rearrangements in gastric cancer metastases.
PMC5478660,Sci Rep,2017,cc by,ok,2,0,0,0,1,tables_only,,Topical Fibronectin Improves Wound Healing of Irradiated Skin.
PMC5481414,Sci Rep,2017,cc by,ok,7,6,0,0,1,dataset_large,mixed,Microbial Signatures Associated with Oropharyngeal and Oral Squamous Cell Carcinomas.
PMC5551574,J Exp Med,2017,cc by-nc-sa,ok,2,1,0,0,1,dataset_large,numeric,The islet-resident macrophage is in an inflammatory state and senses microbial products in blood.
PMC5480855,PLoS Genet,2017,cc by,too_large,0,0,0,0,0,no_supp_retrieved,,Peroxisomal biogenesis is genetically and biochemically linked to carbohydrate metabolism in Drosophila and mouse.
PMC5551702,J Cell Biol,2017,cc by-nc-sa,ok,2,0,1,0,1,small_table,,The G protein-coupled receptor GPR31 promotes membrane association of KRAS.
PMC5472622,Sci Rep,2017,cc by,ok,2,1,0,0,1,dataset_large,mixed,Integration of DNA methylation and gene transcription across nineteen cell types reveals cell type-specific and genomic region-dependent regulatory patterns.
PMC5551695,J Cell Biol,2017,cc by-nc-sa,ok,2,1,0,0,1,dataset_medium,numeric,A bifurcated signaling cascade of NIMA-related kinases controls distinct kinesins in anaphase.
PMC5501969,Nat Commun,2017,cc by,ok,3,1,0,0,2,dataset_large,omics,Insufficient antibody validation challenges oestrogen receptor beta research.
PMC5466608,NPJ Breast Cancer,2017,cc by,ok,3,0,1,2,0,small_table,,The contribution of pathogenic variants in breast cancer susceptibility genes to familial breast cancer risk.
PMC5470253,Genome Biol,2017,cc by,ok,2,1,0,0,1,dataset_medium,numeric,CRISPR/Cas9-mediated genome editing induces exon skipping by alternative splicing or exon deletion.
PMC5464586,PLoS One,2017,cc by,ok,8,1,0,0,7,dataset_large,numeric,A nested case-control study of 277 prediagnostic serum cytokines and glioma.
PMC5537711,Mol Oncol,2017,cc by,ok,3,2,0,0,1,dataset_medium,mixed;numeric,Cell-free DNA copy number variations in plasma from colorectal cancer patients.
PMC5546933,Protein Cell,2017,cc by,ok,4,0,3,1,0,small_table,,Effective gene editing by high-fidelity base editor 2 in mouse zygotes.
PMC5472177,Nat Commun,2017,cc by,ok,4,2,0,0,2,dataset_large,mixed;omics,Loss of Asxl2 leads to myeloid malignancies in mice.
PMC5465375,Nat Commun,2017,cc by,ok,4,2,0,0,2,dataset_medium,numeric;omics,Ndfip1 restricts mTORC1 signalling and glycolysis in regulatory T cells to prevent autoinflammatory disease.
PMC5473756,G3 (Bethesda),2017,cc by,ok,3,1,0,0,2,dataset_medium,mixed,Physical Confirmation and Comparative Genomics of the Rat <i>Mammary carcinoma susceptibility 3</i> Quantitative Trait Locus.
PMC5549921,Cell Rep,2017,cc by-nc-nd,ok,1,0,0,0,1,no_tabular_data,,A UV-Independent Topical Small-Molecule Approach for Melanin Production in Human Skin.
PMC5473594,PLoS Pathog,2017,cc by,ok,19,6,0,0,13,dataset_medium,numeric;omics,Vibrio cholerae ensures function of host proteins required for virulence through consumption of luminal methionine sulfoxide.
PMC5460497,J Transl Med,2017,cc by,ok,2,1,0,0,1,dataset_medium,numeric,Sphingosine kinase 1 expression enhances colon tumor growth.
PMC5522028,Oncotarget,2017,cc by,ok,2,1,0,0,1,dataset_medium,mixed,Tumor diversity and evolution revealed through RADseq.
PMC5669857,Oncotarget,2017,cc by,ok,4,1,1,0,2,dataset_large,omics,An oral keratinocyte life cycle model identifies novel host genome regulation by human papillomavirus 16 relevant to HPV positive head and neck cancer.
PMC5493772,Open Biol,2017,cc by,ok,15,4,1,0,10,dataset_large,omics,Comparative functional genomic screens of three yeast deletion collections reveal unexpected effects of genotype in response to diverse stress.
PMC5479695,Elife,2017,cc by,ok,3,1,2,0,0,dataset_medium,omics,Synergistic interactions with PI3K inhibition that induce apoptosis.
PMC5460472,BMC Genomics,2017,cc by,ok,8,1,0,0,7,dataset_medium,numeric,Uncovering the transcriptomic and epigenomic landscape of nicotinic receptor genes in non-neuronal tissues.
PMC5470172,Stem Cell Reports,2017,cc by-nc-nd,ok,3,0,0,0,2,tables_only,,Differentiation of Inflammation-Responsive Astrocytes from Glial Progenitors Generated from Human Induced Pluripotent Stem Cells.
PMC5538434,Genes Dev,2017,cc by-nc,ok,4,2,0,0,0,dataset_large,numeric;omics,PRKCI promotes immune suppression in ovarian cancer.
PMC5503517,Oncotarget,2017,cc by,ok,2,0,2,0,0,small_table,,Retinoblastoma cells activate the AKT pathway and are vulnerable to the PI3K/mTOR inhibitor NVP-BEZ235.
PMC5514962,Oncotarget,2017,cc by,ok,8,4,3,0,1,dataset_medium,mixed;omics,Quantification and expert evaluation of evidence for chemopredictive biomarkers to personalize cancer treatment.
PMC5449181,Elife,2017,cc by,ok,4,2,2,0,0,dataset_medium,numeric,"Control of PNG kinase, a key regulator of mRNA translation, is coupled to meiosis completion at egg activation."
PMC5451045,PLoS One,2017,cc by,ok,6,1,0,0,0,dataset_medium,numeric,Design and preliminary analysis of a vaginal inserter for speculum-free cervical cancer screening.
PMC5503607,Oncotarget,2017,cc by,ok,3,2,0,0,1,dataset_large,numeric;omics,Upregulation of minichromosome maintenance complex component 3 during epithelial-to-mesenchymal transition in human prostate cancer.
PMC5460027,Nat Commun,2017,cc by,ok,8,6,1,0,1,dataset_large,omics,Systematic discovery of mutation-specific synthetic lethals by mining pan-cancer human primary tumor data.
PMC5448144,Genome Med,2017,cc by,ok,7,2,1,0,4,dataset_medium,mixed,Genomic diagnosis for children with intellectual disability and/or developmental delay.
PMC5506420,Aging Cell,2017,cc by,ok,4,1,1,0,2,dataset_medium,numeric,Sustained NFκB inhibition improves insulin sensitivity but is detrimental to muscle health.
PMC5442648,Genome Biol,2017,cc by,ok,12,2,9,0,1,dataset_medium,mixed;numeric,"N-BLR, a primate-specific non-coding transcript leads to colorectal cancer invasion and migration."
PMC5441872,Elife,2017,cc by,ok,14,3,8,0,0,dataset_medium,numeric;omics,Srs2 promotes synthesis-dependent strand annealing by disrupting DNA polymerase δ-extending D-loops.
PMC5470112,Stem Cell Reports,2017,cc by-nc-nd,ok,4,1,1,0,2,dataset_medium,mixed,cFOS-SOX9 Axis Reprograms Bone Marrow-Derived Mesenchymal Stem Cells into Chondroblastic Osteosarcoma.
PMC5444835,PLoS One,2017,cc by,ok,5,2,1,0,1,dataset_medium,numeric,Exploratory plasma proteomic analysis in a randomized crossover trial of aspirin among healthy men and women.
PMC5629259,Mol Cell Proteomics,2017,cc by,ok,5,0,1,0,3,small_table,,"Quantitative Mass Spectrometry Analysis of PD-L1 Protein Expression, <i>N</i>-glycosylation and Expression Stoichiometry with PD-1 and PD-L2 in Human Melanoma."
PMC5441062,Mol Autism,2017,cc by,ok,15,9,1,0,1,dataset_large,mixed;numeric,"Meta-analysis of GWAS of over 16,000 individuals with autism spectrum disorder highlights a novel locus at 10q24.32 and a significant overlap with schizophrenia."
PMC5462537,Elife,2017,cc by,ok,11,3,7,0,0,dataset_medium,numeric,A genetic basis for molecular asymmetry at vertebrate electrical synapses.
PMC5441574,PLoS Med,2017,cc0,ok,4,2,0,0,2,dataset_medium,numeric,Data sharing in clinical trials: An experience with two large cancer screening trials.
PMC5470095,Stem Cell Reports,2017,cc by-nc-nd,ok,4,2,0,0,2,dataset_large,mixed;omics,MicroRNA Signatures and Molecular Subtypes of Glioblastoma: The Role of Extracellular Transfer.
PMC5458078,Nat Commun,2017,cc by,ok,7,5,0,0,2,dataset_large,omics,Global mapping of CARM1 substrates defines enzyme specificity and substrate recognition.
PMC5454541,Nat Commun,2017,cc by,ok,4,0,1,0,1,small_table,,Surface chemistry governs cellular tropism of nanoparticles in the brain.
PMC5438523,Malar J,2017,cc by,ok,3,1,2,0,0,dataset_medium,numeric,"Multiplex, DNase-free one-step reverse transcription PCR for Plasmodium 18S rRNA and spliced gametocyte-specific mRNAs."
PMC5435355,PLoS One,2017,cc by,ok,2,0,2,0,0,small_table,,SPOt: A novel and streamlined microarray platform for observing cellular tRNA levels.
PMC5433844,Elife,2017,cc by,ok,1,0,1,0,0,small_table,,Macrophages are necessary for epimorphic regeneration in African spiny mice.
PMC5620163,Oncotarget,2017,cc by,ok,11,9,1,0,1,dataset_large,mixed;numeric;omics,Genomic alterations in mucins across cancers.
PMC5425180,PLoS One,2017,cc by,ok,6,3,1,0,0,dataset_medium,numeric,Exposure to maternal obesogenic diet worsens some but not all pre-cancer phenotypes in a murine genetic model of prostate cancer.
PMC5424371,Clin Proteomics,2017,cc by,ok,4,4,0,0,0,dataset_large,numeric,An integrated proteomic and glycoproteomic approach uncovers differences in glycosylation occupancy from benign and malignant epithelial ovarian tumors.
PMC5431648,Sci Rep,2017,cc by,too_large,0,0,0,0,0,no_supp_retrieved,,A robust in vitro model for trans-lymphatic endothelial migration.
PMC5423595,PLoS One,2017,cc by,ok,3,2,0,0,1,dataset_large,mixed,Model-based analysis of N-glycosylation in Chinese hamster ovary cells.
PMC5421766,PLoS One,2017,cc by,ok,1,1,0,0,0,dataset_large,numeric,The thyroid cancer policy model: A mathematical simulation model of papillary thyroid carcinoma in The U.S. population.
PMC5452050,ACS Omega,2017,,ok,2,1,0,0,1,dataset_medium,mixed,Discovery of a Diaminopyrimidine FLT3 Inhibitor Active against Acute Myeloid Leukemia.
PMC5422964,J Exp Clin Cancer Res,2017,cc by,ok,11,6,0,0,5,dataset_large,numeric,FOXM1 expression is significantly associated with chemotherapy resistance and adverse prognosis in non-serous epithelial ovarian cancer patients.
PMC5467493,Mol Oncol,2017,cc by,ok,10,1,0,0,9,dataset_large,omics,Gain-of-function p53 activates multiple signaling pathways to induce oncogenicity in lung cancer cells.
PMC5446956,Cell Rep,2017,cc by,ok,6,3,2,0,1,dataset_large,omics,A Temporal Proteomic Map of Epstein-Barr Virus Lytic Replication in B Cells.
PMC5412046,J Transl Med,2017,cc by,ok,9,1,0,7,1,dataset_large,numeric,Transcriptomic profiling and quantitative high-throughput (qHTS) drug screening of CDH1 deficient hereditary diffuse gastric cancer (HDGC) cells identify treatment leads for familial gastric cancer.
PMC5495118,Genes Dev,2017,cc by-nc,ok,4,2,0,0,1,dataset_medium,mixed,CBL family E3 ubiquitin ligases control JAK2 ubiquitination and stability in hematopoietic stem cells and myeloid malignancies.
PMC5482601,Oncotarget,2017,cc by,ok,2,0,1,0,1,small_table,,Tumor-fibroblast interactions stimulate tumor vascularization by enhancing cytokine-driven production of MMP9 by tumor cells.
PMC5482651,Oncotarget,2017,cc by,ok,7,5,1,0,1,dataset_medium,mixed;numeric,The ovarian cancer oncobiome.
PMC5415775,BMC Cancer,2017,cc by,ok,2,0,1,0,1,small_table,,Clinical association analysis of ependymomas and pilocytic astrocytomas reveals elevated FGFR3 and FGFR1 expression in aggressive ependymomas.
PMC5438253,Elife,2017,cc by,ok,1,1,0,0,0,dataset_large,omics,TCF7L1 promotes skin tumorigenesis independently of β-catenin through induction of LCN2.
PMC5415356,Elife,2017,cc by,ok,11,6,5,0,0,dataset_medium,numeric,Regulation of localization and function of the transcriptional co-activator YAP by angiomotin.
PMC5415337,Sci Adv,2017,cc by-nc,ok,8,1,3,0,1,dataset_medium,mixed,The long noncoding RNA <i>SPRIGHTLY</i> acts as an intranuclear organizing hub for pre-mRNA molecules.
PMC5407576,PLoS Genet,2017,cc0,ok,27,11,11,0,5,dataset_medium,numeric;omics,"Genome-wide physical activity interactions in adiposity - A meta-analysis of 200,452 adults."
PMC5407755,PLoS One,2017,cc by,ok,5,2,2,0,1,dataset_medium,clinical;mixed,Integrin β1 activation induces an anti-melanoma host response.
PMC5414182,Nat Commun,2017,cc by,ok,9,8,0,0,1,dataset_large,numeric,Spatial computation of intratumoral T cells correlates with survival of patients with pancreatic cancer.
PMC5412061,BMC Cancer,2017,cc by,ok,1,1,0,0,0,dataset_medium,omics,A lung cancer risk classifier comprising genome maintenance genes measured in normal bronchial epithelial cells.
PMC5518850,Br J Cancer,2017,cc by-nc-sa,ok,4,2,1,0,1,dataset_medium,mixed,Pre-diagnosis diet and survival after a diagnosis of ovarian cancer.
PMC5426799,PLoS Pathog,2017,cc by,ok,9,2,0,7,0,dataset_medium,omics,NLRX1 negatively modulates type I IFN to facilitate KSHV reactivation from latency.
PMC5513066,RNA,2017,cc by-nc,ok,4,1,0,0,2,dataset_large,numeric,Impact of RNA structure on ZFP36L2 interaction with luteinizing hormone receptor mRNA.
PMC5414044,Nat Commun,2017,cc by,ok,10,8,1,0,1,dataset_medium,numeric,"Genome-wide meta-analysis of 241,258 adults accounting for smoking behaviour identifies novel loci for obesity traits."
PMC5406526,Neoplasia,2017,cc by-nc-nd,ok,4,3,1,0,0,dataset_large,mixed;omics,DDK Promotes Tumor Chemoresistance and Survival via Multiple Pathways.
PMC5589580,Oncotarget,2017,cc by,ok,3,2,0,0,1,dataset_medium,omics,APOBEC3G acts as a therapeutic target in mesenchymal gliomas by sensitizing cells to radiation-induced cell death.
PMC5419579,PLoS Genet,2017,cc0,ok,27,6,8,0,13,dataset_medium,mixed;omics,Discovery and fine-mapping of adiposity loci using high density imputation of genome-wide association studies in individuals of African ancestry: African Ancestry Anthropometry Genetics Consortium.
PMC5398542,PLoS One,2017,cc by,ok,3,1,1,0,1,dataset_large,omics,Pdgfrb is a direct regulatory target of TGFβ signaling in atrioventricular cushion mesenchymal cells.
PMC5398511,PLoS One,2017,cc by,ok,7,2,0,0,5,dataset_medium,mixed;numeric,Lymph node volume predicts survival but not nodal clearance in Stage IIIA-IIIB NSCLC.
PMC5430779,Sci Rep,2017,cc by,ok,4,2,1,0,1,dataset_large,numeric,Lsh/HELLS regulates self-renewal/proliferation of neural stem/progenitor cells.
PMC5461015,J Cell Biol,2017,cc by-nc-sa,ok,3,0,1,0,1,small_table,,NPM1 directs PIDDosome-dependent caspase-2 activation in the nucleolus.
PMC5402677,Mob DNA,2017,cc by,ok,5,1,2,0,2,dataset_medium,mixed,Insertion and deletion polymorphisms of the ancient <i>AluS</i> family in the human genome.
PMC5396973,PLoS One,2017,cc by,ok,2,0,1,0,1,small_table,,Biochemical evaluation of the anticancer potential of the polyamine-based nanocarrier Nano11047.
PMC5689849,J Appl Clin Med Phys,2017,cc by,ok,4,0,1,0,0,small_table,,Results of a 10-year survey of workload for 10 treatment vaults at a high-throughput comprehensive cancer center.
PMC5395295,Elife,2017,cc by,ok,4,1,2,0,1,dataset_medium,numeric,Collagen IV and basement membrane at the evolutionary dawn of metazoan tissues.
PMC5397022,PLoS One,2017,cc by,ok,3,1,0,0,2,dataset_large,omics,Transcriptome and proteome responses in RNAlater preserved tissue of Arabidopsis thaliana.
PMC5429860,Sci Rep,2017,cc by,ok,2,1,0,0,1,dataset_large,omics,Global gene expression profiling of healthy human brain and its application in studying neurological disorders.
PMC5425658,Stem Cell Reports,2017,cc by-nc-nd,ok,3,1,2,0,0,dataset_large,numeric,Prospective Isolation and Comparison of Human Germinal Matrix and Glioblastoma EGFR<sup>+</sup> Populations with Stem Cell Properties.
PMC5398676,PLoS One,2017,cc by,ok,2,2,0,0,0,dataset_medium,mixed;numeric,"Correction: Helicobacter pylori bab Paralog Distribution and Association with cagA, vacA, and homA/B Genotypes in American and South Korean Clinical Isolates."
PMC5398485,PLoS Comput Biol,2017,cc by,ok,6,2,2,0,1,dataset_large,mixed,Oncodomains: A protein domain-centric framework for analyzing rare variants in tumor samples.
PMC5478184,EBioMedicine,2017,cc by-nc-nd,ok,2,1,1,0,0,dataset_medium,numeric,Plasma Viral miRNAs Indicate a High Prevalence of Occult Viral Infections.
PMC5415897,Clin Transl Gastroenterol,2017,cc by-nc-nd,ok,2,2,0,0,0,dataset_large,mixed;numeric,Laser Capture Microdissection of Pancreatic Acinar Cells to Identify Proteomic Alterations in a Murine Model of Caerulein-Induced Pancreatitis.
PMC5432210,Elife,2017,cc by,ok,4,3,0,0,1,dataset_medium,numeric,Functional and mutational landscapes of BRCA1 for homology-directed repair and therapy resistance.
PMC5506438,Aging Cell,2017,cc by,ok,15,11,2,0,2,dataset_medium,mixed;numeric;omics,Caenorhabditis elegans orthologs of human genes differentially expressed with age are enriched for determinants of longevity.
PMC5388534,Elife,2017,cc by,ok,9,0,8,0,0,small_table,,A metabolic switch controls intestinal differentiation downstream of <i>Adenomatous</i> polyposis coli (APC).
PMC5385048,Genome Biol,2017,cc by,ok,7,6,0,0,1,dataset_large,clinical;mixed;numeric,SynthEx: a synthetic-normal-based DNA sequencing tool for copy number alteration detection and tumor heterogeneity profiling.
PMC5388531,Elife,2017,cc by,ok,6,2,2,0,0,dataset_medium,numeric,O-GlcNAc on NOTCH1 EGF repeats regulates ligand-induced Notch signaling and vascular development in mammals.
PMC5589584,Oncotarget,2017,cc by,ok,3,1,0,0,2,dataset_medium,omics,Profiling of metastatic small intestine neuroendocrine tumors reveals characteristic miRNAs detectable in plasma.
PMC5381801,PLoS One,2017,cc by,ok,8,2,0,0,1,dataset_medium,numeric;omics,"IL-15 regulates migration, invasion, angiogenesis and genes associated with lipid metabolism and inflammation in prostate cancer."
PMC5667938,Clin Microbiol Infect,2017,cc by,ok,6,1,0,4,1,dataset_medium,mixed,Whole genome sequencing of Shigella sonnei through PulseNet Latin America and Caribbean: advancing global surveillance of foodborne illnesses.
PMC5376591,Front Pharmacol,2017,cc by,ok,2,1,0,0,1,dataset_large,numeric,Scaffold Diversity of Fungal Metabolites.
PMC5438725,Oncotarget,2017,cc by,ok,2,1,0,0,1,dataset_medium,numeric,Kinomic profiling identifies focal adhesion kinase 1 as a therapeutic target in advanced clear cell renal cell carcinoma.
PMC5410248,Oncotarget,2017,cc by,ok,3,1,1,0,1,dataset_medium,mixed,Differentiation status of primary chronic myeloid leukemia cells affects sensitivity to BCR-ABL1 inhibitors.
PMC5408782,Mol Syst Biol,2017,cc by,ok,3,1,0,0,2,dataset_medium,mixed,Engineering bacterial thiosulfate and tetrathionate sensors for detecting gut inflammation.
PMC5438707,Oncotarget,2017,cc by,ok,21,16,4,0,1,dataset_large,mixed;numeric;omics,Genome-wide DNA methylation analysis reveals molecular subtypes of pancreatic cancer.
PMC5410314,Oncotarget,2017,cc by,ok,2,1,0,0,1,dataset_medium,numeric,DEK associates with tumor stage and outcome in HPV16 positive oropharyngeal squamous cell carcinoma.
PMC5410259,Oncotarget,2017,cc by,ok,4,3,0,0,1,dataset_large,mixed;numeric,Conditionally reprogrammed normal and primary tumor prostate epithelial cells: a novel patient-derived cell model for studies of human prostate cancer.
PMC5477595,Cell Death Dis,2017,cc by,ok,2,1,0,0,1,dataset_medium,numeric,G9A promotes tumor cell growth and invasion by silencing CASP1 in non-small-cell lung cancer cells.
PMC5381226,Sci Rep,2017,cc by,ok,3,1,1,0,1,dataset_large,omics,Fancd2 in vivo interaction network reveals a non-canonical role in mitochondrial function.
PMC5421939,Oncotarget,2017,cc by,ok,6,5,0,0,1,dataset_medium,numeric,Context-dependent miR-204 and miR-211 affect the biological properties of amelanotic and melanotic melanoma cells.
PMC5374737,BMC Med Genomics,2017,cc by,ok,15,1,2,11,1,dataset_large,omics,Revealing cancer subtypes with higher-order correlations applied to imaging and omics data.
PMC5379071,Nat Commun,2017,cc by,ok,17,12,4,0,1,dataset_large,numeric;omics,Proteogenomic integration reveals therapeutic targets in breast cancer xenografts.
PMC5390243,Stem Cell Reports,2017,cc by,ok,9,7,2,0,0,dataset_large,mixed;numeric;omics,High-Throughput and Cost-Effective Characterization of Induced Pluripotent Stem Cells.
PMC5423837,Nat Biotechnol,2017,,ok,1,0,0,0,0,no_tabular_data,,Large-scale design of robust genetic circuits with multiple inputs and outputs for mammalian cells.
PMC5404912,Elife,2017,cc by,ok,10,1,3,0,0,dataset_medium,numeric,Ribonuclease L mediates the cell-lethal phenotype of double-stranded RNA editing enzyme ADAR1 deficiency in a human cell line.
PMC5374680,BMC Genomics,2017,cc by,ok,22,9,1,0,1,dataset_large,mixed;numeric,Bromodomain protein 4 discriminates tissue-specific super-enhancers containing disease-specific susceptibility loci in prostate and breast cancer.
PMC5371415,mBio,2017,cc by,ok,3,3,0,0,0,dataset_medium,mixed;numeric,Mouse Mammary Tumor Virus Signal Peptide Uses a Novel p97-Dependent and Derlin-Independent Retrotranslocation Mechanism To Escape Proteasomal Degradation.
PMC5404926,Elife,2017,cc0,ok,4,1,0,0,1,dataset_large,omics,Histone gene replacement reveals a post-transcriptional role for H3K36 in maintaining metazoan transcriptome fidelity.
PMC5367705,PLoS One,2017,cc by,ok,5,4,0,0,1,dataset_large,mixed;numeric,A Neighborhood-Wide Association Study (NWAS): Example of prostate cancer aggressiveness.
PMC5384783,PLoS Genet,2017,cc by,ok,14,1,0,0,13,dataset_medium,omics,A non-canonical RNA degradation pathway suppresses RNAi-dependent epimutations in the human fungal pathogen Mucor circinelloides.
PMC5365317,Elife,2017,cc by,ok,2,0,1,0,0,small_table,,CRISPR/Cas9 mutagenesis invalidates a putative cancer dependency targeted in on-going clinical trials.
PMC5370149,PLoS One,2017,cc by,ok,3,3,0,0,0,dataset_medium,mixed;numeric,Time- and radiation-dose dependent changes in the plasma proteome after total body irradiation of non-human primates: Implications for biomarker selection.
PMC5374706,BMC Genomics,2017,cc by,ok,1,1,0,0,0,dataset_large,numeric,Sparse feature selection for classification and prediction of metastasis in endometrial cancer.
PMC5363827,PLoS One,2017,cc by,ok,9,1,3,0,5,dataset_medium,numeric,Epigenomic annotation of noncoding mutations identifies mutated pathways in primary liver cancer.
PMC5363859,PLoS One,2017,cc by,ok,4,0,3,0,1,small_table,,Mechanisms of glycosylase induced genomic instability.
PMC5400510,Elife,2017,cc by,ok,7,0,0,0,2,tables_only,,Nucleosomes influence multiple steps during replication initiation.
PMC5428291,Sci Rep,2017,cc by,ok,16,2,0,0,1,dataset_large,numeric,"Prognostic value of CA20, a score based on centrosome amplification-associated genes, in breast tumors."
PMC5356314,Genome Biol,2017,cc by,ok,3,1,1,0,1,dataset_medium,mixed,cepip: context-dependent epigenomic weighting for prioritization of regulatory variants and disease-associated genes.
PMC5408616,J Lipid Res,2017,cc by,ok,4,3,0,0,0,dataset_medium,mixed,Discovery and fine-mapping of loci associated with MUFAs through trans-ethnic meta-analysis in Chinese and European populations.
PMC5367032,Mar Drugs,2017,cc by,ok,2,0,1,0,1,small_table,,"FUSION-Guided Hypothesis Development Leads to the Identification of N⁶,N⁶-Dimethyladenosine, a Marine-Derived AKT Pathway Inhibitor."
PMC5384830,Elife,2017,cc by,ok,7,4,1,0,0,dataset_large,omics,Genome mining unearths a hybrid nonribosomal peptide synthetase-like-pteridine synthase biosynthetic gene cluster.
PMC5519450,Oncogene,2017,cc by,ok,5,1,2,0,2,dataset_large,numeric,CTCF genetic alterations in endometrial carcinoma are pro-tumorigenic.
PMC5468995,Chem Sci,2017,cc by,ok,2,1,1,0,0,dataset_medium,numeric,Site-specific azide-acetyllysine photochemistry on epigenetic readers for interactome profiling.
PMC5390834,Brain Behav,2017,cc by,ok,2,1,0,0,1,dataset_medium,numeric,Targeted sequencing identifies genetic polymorphisms of flavin-containing monooxygenase genes contributing to susceptibility of nicotine dependence in European American and African American.
PMC5348760,Epigenetics Chromatin,2017,cc by,ok,8,1,0,0,6,dataset_medium,omics,Histone peptide microarray screen of chromo and Tudor domains defines new histone lysine methylation interactions.
PMC5356254,Radiat Oncol,2017,cc by,ok,3,1,0,0,1,dataset_medium,numeric,A dosimetric model for the heterogeneous delivery of radioactive nanoparticles In vivo: a feasibility study.
PMC5356248,Breast Cancer Res,2017,cc by,ok,4,2,0,0,2,dataset_large,mixed;omics,Increased genomic burden of germline copy number variants is associated with early onset breast cancer: Australian breast cancer family registry.
PMC5367820,PLoS Comput Biol,2017,cc by,ok,3,2,0,0,1,dataset_medium,numeric,Parameter estimation for multistage clonal expansion models from cancer incidence data: A practical identifiability analysis.
PMC5379975,J Exp Med,2017,cc by-nc-sa,ok,3,2,0,0,1,dataset_medium,mixed;numeric,Myeloid-derived cullin 3 promotes STAT3 phosphorylation by inhibiting OGT expression and protects against intestinal inflammation.
PMC5343477,Sci Rep,2017,cc by,ok,3,2,0,0,1,dataset_medium,clinical;numeric,"Homozygosity for the WRN Helicase-Inactivating Variant, R834C, does not confer a Werner syndrome clinical phenotype."
PMC5340382,PLoS One,2017,cc by,ok,1,1,0,0,0,dataset_medium,clinical,"Association of SMAD4 mutation with patient demographics, tumor characteristics, and clinical outcomes in colorectal cancer."
PMC5341373,BMC Cancer,2017,cc by,ok,1,0,1,0,0,small_table,,Cyproterone acetate enhances TRAIL-induced androgen-independent prostate cancer cell apoptosis via up-regulation of death receptor 5.
PMC5343491,Nat Commun,2017,cc by,ok,11,5,5,0,1,dataset_medium,mixed;numeric;omics,Genomic characterisation of Eμ-Myc mouse lymphomas identifies Bcor as a Myc co-operative tumour-suppressor gene.
PMC5677954,NPJ Regen Med,2017,cc by,ok,4,1,3,0,0,dataset_large,numeric,A systems biology approach to studying the molecular mechanisms of osteoblastic differentiation under cytokine combination treatment.
PMC5344376,PLoS One,2017,cc by,ok,3,2,0,0,0,dataset_medium,omics,Identification of endometrial cancer methylation features using combined methylation analysis methods.
PMC5336658,BMC Bioinformatics,2017,cc by,ok,12,4,6,0,1,dataset_medium,omics,ProteoModlR for functional proteomic analysis.
PMC5392274,Oncotarget,2017,cc by,ok,3,2,0,0,1,dataset_large,numeric;omics,Haploinsufficiency in tumor predisposition syndromes: altered genomic transcription in morphologically normal cells heterozygous for VHL or TSC mutation.
PMC5331655,BMC Genomics,2017,cc by,ok,3,2,0,0,1,dataset_large,mixed;numeric,Conserved expression of transposon-derived non-coding transcripts in primate stem cells.
PMC5386675,Oncotarget,2017,cc by,ok,8,4,3,0,1,dataset_medium,numeric;omics,Identification of evolutionarily conserved DNA damage response genes that alter sensitivity to cisplatin.
PMC5376231,Nat Cell Biol,2017,,ok,8,0,1,5,1,small_table,,Tubulin acetylation protects long-lived microtubules against mechanical ageing.
PMC5358377,Proc Natl Acad Sci U S A,2017,,ok,3,2,0,0,0,dataset_large,omics,Vitamin D receptor regulates autophagy in the normal mammary gland and in luminal breast cancer cells.
PMC5400524,Oncotarget,2017,cc by,ok,2,1,0,0,1,dataset_medium,omics,Level of FACT defines the transcriptional landscape and aggressive phenotype of breast cancer cells.
PMC5338947,Nat Microbiol,2017,,ok,1,0,0,0,0,no_tabular_data,,Systems-based analysis of RIG-I-dependent signalling identifies KHSRP as an inhibitor of RIG-I receptor activation.
PMC5386751,Oncotarget,2017,cc by,ok,6,4,1,0,1,dataset_large,clinical;numeric;omics,Exosomal miR-940 maintains SRC-mediated oncogenic activity in cancer cells: a possible role for exosomal disposal of tumor suppressor miRNAs.
PMC5400617,Oncotarget,2017,cc by,ok,5,2,1,0,1,dataset_large,omics,Kinase analysis of penile squamous cell carcinoma on multiple platforms to identify potential therapeutic targets.
PMC5392278,Oncotarget,2017,cc by,ok,2,1,0,0,1,dataset_large,mixed,Analysis of The Cancer Genome Atlas sequencing data reveals novel properties of the human papillomavirus 16 genome in head and neck squamous cell carcinoma.
PMC5320535,Sci Rep,2017,cc by,ok,2,1,0,0,1,dataset_medium,mixed,Prevention of tumorigenesis in mice by exercise is dependent on strain background and timing relative to carcinogen exposure.
PMC5322599,J Transl Med,2017,cc by,ok,2,1,1,0,0,dataset_medium,mixed,Circulating tumor cells capture disease evolution in advanced prostate cancer.
PMC5322909,PLoS Genet,2017,cc by,ok,7,3,0,0,0,dataset_medium,mixed;numeric;omics,Rapid evolution of distinct Helicobacter pylori subpopulations in the Americas.
PMC5319024,J Immunother Cancer,2017,cc by,too_large,0,0,0,0,0,no_supp_retrieved,,Gene expression markers of Tumor Infiltrating Leukocytes.
PMC5391185,Mol Biol Cell,2017,,ok,10,1,0,0,1,dataset_medium,mixed,Interaction of phosphorylated Rab11-FIP2 with Eps15 regulates apical junction composition.
PMC5378170,Genome Res,2017,cc by-nc,ok,7,2,2,0,1,dataset_large,mixed,One thousand somatic SNVs per skin fibroblast cell set baseline of mosaic mutational load with patterns that suggest proliferative origin.
PMC5392013,Cancer Inform,2017,cc by-nc,ok,3,0,1,0,2,small_table,,Significant Prognostic Features and Patterns of Somatic <i>TP53</i> Mutations in Human Cancers.
PMC5316854,Nat Commun,2017,cc by,ok,7,5,2,0,0,dataset_large,mixed;numeric;omics,Haploinsufficiency networks identify targetable patterns of allelic deficiency in low mutation ovarian cancer.
PMC5310019,BMC Cancer,2017,cc by,ok,5,1,1,2,0,dataset_large,numeric,Effect of myeloid differentiation primary response gene 88 on expression profiles of genes during the development and progression of Helicobacter-induced gastric cancer.
PMC5313139,PLoS One,2017,cc by,ok,1,0,1,0,0,small_table,,Autologous hematopoietic stem cell transplantation in lymphoma patients is associated with a decrease in the double strand break repair capacity of peripheral blood lymphocytes.
PMC5313200,PLoS One,2017,cc by,ok,1,0,1,0,0,small_table,,Viperin interaction with mitochondrial antiviral signaling protein (MAVS) limits viperin-mediated inhibition of the interferon response in macrophages.
PMC5296359,Front Physiol,2017,cc by,ok,2,1,1,0,0,dataset_large,numeric,Increased Hemodynamic Load in Early Embryonic Stages Alters Endocardial to Mesenchymal Transition.
PMC5307883,BMC Biol,2017,cc by,ok,6,0,5,0,1,small_table,,Phosphorylation-dependent regulation of ALDH1A1 by Aurora kinase A: insights on their synergistic relationship in pancreatic cancer.
PMC5298229,PLoS Comput Biol,2017,cc by,ok,7,0,1,0,4,small_table,,Computational investigation of sphingosine kinase 1 (SphK1) and calcium dependent ERK1/2 activation downstream of VEGFR2 in endothelial cells.
PMC5321471,PLoS Comput Biol,2017,cc by,ok,3,1,1,0,1,dataset_large,omics,Multiscale mutation clustering algorithm identifies pan-cancer mutational clusters associated with pathway-level changes in gene expression.
PMC5293201,PLoS Comput Biol,2017,cc by,ok,2,0,1,0,1,small_table,,Activated Oncogenic Pathway Modifies Iron Network in Breast Epithelial Cells: A Dynamic Modeling Perspective.
PMC5294817,BMC Genomics,2017,cc by,ok,1,1,0,0,0,dataset_medium,mixed,Integration of VDR genome wide binding and GWAS genetic variation data reveals co-occurrence of VDR and NF-κB binding that is linked to immune phenotypes.
PMC5355158,Oncotarget,2017,cc by,ok,2,1,0,0,1,dataset_medium,omics,Dual inhibition of histone deacetylases and phosphoinositide 3-kinase enhances therapeutic activity against B cell lymphoma.
PMC5355139,Oncotarget,2017,cc by,ok,2,1,0,0,1,dataset_medium,mixed,The EMSY threonine 207 phospho-site is required for EMSYdriven suppression of DNA damage repair.
PMC5292751,Sci Rep,2017,cc by,ok,2,2,0,0,0,dataset_large,clinical,Expression of human endogenous retrovirus-K is strongly associated with the basal-like breast cancer phenotype.
PMC5305212,Elife,2017,cc by,ok,3,3,0,0,0,dataset_large,mixed;numeric;omics,KEAP1 loss modulates sensitivity to kinase targeted therapy in lung cancer.
PMC5290635,Genome Med,2017,cc by,ok,3,1,0,0,2,dataset_large,numeric,Longitudinal analysis of treatment-induced genomic alterations in gliomas.
PMC5289428,PLoS One,2017,cc by,ok,2,1,0,0,1,dataset_medium,omics,Expression Quantitative Trait loci (QTL) in tumor adjacent normal breast tissue and breast tumor tissue.
PMC5290311,Nat Commun,2017,cc by,ok,3,0,2,0,1,small_table,,Genome-wide association study of prostate-specific antigen levels identifies novel loci independent of prostate cancer.
PMC5290280,Nat Commun,2017,cc by,ok,7,5,1,0,1,dataset_medium,numeric;omics,Orthogonal ubiquitin transfer identifies ubiquitination substrates under differential control by the two ubiquitin activating enzymes.
PMC5290319,Nat Commun,2017,cc by,ok,5,3,0,0,1,dataset_medium,numeric,Reconstructing metastatic seeding patterns of human cancers.
PMC5269679,Sci Rep,2017,cc by,ok,5,4,0,0,1,dataset_large,numeric;omics,Differentiation of Club Cells to Alveolar Epithelial Cells In Vitro.
PMC5329120,Cell Rep,2017,cc by-nc-nd,ok,4,2,0,0,2,dataset_medium,numeric,SIRT6 Suppresses Cancer Stem-like Capacity in Tumors with PI3K Activation Independently of Its Deacetylase Activity.
PMC5318656,Cell Rep,2017,cc by,ok,9,5,2,0,2,dataset_large,omics,Lineage-Specific Genes Are Prominent DNA Damage Hotspots during Leukemic Transformation of B Cell Precursors.
PMC5386423,Eur J Hum Genet,2017,cc by,ok,2,2,0,0,0,dataset_large,omics,Evaluation of copy-number variants as modifiers of breast and ovarian cancer risk for BRCA1 pathogenic variant carriers.
PMC5261804,PLoS One,2017,cc by,ok,4,1,1,0,1,dataset_large,omics,MEDICI: Mining Essentiality Data to Identify Critical Interactions for Cancer Drug Target Discovery and Development.
PMC5256909,PLoS One,2017,cc by,ok,3,0,1,0,2,small_table,,Hepatitis C Virus Induces MDSCs-Like Monocytes through TLR2/PI3K/AKT/STAT3 Signaling.
PMC5263129,Front Genet,2017,cc by,ok,3,2,0,0,1,dataset_medium,omics,Cell Cycle and Cell Size Dependent Gene Expression Reveals Distinct Subpopulations at Single-Cell Level.
PMC5411774,Genome Res,2017,cc by-nc,ok,15,2,0,0,8,dataset_large,mixed;numeric,HySA: a Hybrid Structural variant Assembly approach using next-generation and single-molecule sequencing technologies.
PMC5249071,PLoS One,2017,cc by,ok,4,1,1,0,2,dataset_medium,omics,Using Breast Cancer Risk Associated Polymorphisms to Identify Women for Breast Cancer Chemoprevention.
PMC5555835,Leukemia,2017,,ok,1,0,0,0,1,no_tabular_data,,Bruton's tyrosine kinase inhibition increases BCL-2 dependence and enhances sensitivity to venetoclax in chronic lymphocytic leukemia.
PMC5240936,PLoS Med,2017,cc0,ok,33,9,3,16,3,dataset_medium,mixed;numeric,Association of Body Mass Index with DNA Methylation and Gene Expression in Blood Cells and Relations to Cardiometabolic Disease: A Mendelian Randomization Approach.
PMC5241115,Elife,2017,cc by,ok,9,4,4,0,0,dataset_medium,numeric,Autophagy inhibition overcomes multiple mechanisms of resistance to BRAF inhibition in brain tumors.
PMC5249120,PLoS One,2017,cc0,ok,15,0,10,0,5,small_table,,Comparison of HapMap and 1000 Genomes Reference Panels in a Large-Scale Genome-Wide Association Study.
PMC5249183,PLoS One,2017,cc by,ok,4,2,1,0,0,dataset_medium,numeric,Karyopherin Alpha Proteins Regulate Oligodendrocyte Differentiation.
PMC5294252,Oncogenesis,2017,cc by,ok,4,0,1,0,3,small_table,,Context-dependent role for chromatin remodeling component PBRM1/BAF180 in clear cell renal cell carcinoma.
PMC5243113,Elife,2017,cc by,ok,3,1,1,0,0,dataset_large,clinical,Mitochondrial respiratory gene expression is suppressed in many cancers.
PMC5231365,PLoS One,2017,cc by,ok,4,1,2,0,1,dataset_medium,numeric,Genome-Wide Association Studies of Multiple Keratinocyte Cancers.
PMC5340965,Genome Res,2017,cc by-nc,ok,9,4,1,0,1,dataset_large,mixed;numeric,Novel determinants of mammalian primary microRNA processing revealed by systematic evaluation of hairpin-containing transcripts and human genetic variation.
PMC5226839,PLoS One,2017,cc by,ok,3,0,3,0,0,small_table,,Role for Egr1 in the Transcriptional Program Associated with Neuronal Differentiation of PC12 Cells.
PMC5234813,PLoS One,2017,cc by,ok,2,1,0,0,1,dataset_large,clinical,Location of Receipt of Initial Treatment and Outcomes in Long-Term Breast Cancer Survivors.
PMC5237254,BMC Cancer,2017,cc by,ok,15,8,0,7,0,dataset_large,mixed;numeric,Genomic pathways modulated by Twist in breast cancer.
PMC5219657,BMC Res Notes,2017,cc by,ok,1,1,0,0,0,dataset_medium,mixed,A step-by-step approach to improve data quality when using commercial business lists to characterize retail food environments.
PMC5294484,Br J Cancer,2017,cc by-nc-sa,ok,3,0,2,0,1,small_table,,Impact of CTLA-4 blockade in conjunction with metronomic chemotherapy on preclinical breast cancer growth.
PMC5541848,Mol Biol Cell,2017,,ok,3,0,2,0,0,small_table,,Chromatin and lamin A determine two different mechanical response regimes of the cell nucleus.
PMC5223159,Sci Rep,2017,cc by,ok,2,1,0,0,1,dataset_large,numeric,Quantitative proteomic profiling of the extracellular matrix of pancreatic islets during the angiogenic switch and insulinoma progression.
PMC5651175,Nature,2017,cc by,ok,1,0,0,0,0,no_tabular_data,,Integrated genomic characterization of oesophageal carcinoma.
PMC5217551,BMC Genomics,2017,cc by,ok,11,0,2,0,9,small_table,,HiC-bench: comprehensive and reproducible Hi-C data analysis designed for parameter exploration and benchmarking.
PMC7771553,J Med Chem,2017,cc by,ok,1,0,0,0,0,no_tabular_data,,A Versatile Method to Determine the Cellular Bioavailability of Small-Molecule Inhibitors.
PMC5247279,Data Brief,2017,cc by,ok,2,1,0,0,1,dataset_medium,numeric,E-cigarette specialty retailers: Data to assess the association between retail environment and student e-cigarette use.
PMC5356893,Oncotarget,2017,cc by,ok,2,1,0,0,1,dataset_medium,numeric,A four gene signature predictive of recurrent prostate cancer.
PMC5352120,Oncotarget,2017,cc by,ok,2,1,1,0,0,dataset_medium,mixed,The ISG15-specific protease USP18 regulates stability of PTEN.
PMC5354921,Oncotarget,2017,cc by,ok,5,3,1,0,1,dataset_medium,mixed,Improving needle biopsy accuracy in small renal mass using tumor-specific DNA methylation markers.
PMC5283081,Invest Ophthalmol Vis Sci,2017,cc by-nc-nd,ok,12,5,0,0,7,dataset_large,mixed;numeric,Proteomic Analysis of the Bovine and Human Ciliary Zonule.
PMC5341753,Oncotarget,2017,cc by,ok,9,2,6,0,1,dataset_medium,mixed;numeric,"Whole exome sequencing in 75 high-risk families with validation and replication in independent case-control studies identifies TANGO2, OR5H14, and CHAD as new prostate cancer susceptibility genes."
PMC5198112,Neoplasia,2017,cc by-nc-nd,ok,4,2,0,1,1,dataset_large,mixed;numeric,Pan-Cancer Analysis Links PARK2 to BCL-XL-Dependent Control of Apoptosis.
PMC5454319,Oncogene,2017,cc by-nc-nd,ok,6,1,2,0,2,dataset_medium,mixed,Cancer-FOXP3 directly activated CCL5 to recruit FOXP3<sup>+</sup>Treg cells in pancreatic ductal adenocarcinoma.
PMC5321695,Support Care Cancer,2017,cc by-nc,ok,1,0,1,0,0,small_table,,Physician role in physical activity for African-American males undergoing radical prostatectomy for prostate cancer.
PMC5382063,Leukemia,2017,,ok,1,0,0,0,0,no_tabular_data,,High incidence of Philadelphia chromosome-like acute lymphoblastic leukemia in older adults with B-ALL.
PMC5204344,Genome Res,2017,cc by-nc,ok,5,1,2,0,1,dataset_medium,numeric,Evolutionary patterns of metazoan microRNAs reveal targeting principles in the let-7 and miR-10 families.
PMC5220154,Br J Cancer,2017,cc by-nc-sa,ok,2,1,0,0,1,dataset_large,omics,MicroRNA profiling in clear cell renal cell carcinoma tissues potentially links tumorigenesis and recurrence with obesity.
PMC5380514,Int J Obes (Lond),2017,,ok,1,0,0,0,0,no_tabular_data,,Early infant adipose deposition is positively associated with the n-6 to n-3 fatty acid ratio in human milk independent of maternal BMI.
PMC5231896,Mol Biol Cell,2017,,ok,3,0,1,0,1,small_table,,Lipid disequilibrium disrupts ER proteostasis by impairing ERAD substrate glycan trimming and dislocation.
PMC6252092,Cancer Epidemiol,2017,cc by-nc-nd,ok,1,0,0,0,0,no_tabular_data,,Evaluating the use of friend or family controls in epidemiologic case-control studies.
PMC5217778,Mol Cell Proteomics,2017,cc by,ok,7,4,1,0,1,dataset_large,mixed;numeric;omics,Proteome Profiling Outperforms Transcriptome Profiling for Coexpression Based Gene Function Prediction.
PMC5663526,Oncotarget,2017,cc by,ok,2,0,1,0,1,small_table,,ERpS294 is a biomarker of ligand or mutational ERα activation and a breast cancer target for CDK2 inhibition.
PMC5159647,RNA,2017,cc by-nc,ok,6,1,0,0,4,dataset_medium,numeric,Quantifying RNA binding sites transcriptome-wide using DO-RIP-seq.
PMC5378666,Oncogene,2017,,ok,1,0,0,0,0,no_tabular_data,,ZEB1 induces LOXL2-mediated collagen stabilization and deposition in the extracellular matrix to drive lung cancer invasion and metastasis.
PMC5214989,Hum Genet,2017,cc by,ok,7,5,2,0,0,dataset_large,numeric;omics,Network analysis of mitonuclear GWAS reveals functional networks and tissue expression profiles of disease-associated genes.
PMC5620144,Oncotarget,2017,cc by,ok,2,0,1,0,1,small_table,,Detection of ESR1 mutations in circulating cell-free DNA from patients with metastatic breast cancer treated with palbociclib and letrozole.
PMC5215748,Oncogene,2017,,ok,1,0,0,0,0,no_tabular_data,,Keratin-associated protein 5-5 controls cytoskeletal function and cancer cell vascular invasion.
PMC5593546,Oncotarget,2017,cc by,ok,2,1,0,0,1,dataset_large,omics,Hexokinase 2 promotes tumor growth and metastasis by regulating lactate production in pancreatic cancer.
PMC6344461,Front Oncol,2018,cc by,ok,1,1,0,0,0,dataset_medium,mixed,"Clinical Utilization Pattern of Liquid Biopsies (LB) to Detect Actionable Driver Mutations, Guide Treatment Decisions and Monitor Disease Burden During Treatment of 33 Metastatic Colorectal Cancer (mCRC) Patients (pts) at a Fox Chase Cancer Center GI Oncology Subspecialty Clinic."
PMC6331533,Front Physiol,2018,cc by,ok,3,1,1,0,1,dataset_medium,numeric,Plasma MicroRNA Pair Panels as Novel Biomarkers for Detection of Early Stage Breast Cancer.
PMC6324924,PLoS Genet,2018,cc0,ok,1,0,1,0,0,small_table,,BRCA Challenge: BRCA Exchange as a global resource for variants in BRCA1 and BRCA2.
PMC6324826,PLoS Genet,2018,cc by,ok,8,0,0,0,4,tables_only,,Gene expression variation and parental allele inheritance in a Xiphophorus interspecies hybridization model.
PMC6310240,PLoS Biol,2018,cc by,ok,1,1,0,0,0,dataset_medium,numeric,Podoplanin+ tumor lymphatics are rate limiting for breast cancer metastasis.
PMC6307130,Acta Neuropathol Commun,2018,cc by,ok,1,1,0,0,0,dataset_large,mixed,A functional genomics approach to identify pathways of drug resistance in medulloblastoma.
PMC6326723,Elife,2018,cc by,ok,5,1,1,0,3,dataset_medium,mixed,Why we need to report more than 'Data were Analyzed by t-tests or ANOVA'.
PMC6303268,Commun Biol,2018,cc by,ok,3,2,0,0,1,dataset_medium,numeric,Identification of genes required for eye development by high-throughput screening of mouse knockouts.
PMC6301791,Elife,2018,cc by,ok,2,1,0,0,1,dataset_large,numeric,Measuring cis-regulatory energetics in living cells using allelic manifolds.
PMC6303303,Nat Commun,2018,cc by,ok,6,3,1,0,2,dataset_large,numeric;omics,Identification of ADAR1 adenosine deaminase dependency in a subset of cancer cells.
PMC6302306,Genome Med,2018,cc by,ok,3,2,0,0,1,dataset_large,numeric,Meta-analysis of Immunochip data of four autoimmune diseases reveals novel single-disease and cross-phenotype associations.
PMC6298990,Sci Rep,2018,cc by,ok,4,2,1,0,1,dataset_large,mixed;numeric,High-resolution deconstruction of evolution induced by chemotherapy treatments in breast cancer xenografts.
PMC6300665,Nat Commun,2018,cc by,ok,4,1,0,0,3,dataset_large,numeric,Integrin CD11b activation drives anti-tumor innate immunity.
PMC6299096,Nat Commun,2018,cc by,ok,7,1,0,0,5,dataset_medium,numeric,Hidden heterogeneity and circadian-controlled cell fate inferred from single cell lineages.
PMC6302374,BMC Syst Biol,2018,cc by,ok,3,1,1,0,1,dataset_medium,numeric,GSAE: an autoencoder with embedded gene-set nodes for genomics functional characterization.
PMC6300389,PLoS Genet,2018,cc by,ok,12,1,5,0,5,dataset_medium,numeric,Large-scale genome-wide meta-analysis of polycystic ovary syndrome suggests shared genetic architecture for different diagnosis criteria.
PMC6294380,PLoS One,2018,cc by,ok,4,1,2,0,1,dataset_large,omics,microRNA-2110 functions as an onco-suppressor in neuroblastoma by directly targeting Tsukushi.
PMC6299087,Cell Death Discov,2018,cc by,ok,6,5,0,0,1,dataset_large,mixed;numeric;omics,SEC24A identified as an essential mediator of thapsigargin-induced cell death in a genome-wide CRISPR/Cas9 screen.
PMC6299138,Nat Commun,2018,cc by,ok,14,7,4,0,3,dataset_large,mixed;numeric,Local mutational diversity drives intratumoral immune heterogeneity in non-small cell lung cancer.
PMC6300487,Front Oncol,2018,cc by,ok,4,3,0,0,0,dataset_medium,mixed;omics,Delineating WWOX Protein Interactome by Tandem Affinity Purification-Mass Spectrometry: Identification of Top Interactors and Key Metabolic Pathways Involved.
PMC6296515,PLoS One,2018,cc by,ok,4,0,1,0,3,small_table,,Tumor suppressor RARRES1- A novel regulator of fatty acid metabolism in epithelial cells.
PMC6296527,PLoS One,2018,cc by,ok,3,3,0,0,0,dataset_medium,clinical;numeric,"Effects of supplemental vitamin D and calcium on markers of proliferation, differentiation, and apoptosis in the normal colorectal mucosa of colorectal adenoma patients."
PMC6291127,PLoS One,2018,cc0,ok,1,0,1,0,0,small_table,,Improved multilineage human hematopoietic reconstitution and function in NSGS mice.
PMC6314783,Elife,2018,cc by,ok,5,2,0,0,3,dataset_large,numeric,<i>miR-34a</i> is a microRNA safeguard for <i>Citrobacter</i>-induced inflammatory colon oncogenesis.
PMC6294341,Nat Commun,2018,cc by,ok,10,6,0,0,4,dataset_large,mixed;numeric,Drug and disease signature integration identifies synergistic combinations in glioblastoma.
PMC6294258,Nat Commun,2018,cc by,ok,15,9,3,0,3,dataset_large,mixed;numeric;omics,Pan-cancer analysis of transcriptional metabolic dysregulation using The Cancer Genome Atlas.
PMC6288922,Clin Epigenetics,2018,cc by,ok,5,1,1,0,3,dataset_large,mixed,Genome-wide DNA methylation profiling shows a distinct epigenetic signature associated with lung macrophages in cystic fibrosis.
PMC6288916,Breast Cancer Res,2018,cc by,ok,5,0,1,0,4,small_table,,"CYP2D6 phenotype, tamoxifen, and risk of contralateral breast cancer in the WECARE Study."
PMC6292713,Sci Adv,2018,cc by-nc,ok,13,9,0,0,1,dataset_large,mixed;numeric;omics,Using 3D epigenomic maps of primary olfactory neuronal cells from living individuals to understand gene regulation.
PMC6319337,Oncotarget,2018,cc by,ok,2,1,0,0,1,dataset_medium,numeric,Bioenergetic modulation with the mitochondria uncouplers SR4 and niclosamide prevents proliferation and growth of treatment-naïve and vemurafenib-resistant melanomas.
PMC6296342,Front Genet,2018,cc by,ok,1,1,0,0,0,dataset_medium,omics,Methylation of <i>MTHFR</i> Moderates the Effect of Smoking on Genomewide Methylation Among Middle Age African Americans.
PMC6310842,Proc Natl Acad Sci U S A,2018,cc by-nc-nd,ok,3,2,0,0,1,dataset_large,numeric;omics,Defective respiration and one-carbon metabolism contribute to impaired naïve T cell activation in aged mice.
PMC6283604,PLoS One,2018,cc by,ok,1,0,1,0,0,small_table,,Secular trend in interobserver agreement of VIA diagnosis for cervical cancer screening in Nigeria.
PMC6281671,Transl Psychiatry,2018,cc by,ok,8,6,0,0,1,dataset_large,mixed;omics,Temporal proteomic profiling of postnatal human cortical development.
PMC6286331,Nat Commun,2018,cc by,ok,3,1,0,0,2,dataset_medium,numeric,Histone lysine dimethyl-demethylase KDM3A controls pathological cardiac hypertrophy and fibrosis.
PMC6305147,Oncotarget,2018,cc by,ok,6,2,2,0,1,dataset_medium,omics,Integrated landscape of copy number variation and RNA expression associated with nodal metastasis in invasive ductal breast carcinoma.
PMC6286176,PLoS One,2018,cc by,ok,5,2,0,3,0,dataset_large,omics,Transcriptional profiling identifies novel regulators of macrophage polarization.
PMC6277451,Nat Commun,2018,cc by,ok,7,2,2,0,3,dataset_large,numeric,Chromatogram libraries improve peptide detection and quantification by data independent acquisition mass spectrometry.
PMC6271572,Microb Cell Fact,2018,cc by,ok,2,1,0,0,1,dataset_large,numeric,One-step affinity purification of fusion proteins with optimal monodispersity and biological activity: application to aggregation-prone HPV E6 proteins.
PMC6364303,Cell Rep,2018,cc by-nc-nd,ok,1,0,0,0,0,no_tabular_data,,Replisome Dynamics and Their Functional Relevance upon DNA Damage through the PCNA Interactome.
PMC6277446,Nat Commun,2018,cc by,ok,6,0,1,0,3,small_table,,Caveolin-1 mediates cellular distribution of HER2 and affects trastuzumab binding and therapeutic efficacy.
PMC6289451,PLoS Genet,2018,cc by,ok,1,0,1,0,0,small_table,,BLM prevents instability of structure-forming DNA sequences at common fragile sites.
PMC6261994,Nat Commun,2018,cc by,ok,12,7,2,0,3,dataset_medium,mixed;numeric;omics,Interethnic analyses of blood pressure loci in populations of East Asian and European descent.
PMC6258447,Genome Med,2018,cc by,ok,2,1,0,0,1,dataset_large,numeric,A role for the unfolded protein response stress sensor ERN1 in regulating the response to MEK inhibitors in KRAS mutant colon cancers.
PMC6257811,Elife,2018,cc by,ok,8,5,0,0,3,dataset_large,mixed;numeric,Translation attenuation by minocycline enhances longevity and proteostasis in old post-stress-responsive organisms.
PMC12396630,Nat Methods,2018,,ok,5,3,0,0,2,dataset_large,numeric;omics,Found In Translation: a machine learning model for mouse-to-human inference.
PMC6258708,Nat Commun,2018,cc by,ok,3,0,1,0,2,small_table,,PTEN expression by an oncolytic herpesvirus directs T-cell mediated tumor clearance.
PMC6430207,Nat Neurosci,2018,,ok,1,0,0,0,1,no_tabular_data,,Transancestral GWAS of alcohol dependence reveals common genetic underpinnings with psychiatric disorders.
PMC6295165,Genes Dev,2018,cc by-nc,ok,5,2,0,0,2,dataset_large,mixed;omics,BAP1 regulation of the key adaptor protein NCoR1 is critical for γ-globin gene repression.
PMC6245517,PLoS One,2018,cc by,ok,1,1,0,0,0,dataset_large,numeric,Relapse to smoking and health-related quality of life: Secondary analysis of data from a study of smoking relapse prevention.
PMC6247508,BMC Genomics,2018,cc by,too_large,0,0,0,0,0,no_supp_retrieved,,Comparative genomics analysis to differentiate metabolic and virulence gene potential in gastric versus enterohepatic Helicobacter species.
PMC6249307,Nat Commun,2018,cc by,ok,5,3,0,0,2,dataset_large,numeric;omics,Integrated mapping of pharmacokinetics and pharmacodynamics in a patient-derived xenograft model of glioblastoma.
PMC6244161,Sci Rep,2018,cc by,ok,4,2,1,0,1,dataset_medium,numeric,Probing tumor microenvironment in patients with newly diagnosed glioblastoma during chemoradiation and adjuvant temozolomide with functional MRI.
PMC6281425,Oncotarget,2018,cc by,ok,2,1,0,0,1,dataset_large,numeric,A combined microfluidic-transcriptomic approach to characterize the extravasation potential of cancer cells.
PMC6263091,iScience,2018,cc by-nc-nd,ok,12,4,1,0,1,dataset_medium,mixed,Single-Cell Imaging of Metastatic Potential of Cancer Cells.
PMC6239299,PLoS One,2018,cc by,too_large,0,0,0,0,0,no_supp_retrieved,,A novel sensor design for accurate measurement of facial somatosensation in pre-term infants.
PMC6235235,PLoS One,2018,cc by,ok,7,0,0,0,1,tables_only,,Automated high-throughput light-sheet fluorescence microscopy of larval zebrafish.
PMC6294113,Stem Cell Reports,2018,cc by-nc-nd,ok,5,2,0,0,2,dataset_large,numeric;omics,Specifying the Anterior Primitive Streak by Modulating YAP1 Levels in Human Pluripotent Stem Cells.
PMC6237386,PLoS One,2018,cc0,ok,4,4,0,0,0,dataset_large,numeric;omics,Discovering proteins for chemoprevention and chemotherapy by curcumin in liver fluke infection-induced bile duct cancer.
PMC6234025,Elife,2018,cc by,ok,8,0,4,0,1,small_table,,Rescue of cognitive function following fractionated brain irradiation in a novel preclinical glioma model.
PMC6240119,Nat Commun,2018,cc by,ok,6,2,1,0,3,dataset_medium,mixed;omics,RET rearrangements are actionable alterations in breast cancer.
PMC6231633,PLoS One,2018,cc by,ok,1,1,0,0,0,dataset_medium,clinical,Prognostic impact of adjuvant chemotherapy treatment intensity for ovarian cancer.
PMC6234640,Genome Biol,2018,cc by,ok,5,2,0,0,3,dataset_large,mixed;numeric,Genetic disease risks can be misestimated across global populations.
PMC6226524,NPJ Breast Cancer,2018,cc by,ok,2,0,1,0,1,small_table,,mTORC1 is a key mediator of RON-dependent breast cancer metastasis with therapeutic potential.
PMC6233170,Nat Commun,2018,cc by,ok,4,1,0,0,3,dataset_medium,numeric,A web server for comparative analysis of single-cell RNA-seq data.
PMC6232171,Nat Commun,2018,cc by,ok,7,2,2,0,3,dataset_medium,mixed;numeric,Defective DNA damage repair leads to frequent catastrophic genomic events in murine and human tumors.
PMC6224601,Nat Commun,2018,cc by,ok,4,0,2,0,2,small_table,,TAp73-induced phosphofructokinase-1 transcription promotes the Warburg effect and enhances cell proliferation.
PMC6221542,Sci Adv,2018,cc by-nc,ok,12,3,2,0,2,dataset_large,numeric;omics,Deciphering and engineering chromodomain-methyllysine peptide recognition.
PMC6249402,iScience,2018,cc by,ok,7,4,1,0,1,dataset_large,omics,A Proteomics Approach to Profiling the Temporal Translational Response to Stress and Growth.
PMC6218528,Sci Rep,2018,cc by,ok,2,1,0,0,1,dataset_large,omics,Genetic variation determines VEGF-A plasma levels in cancer patients.
PMC6224087,PLoS One,2018,cc by,ok,4,0,4,0,0,small_table,,A comparative analysis of EGFR-targeting antibodies for gold nanoparticle CT imaging of lung cancer.
PMC6214962,Nat Commun,2018,cc by,ok,12,6,0,0,4,dataset_large,numeric;omics,Joint single-cell DNA accessibility and protein epitope profiling reveals environmental regulation of epigenomic heterogeneity.
PMC6220514,BMC Cancer,2018,cc by,ok,2,1,0,0,1,dataset_medium,numeric,Growth factor genes and change in mammographic density after stopping combined hormone therapy in the California Teachers Study.
PMC6235399,PLoS Genet,2018,cc by,ok,5,2,0,0,3,dataset_large,omics,Association analysis using somatic mutations.
PMC6218483,Nat Commun,2018,cc by,ok,7,3,1,0,3,dataset_medium,mixed,Germline variation at 8q24 and prostate cancer risk in men of European ancestry.
PMC6209383,Sci Adv,2018,cc by-nc,ok,4,1,1,0,1,dataset_medium,numeric,Multiple modes of PRC2 inhibition elicit global chromatin alterations in H3K27M pediatric glioma.
PMC6214980,Nat Commun,2018,cc by,ok,5,2,0,0,3,dataset_medium,mixed;numeric,Sex specific function of epithelial STAT3 signaling in pathogenesis of K-ras mutant lung cancer.
PMC6209231,PLoS One,2018,cc by,ok,2,1,0,0,1,dataset_medium,numeric,Comparison of normalization approaches for gene expression studies completed with high-throughput sequencing.
PMC6209201,PLoS One,2018,cc0,ok,6,3,1,0,2,dataset_large,mixed;omics,Harmonization of exosome isolation from culture supernatants for optimized proteomics analysis.
PMC6207734,Sci Rep,2018,cc by,ok,2,1,0,0,1,dataset_medium,numeric,Metabotropic glutamate receptor-1 regulates inflammation in triple negative breast cancer.
PMC6282819,Proteomics,2018,cc by-nc,ok,2,2,0,0,0,dataset_medium,numeric,Darkness in the Human Gene and Protein Function Space: Widely Modest or Absent Illumination by the Life Science Literature and the Trend for Fewer Protein Function Discoveries Since 2000.
PMC6211623,PLoS Genet,2018,cc by,ok,3,1,0,0,2,dataset_medium,mixed,The tumor suppressor BRCA1-BARD1 complex localizes to the synaptonemal complex and regulates recombination under meiotic dysfunction in Caenorhabditis elegans.
PMC6206098,Nat Commun,2018,cc by,ok,9,4,2,0,3,dataset_large,mixed;numeric;omics,6mer seed toxicity in tumor suppressive microRNAs.
PMC6203844,Sci Rep,2018,cc by,ok,4,0,0,0,1,tables_only,,Pathogen Identification Direct From Polymicrobial Specimens Using Membrane Glycolipids.
PMC6203719,Nat Commun,2018,cc by,ok,11,4,4,0,2,dataset_large,clinical;numeric;omics,Multi-omic tumor data reveal diversity of molecular mechanisms that correlate with survival.
PMC6238420,Life Sci Alliance,2018,cc by,ok,4,1,2,0,1,dataset_medium,omics,Disruption of stromal hedgehog signaling initiates RNF5-mediated proteasomal degradation of PTEN and accelerates pancreatic tumor growth.
PMC6221366,PLoS Pathog,2018,cc0,ok,12,3,2,0,7,dataset_medium,mixed;numeric,Zinc-dependent substrate-level phosphorylation powers Salmonella growth under nitrosative stress of the innate host response.
PMC6275277,Mol Oncol,2018,cc by,ok,2,1,0,1,0,dataset_medium,numeric,Post-transcriptional regulation of PIAS3 expression by miR-18a in malignant mesothelioma.
PMC6198446,Breast Cancer Res,2018,cc by,ok,8,3,2,0,3,dataset_large,numeric;omics,Metastatic breast cancer cells overexpress and secrete miR-218 to regulate type I collagen deposition by osteoblasts.
PMC6195591,Nat Commun,2018,cc by,ok,6,4,0,0,2,dataset_large,mixed;numeric,HSP90-incorporating chaperome networks as biosensor for disease-related pathways in patient-specific midbrain dopamine neurons.
PMC6194578,Genome Biol,2018,cc by,ok,8,2,0,0,5,dataset_large,mixed;omics,SeqOthello: querying RNA-seq experiments at scale.
PMC6196572,Clin Epigenetics,2018,cc by,too_large,0,0,0,0,0,no_supp_retrieved,,The DNMT1-associated lincRNA DACOR1 reprograms genome-wide DNA methylation in colon cancer.
PMC6249791,Mol Ther Oncolytics,2018,cc by-nc-nd,ok,5,3,0,0,2,dataset_medium,numeric;omics,Myelolytic Treatments Enhance Oncolytic Herpes Virotherapy in Models of Ewing Sarcoma by Modulating the Immune Microenvironment.
PMC6193727,PLoS One,2018,cc by,ok,4,2,1,1,0,dataset_large,omics,Oncogenic mutations in IKKβ function through global changes induced by K63-linked ubiquitination and result in autocrine stimulation.
PMC6203855,Br J Cancer,2018,cc by,ok,5,0,3,0,1,small_table,,CD24 regulates cancer stem cell (CSC)-like traits and a panel of CSC-related molecules serves as a non-invasive urinary biomarker for the detection of bladder cancer.
PMC6193287,Acta Neuropathol Commun,2018,cc by,ok,3,1,1,0,1,dataset_medium,clinical,TERT promoter wild-type glioblastomas show distinct clinical features and frequent PI3K pathway mutations.
PMC6189038,Nat Commun,2018,cc by,ok,6,2,1,0,2,dataset_large,numeric;omics,CRISPR knockout screening identifies combinatorial drug targets in pancreatic cancer and models cellular drug response.
PMC6189130,Cell Death Dis,2018,cc by,ok,6,6,0,0,0,dataset_large,numeric;omics,C/EBPβ deletion in oncogenic Ras skin tumors is a synthetic lethal event.
PMC6192582,PLoS One,2018,cc by,ok,4,0,1,0,3,small_table,,Effects of exercise on circulating tumor cells among patients with resected stage I-III colon cancer.
PMC6214653,Elife,2018,cc by,ok,13,2,5,1,4,dataset_medium,numeric;omics,OGT binds a conserved C-terminal domain of TET1 to regulate TET1 activity and function in development.
PMC6191428,Nat Commun,2018,cc by,ok,5,2,0,0,3,dataset_large,clinical;omics,Characterization of Nigerian breast cancer reveals prevalent homologous recombination deficiency and aggressive molecular features.
PMC6279357,J Gen Physiol,2018,cc by-nc-sa,ok,4,2,0,0,1,dataset_medium,mixed;numeric,The S6 gate in regulatory Kv6 subunits restricts heteromeric K<sup>+</sup> channel stoichiometry.
PMC6175900,Nat Commun,2018,cc by,ok,7,2,2,0,3,dataset_medium,mixed;omics,Typing tumors using pathways selected by somatic evolution.
PMC6398347,Nat Neurosci,2018,,ok,1,0,0,0,0,no_tabular_data,,Integration of gene expression and brain-wide connectivity reveals the multiscale organization of mouse hippocampal networks.
PMC6177134,PLoS One,2018,cc by,ok,4,1,1,0,2,dataset_medium,clinical,The effect of 3-month finasteride challenge on biomarkers for predicting cancer outcome on biopsy: Results of a randomized trial.
PMC6180590,BMC Genomics,2018,cc by,ok,3,2,0,0,1,dataset_large,omics,Thirty biologically interpretable clusters of transcription factors distinguish cancer type.
PMC6180112,Sci Rep,2018,cc by,ok,4,3,0,0,1,dataset_large,numeric,Mechanisms Underlying the Regulation of HP1γ by the NGF-PKA Signaling Pathway.
PMC6180034,Nat Commun,2018,cc by,ok,4,1,0,0,3,dataset_medium,numeric,Shu complex SWS1-SWSAP1 promotes early steps in mouse meiotic recombination.
PMC6279423,Nature,2018,,ok,1,0,0,0,1,no_tabular_data,,Trans-differentiation of outer hair cells into inner hair cells in the absence of INSM1.
PMC6175934,Sci Rep,2018,cc by,ok,2,1,0,0,1,dataset_large,numeric,"TIP55, a splice isoform of the KAT5 acetyltransferase, is essential for developmental gene regulation and organogenesis."
PMC6186986,Front Genet,2018,cc by,ok,4,1,1,0,1,dataset_large,numeric,TEsmall Identifies Small RNAs Associated With Targeted Inhibitor Resistance in Melanoma.
PMC6169918,PLoS One,2018,cc by,ok,4,1,0,0,0,dataset_large,omics,Whole-exome sequencing capture kit biases yield false negative mutation calls in TCGA cohorts.
PMC6223723,Cell Mol Neurobiol,2018,cc by,ok,1,1,0,0,0,dataset_large,numeric,Secretion and Uptake of α-Synuclein Via Extracellular Vesicles in Cultured Cells.
PMC6234033,Elife,2018,cc by,ok,6,3,1,0,1,dataset_medium,mixed;numeric,Bid maintains mitochondrial cristae structure and function and protects against cardiac disease in an integrative genomics study.
PMC6180301,EMBO Mol Med,2018,cc by,ok,6,0,3,0,2,small_table,,Dual reporter genetic mouse models of pancreatic cancer identify an epithelial-to-mesenchymal transition-independent metastasis program.
PMC6173415,PLoS One,2018,cc by,ok,6,1,0,3,2,dataset_medium,numeric,Smoking-induced control of miR-133a-3p alters the expression of EGFR and HuR in HPV-infected oropharyngeal cancer.
PMC6180298,EMBO Mol Med,2018,cc by,ok,13,0,1,0,10,small_table,,Parkin is a disease modifier in the mutant SOD1 mouse model of ALS.
PMC6169824,Cold Spring Harb Mol Case Stud,2018,cc by-nc,ok,4,1,0,0,2,dataset_large,numeric,Surgical and molecular characterization of primary and metastatic disease in a neuroendocrine tumor arising in a tailgut cyst.
PMC6162272,Nat Commun,2018,cc by,ok,9,2,3,0,3,dataset_medium,mixed;omics,Methylation of all BRCA1 copies predicts response to the PARP inhibitor rucaparib in ovarian carcinoma.
PMC6162282,Nat Commun,2018,cc by,ok,10,4,2,0,3,dataset_large,mixed;numeric;omics,Systems biology approach reveals a link between mTORC1 and G2/M DNA damage checkpoint recovery.
PMC6160420,Nat Commun,2018,cc by,ok,3,1,0,0,2,dataset_medium,mixed,Somatic Trp53 mutations differentially drive breast cancer and evolution of metastases.
PMC6181431,PLoS Genet,2018,cc by,ok,7,3,1,0,3,dataset_medium,mixed;numeric,Mechanisms of acquired resistance to rapalogs in metastatic renal cell carcinoma.
PMC6197761,iScience,2018,cc by-nc-nd,ok,8,7,0,0,1,dataset_large,numeric,p73 Is Required for Ovarian Follicle Development and Regulates a Gene Network Involved in Cell-to-Cell Adhesion.
PMC6156493,Sci Rep,2018,cc by,ok,3,1,1,0,1,dataset_large,mixed,ADIPOR1 is essential for vision and its RPE expression is lost in the Mfrp<sup>rd6</sup> mouse.
PMC6187201,Proc Natl Acad Sci U S A,2018,cc by-nc-nd,ok,5,2,2,0,1,dataset_large,clinical,BRCA1-IRIS promotes human tumor progression through PTEN blockade and HIF-1α activation.
PMC6156232,Sci Rep,2018,cc by,ok,6,5,0,0,1,dataset_large,numeric,Polycomb Repressive Complex 2 is essential for development and maintenance of a functional TEC compartment.
PMC6156584,Nat Commun,2018,cc by,ok,8,5,0,0,2,dataset_large,mixed;numeric,Single cell molecular alterations reveal target cells and pathways of concussive brain injury.
PMC6157051,BMC Bioinformatics,2018,cc by,ok,11,6,2,0,1,dataset_large,numeric;omics,Valection: design optimization for validation and verification studies.
PMC6155169,Sci Rep,2018,cc by,ok,4,3,0,0,1,dataset_medium,numeric,Enrichment and detection of bone disseminated tumor cells in models of low tumor burden.
PMC6160074,PLoS One,2018,cc by,ok,3,0,1,0,1,small_table,,Efficacy of pyrazinoic acid dry powder aerosols in resolving necrotic and non-necrotic granulomas in a guinea pig model of tuberculosis.
PMC6160438,Nat Commun,2018,cc by,ok,12,8,0,0,3,dataset_large,omics,"Clinical cancer genomic profiling by three-platform sequencing of whole genome, whole exome and transcriptome."
PMC6191285,Elife,2018,cc by,ok,15,1,0,0,1,dataset_medium,mixed,Phase transitioned nuclear Oskar promotes cell division of <i>Drosophila</i> primordial germ cells.
PMC6155511,PLoS One,2018,cc by,ok,9,3,0,0,2,dataset_large,clinical;mixed;numeric,A hierarchical clustering approach to identify repeated enrollments in web survey data.
PMC6147572,PLoS One,2018,cc0,ok,10,9,1,0,0,dataset_large,numeric,Temporal and molecular dynamics of human metastatic breast carcinoma cell adhesive interactions with human bone marrow endothelium analyzed by single-cell force spectroscopy.
PMC6152952,PLoS One,2018,cc by,ok,1,1,0,0,0,dataset_medium,numeric,Partial agonist activity of α1-adrenergic receptor antagonists for chemokine (C-X-C motif) receptor 4 and atypical chemokine receptor 3.
PMC6145350,Acta Neuropathol Commun,2018,cc by,ok,2,1,0,0,1,dataset_medium,omics,"Oligodendrogliomas, IDH-mutant and 1p/19q-codeleted, arising during teenage years often lack TERT promoter mutation that is typical of their adult counterparts."
PMC6147047,Clin Proteomics,2018,cc by,ok,2,1,0,0,1,dataset_medium,omics,Plasma lipoproteome in Alzheimer's disease: a proof-of-concept study.
PMC6147484,PLoS One,2018,cc0,ok,1,1,0,0,0,dataset_medium,clinical,Preoperative and postoperative prediction of long-term meningioma outcomes.
PMC6172447,iScience,2018,cc by-nc-nd,ok,2,1,0,0,1,dataset_medium,omics,A Potent and Selective ULK1 Inhibitor Suppresses Autophagy and Sensitizes Cancer Cells to Nutrient Stress.
PMC6156434,Front Immunol,2018,cc by,ok,2,0,2,0,0,small_table,,Gene Expression Analysis Identifies Novel Targets for Cervical Cancer Therapy.
PMC6169233,J Environ Public Health,2018,cc by,ok,1,0,1,0,0,small_table,,Assessing Cancer Risk Associated with Aquatic Polycyclic Aromatic Hydrocarbon Pollution Reveals Dietary Routes of Exposure and Vulnerable Populations.
PMC6137209,Nat Commun,2018,cc by,ok,3,1,0,0,2,dataset_large,numeric,Rapid functional genetics of the oligodendrocyte lineage using pluripotent stem cells.
PMC6168352,Nat Genet,2018,,ok,1,0,0,0,1,no_tabular_data,,Mutational processes shape the landscape of TP53 mutations in human cancer.
PMC6134028,Nat Commun,2018,cc by,ok,9,1,0,0,3,dataset_medium,mixed,Mutant FUS causes DNA ligation defects to inhibit oxidative damage repair in Amyotrophic Lateral Sclerosis.
PMC6135550,Sci Adv,2018,cc by-nc,ok,6,2,0,0,1,dataset_large,numeric,Cell fusion potentiates tumor heterogeneity and reveals circulating hybrid cells that correlate with stage and survival.
PMC6135805,Nat Commun,2018,cc by,ok,7,1,3,0,3,dataset_large,omics,Factors of the bone marrow microniche that support human plasma cell survival and immunoglobulin secretion.
PMC6249862,Mol Biol Cell,2018,cc by-nc-sa,ok,4,1,3,0,0,dataset_medium,omics,A balance of deubiquitinating enzymes controls cell cycle entry.
PMC6138395,PLoS One,2018,cc by,ok,1,1,0,0,0,dataset_medium,numeric,Enhanced biofilm prevention activity of a SPLUNC1-derived antimicrobial peptide against Staphylococcus aureus.
PMC6152796,Elife,2018,cc by,ok,12,0,10,0,1,small_table,,Glutathione de novo synthesis but not recycling process coordinates with glutamine catabolism to control redox homeostasis and directs murine T cell differentiation.
PMC6191288,Elife,2018,cc by,too_large,0,0,0,0,0,no_supp_retrieved,,Peptidoglycan precursor synthesis along the sidewall of pole-growing mycobacteria.
PMC6219724,J Cell Biol,2018,cc by,ok,4,1,0,0,1,dataset_medium,numeric,The kinetoplastid kinetochore protein KKT4 is an unconventional microtubule tip-coupling protein.
PMC6128481,PLoS One,2018,cc by,ok,3,0,3,0,0,small_table,,Failure to detect functional transfer of active K-Ras protein from extracellular vesicles into recipient cells in culture.
PMC6131502,Sci Rep,2018,cc by,ok,2,0,1,0,1,small_table,,Candidate protein markers for radiation biodosimetry in the hematopoietically humanized mouse model.
PMC6127155,Nat Commun,2018,cc by,ok,12,6,1,0,1,dataset_large,mixed;numeric,Linking prostate cancer cell AR heterogeneity to distinct castration and enzalutamide responses.
PMC6128692,Elife,2018,cc by,ok,13,0,6,0,7,small_table,,Defective RNA polymerase III is negatively regulated by the SUMO-Ubiquitin-Cdc48 pathway.
PMC6122792,PLoS One,2018,cc by,ok,1,1,0,0,0,dataset_medium,numeric,Modeling interrelationships between health behaviors in overweight breast cancer survivors: Applying Bayesian networks.
PMC6120718,Genes Dev,2018,cc by-nc,ok,7,1,0,0,5,dataset_medium,omics,Increased chromosomal mobility after DNA damage is controlled by interactions between the recombination machinery and the checkpoint.
PMC6123446,mBio,2018,cc by,ok,10,1,0,0,9,dataset_medium,numeric,Removal of a Membrane Anchor Reveals the Opposing Regulatory Functions of Vibrio cholerae Glucose-Specific Enzyme IIA in Biofilms and the Mammalian Intestine.
PMC6118370,PLoS One,2018,cc by,ok,1,1,0,0,0,dataset_medium,omics,Application of the Doylestown algorithm for the early detection of hepatocellular carcinoma.
PMC6117292,Signal Transduct Target Ther,2018,cc by,ok,3,1,1,0,1,dataset_large,omics,RNA-binding protein LIN28B inhibits apoptosis through regulation of the AKT2/FOXO3A/BIM axis in ovarian cancer cells.
PMC6122466,Microb Cell Fact,2018,cc by,ok,5,0,0,3,0,tables_only,,Genome alterations associated with improved transformation efficiency in Lactobacillus reuteri.
PMC6197164,J Mol Diagn,2018,cc by,ok,9,1,2,0,5,dataset_medium,mixed,Effects of Collection and Processing Procedures on Plasma Circulating Cell-Free DNA from Cancer Patients.
PMC6115360,Sci Rep,2018,cc by,ok,3,1,1,0,1,dataset_medium,numeric,Comprehensive Investigation on Controlling for CT Imaging Variabilities in Radiomics Studies.
PMC6140490,Proc Natl Acad Sci U S A,2018,cc by-nc-nd,ok,4,2,1,0,0,dataset_large,numeric;omics,Methylglyoxal-derived posttranslational arginine modifications are abundant histone marks.
PMC6117069,PLoS One,2018,cc by,ok,2,0,2,0,0,small_table,,Differences in the viral genome between HPV-positive cervical and oropharyngeal cancer.
PMC6114717,Clin Epigenetics,2018,cc by,ok,2,2,0,0,0,dataset_medium,clinical;numeric,Increased epigenetic age in normal breast tissue from luminal breast cancer patients.
PMC6109055,Nat Commun,2018,cc by,ok,9,4,2,0,3,dataset_large,numeric;omics,SIRT6 haploinsufficiency induces BRAF<sup>V600E</sup> melanoma cell resistance to MAPK inhibitors via IGF signalling.
PMC6113240,Sci Rep,2018,cc by,ok,2,1,0,0,1,dataset_medium,numeric,Targeted matrisome analysis identifies thrombospondin-2 and tenascin-C in aligned collagen stroma from invasive breast carcinoma.
PMC6132939,Acta Neuropathol,2018,cc by,ok,4,2,0,0,2,dataset_medium,mixed;omics,Methylome analysis and whole-exome sequencing reveal that brain tumors associated with encephalocraniocutaneous lipomatosis are midline pilocytic astrocytomas.
PMC6109311,Genome Biol,2018,cc by,ok,6,4,0,0,1,dataset_large,mixed;numeric;omics,Interaction between the microbiome and TP53 in human lung cancer.
PMC6126871,PLoS Genet,2018,cc by,ok,1,1,0,0,0,dataset_medium,omics,The uterine epithelial loss of Pten is inefficient to induce endometrial cancer with intact stromal Pten.
PMC6110509,PLoS One,2018,cc by,ok,1,1,0,0,0,dataset_large,omics,Prevalence and correlates of physical and sexual intimate partner violence among women living with HIV in Uganda.
PMC6110572,PLoS Biol,2018,cc by,ok,7,7,0,0,0,dataset_large,mixed;numeric;omics,A high-throughput screen of real-time ATP levels in individual cells reveals mechanisms of energy failure.
PMC6135725,Stem Cell Reports,2018,cc by-nc-nd,ok,3,1,0,0,2,dataset_large,omics,DICER1 Is Essential for Self-Renewal of Human Embryonic Stem Cells.
PMC6120715,Genes Dev,2018,cc by-nc,ok,8,2,0,0,5,dataset_large,omics,Genetic modifiers of the BRD4-NUT dependency of NUT midline carcinoma uncovers a synergism between BETis and CDK4/6is.
PMC6108111,Clin Epigenetics,2018,cc by,ok,2,1,0,1,0,dataset_medium,numeric,Association of internal smoking dose with blood DNA methylation in three racial/ethnic populations.
PMC6238594,Life Sci Alliance,2018,cc by,ok,4,2,1,0,1,dataset_medium,numeric,Chromatin-mediated translational control is essential for neural cell fate specification.
PMC6103864,BMC Health Serv Res,2018,cc by,ok,1,1,0,0,0,dataset_medium,numeric,"Influence of sample collection tube method, anticoagulant-containing plasma versus serum, on influenza virus hemagglutination inhibition titer and microneutralization titer serological assays."
PMC6198246,J Mol Diagn,2018,cc by-nc-nd,ok,19,2,4,0,8,dataset_medium,numeric,Analytical Validation of Clinical Whole-Genome and Transcriptome Sequencing of Patient-Derived Tumors for Reporting Targetable Variants in Cancer.
PMC6135742,Stem Cell Reports,2018,cc by,ok,7,6,0,0,0,dataset_large,numeric,Chemical Screening Identifies Enhancers of Mutant Oligodendrocyte Survival and Unmasks a Distinct Pathological Phase in Pelizaeus-Merzbacher Disease.
PMC6261470,Nat Med,2018,,ok,1,0,0,0,0,no_tabular_data,,Genetically engineered human cortical spheroid models of tuberous sclerosis.
PMC6097647,PLoS One,2018,cc by,ok,2,1,0,0,1,dataset_large,omics,Molecular subtypes of colorectal cancer in pre-clinical models show differential response to targeted therapies: Treatment implications beyond KRAS mutations.
PMC6098020,Nat Commun,2018,cc by,ok,9,1,0,0,3,dataset_medium,numeric,Axoneme polyglutamylation regulated by Joubert syndrome protein ARL13B controls ciliary targeting of signaling molecules.
PMC6089881,NPJ Genom Med,2018,cc by,ok,2,1,0,0,1,dataset_medium,omics,Whole-genome analysis for effective clinical diagnosis and gene discovery in early infantile epileptic encephalopathy.
PMC6094903,Breast Cancer Res,2018,cc by,ok,3,3,0,0,0,dataset_medium,numeric,TNFAIP3 is required for FGFR1 activation-promoted proliferation and tumorigenesis of premalignant DCIS.COM human mammary epithelial cells.
PMC6092387,Sci Rep,2018,cc by,ok,10,5,2,0,1,dataset_large,mixed;numeric,A Methodological Assessment and Characterization of Genetically-Driven Variation in Three Human Phosphoproteomes.
PMC6086400,PLoS One,2018,cc by,ok,7,2,4,0,0,dataset_large,numeric;omics,iMapSplice: Alleviating reference bias through personalized RNA-seq alignment.
PMC6084850,PLoS One,2018,cc by,ok,1,1,0,0,0,dataset_medium,numeric,Optimizing patient's selection for prostate biopsy: A single institution experience with multi-parametric MRI and the 4Kscore test for the detection of aggressive prostate cancer.
PMC6101404,PLoS Genet,2018,cc by,ok,6,4,2,0,0,dataset_medium,mixed,Naturally-occurring canine invasive urothelial carcinoma harbors luminal and basal transcriptional subtypes found in human muscle invasive bladder cancer.
PMC6076258,Sci Rep,2018,cc by,ok,10,8,1,0,1,dataset_large,mixed;numeric;omics,Metabolic network-based predictions of toxicant-induced metabolite changes in the laboratory rat.
PMC7048242,Cancer Lett,2018,cc by-nc-nd,ok,1,0,0,0,0,no_tabular_data,,S100B suppression alters polarization of infiltrating myeloid-derived cells in gliomas and inhibits tumor growth.
PMC6114979,Oncotarget,2018,cc by,ok,2,0,1,0,1,small_table,,DNA Repair Molecular Beacon assay: a platform for real-time functional analysis of cellular DNA repair capacity.
PMC6123794,Commun Biol,2018,cc by,ok,9,4,3,0,1,dataset_large,mixed;numeric;omics,Facile carrier-assisted targeted mass spectrometric approach for proteomic analysis of low numbers of mammalian cells.
PMC6079068,Nat Commun,2018,cc by,ok,10,3,4,0,3,dataset_medium,mixed;omics,Circulating tumor DNA analysis depicts subclonal architecture and genomic evolution of small cell lung cancer.
PMC6086938,Cell,2018,cc by,ok,6,2,1,0,1,dataset_medium,mixed;numeric,Deep Profiling of Mouse Splenic Architecture with CODEX Multiplexed Imaging.
PMC6074037,Clin Proteomics,2018,cc by,ok,7,5,1,0,1,dataset_large,mixed;omics,Residual tissue repositories as a resource for population-based cancer proteomic studies.
PMC6078493,Elife,2018,cc by,ok,14,2,11,0,1,dataset_medium,numeric,Hepatic NF-kB-inducing kinase (NIK) suppresses mouse liver regeneration in acute and chronic liver diseases.
PMC6059400,PLoS One,2018,cc by,ok,9,1,2,0,4,dataset_large,numeric,Automated size selection for short cell-free DNA fragments enriches for circulating tumor DNA and improves error correction during next generation sequencing.
PMC6072111,PLoS Genet,2018,cc by,ok,11,2,1,0,6,dataset_medium,mixed;omics,Distinct regions of the intrinsically disordered protein MUT-16 mediate assembly of a small RNA amplification complex and promote phase separation of Mutator foci.
PMC6057681,PLoS One,2018,cc by,ok,2,1,0,0,1,dataset_medium,numeric,Behavior of blood plasma glycan features in bladder cancer.
PMC6056029,PLoS One,2018,cc by,ok,17,2,6,0,8,dataset_medium,numeric,Being Present: A single-arm feasibility study of audio-based mindfulness meditation for colorectal cancer patients and caregivers.
PMC6054655,Sci Rep,2018,cc by,ok,4,2,2,0,0,dataset_medium,numeric;omics,Gut Sphingolipid Composition as a Prelude to Necrotizing Enterocolitis.
PMC6080915,J Exp Med,2018,cc by-nc-sa,ok,2,0,1,0,1,small_table,,Genome-scale CRISPR-Cas9 screen identifies druggable dependencies in <i>TP53</i> wild-type Ewing sarcoma.
PMC6059474,PLoS One,2018,cc0,ok,1,1,0,0,0,dataset_medium,mixed,"Geographical, racial and socio-economic variation in life expectancy in the US and their impact on cancer relative survival."
PMC6053765,BMC Neurosci,2018,cc by,ok,6,3,1,0,2,dataset_large,mixed;numeric,Blue light induces a neuroprotective gene expression program in Drosophila photoreceptors.
PMC6054402,PLoS One,2018,cc by,ok,2,2,0,0,0,dataset_medium,numeric;omics,Potent and selective effect of the mir-10b inhibitor MN-anti-mir10b in human cancer cells of diverse primary disease origin.
PMC6124911,Chem Sci,2018,cc by,ok,3,1,0,0,1,dataset_large,omics,Nanowell-mediated two-dimensional liquid chromatography enables deep proteome profiling of <1000 mammalian cells.
PMC6052116,Sci Rep,2018,cc by,ok,2,0,1,0,0,small_table,,Evaluating the potential of residual Pap test fluid as a resource for the metaproteomic analysis of the cervical-vaginal microbiome.
PMC6048698,BMC Cancer,2018,cc by,ok,4,1,0,0,3,dataset_medium,mixed,AKT isoform-specific expression and activation across cancer lineages.
PMC6050960,mBio,2018,cc by,ok,2,1,0,0,0,dataset_medium,omics,Liver X Receptors Suppress Activity of Cholesterol and Fatty Acid Synthesis Pathways To Oppose Gammaherpesvirus Replication.
PMC6054406,PLoS One,2018,cc by,ok,3,2,1,0,0,dataset_medium,mixed;numeric,Predicting hospital admission at emergency department triage using machine learning.
PMC6053443,Sci Rep,2018,cc by,ok,3,3,0,0,0,dataset_large,mixed;omics,The lincRNA MIRAT binds to IQGAP1 and modulates the MAPK pathway in NRAS mutant melanoma.
PMC6045855,BMC Genomics,2018,cc by,ok,5,1,0,0,3,dataset_large,omics,Recurrent tumor-specific regulation of alternative polyadenylation of cancer-related genes.
PMC6141009,Nature,2018,,ok,23,7,10,0,4,dataset_large,mixed;numeric;omics,The shieldin complex mediates 53BP1-dependent DNA repair.
PMC6050312,Sci Rep,2018,cc by,ok,2,1,0,0,1,dataset_medium,mixed,A Universal Live Cell Barcoding-Platform for Multiplexed Human Single Cell Analysis.
PMC6040714,PLoS One,2018,cc by,ok,2,1,1,0,0,dataset_medium,numeric,Quantitative assessment of intestinal stiffness and associations with fibrosis in human inflammatory bowel disease.
PMC6054542,Nature,2018,,ok,1,0,0,0,1,no_tabular_data,,"Insights into clonal haematopoiesis from 8,342 mosaic chromosomal alterations."
PMC6048451,Front Genet,2018,cc by,ok,3,0,2,1,0,small_table,,Network Rewiring in Cancer: Applications to Melanoma Cell Lines and the Cancer Genome Atlas Patients.
PMC6037479,Elife,2018,cc by,ok,2,1,0,0,1,dataset_large,numeric,PARP1-dependent recruitment of the FBXL10-RNF68-RNF2 ubiquitin ligase to sites of DNA damage controls H2A.Z loading.
PMC6070921,Br J Cancer,2018,cc by,ok,9,1,1,0,6,dataset_medium,omics,"Constitutively active androgen receptor splice variants AR-V3, AR-V7 and AR-V9 are co-expressed in castration-resistant prostate cancer metastases."
PMC6037762,Nat Commun,2018,cc by,ok,7,2,2,0,3,dataset_medium,omics,Assembly and activation of the Hippo signalome by FAT1 tumor suppressor.
PMC6042779,PLoS One,2018,cc by,ok,1,1,0,0,0,dataset_medium,numeric,FAK auto-phosphorylation site tyrosine 397 is required for development but dispensable for normal skin homeostasis.
PMC6080909,J Exp Med,2018,cc by-nc-sa,ok,4,2,1,0,1,dataset_large,omics,miR-196b target screen reveals mechanisms maintaining leukemia stemness with therapeutic potential.
PMC6049869,Oncotarget,2018,cc by,ok,2,1,0,0,1,dataset_medium,omics,KLF5 controls glutathione metabolism to suppress p190-BCR-ABL+ B-cell lymphoblastic leukemia.
PMC6034223,BMC Cancer,2018,cc by,ok,2,0,0,0,1,tables_only,,Docetaxel facilitates lymphatic-tumor crosstalk to promote lymphangiogenesis and cancer progression.
PMC6029393,Clin Epigenetics,2018,cc by,ok,4,2,1,0,1,dataset_medium,numeric;omics,A panel of DNA methylation markers for the detection of prostate cancer from FV and DRE urine DNA.
PMC6034790,PLoS One,2018,cc0,ok,2,2,0,0,0,dataset_medium,numeric,Variants in genes encoding small GTPases and association with epithelial ovarian cancer susceptibility.
PMC6026592,NPJ Syst Biol Appl,2018,cc by,ok,3,2,0,0,1,dataset_large,numeric;omics,Systems pharmacology using mass spectrometry identifies critical response nodes in prostate cancer.
PMC6055169,Proc Natl Acad Sci U S A,2018,cc by-nc-nd,ok,4,3,0,0,1,dataset_medium,mixed;numeric,Ablation of PM20D1 reveals <i>N</i>-acyl amino acid control of metabolism and nociception.
PMC6269209,Mod Pathol,2018,,ok,1,0,0,0,0,no_tabular_data,,Subependymal giant cell astrocytoma-like astrocytoma: a neoplasm with a distinct phenotype and frequent neurofibromatosis type-1-association.
PMC6197057,Nature,2018,,ok,1,0,0,0,1,no_tabular_data,,Suppression of insulin feedback enhances the efficacy of PI3K inhibitors.
PMC6037473,Elife,2018,cc by,ok,5,3,1,0,1,dataset_medium,numeric,"Single-color, ratiometric biosensors for detecting signaling activities in live cells."
PMC6027805,BMC Genomics,2018,cc by,ok,12,11,1,0,0,dataset_large,mixed,Transferring knowledge of bacterial protein interaction networks to predict pathogen targeted human genes and immune signaling pathways: a case study on M. tuberculosis.
PMC6019387,PLoS Biol,2018,cc by,ok,4,4,0,0,0,dataset_large,mixed;numeric;omics,Cell-nonautonomous local and systemic responses to cell arrest enable long-bone catch-up growth in developing mice.
PMC6020441,BMC Cancer,2018,cc by,ok,2,1,1,0,0,dataset_medium,omics,Pancreatic cancer as a sentinel for hereditary cancer predisposition.
PMC6026173,Nat Commun,2018,cc by,ok,17,6,4,0,3,dataset_large,mixed;numeric;omics,Harnessing synthetic lethality to predict the response to cancer treatment.
PMC6593250,J Mol Diagn,2018,cc by-nc-nd,ok,12,6,3,0,3,dataset_large,mixed;omics,Analytical Validation of a Hybrid Capture-Based Next-Generation Sequencing Clinical Assay for Genomic Profiling of Cell-Free Circulating Tumor DNA.
PMC6122998,J Cell Biol,2018,cc by-nc-sa,ok,5,4,0,0,1,dataset_medium,numeric,p190 RhoGAP promotes contact inhibition in epithelial cells by repressing YAP activity.
PMC6014724,PLoS One,2018,cc by,ok,1,1,0,0,0,dataset_medium,mixed,Integration of resting state functional MRI into clinical practice - A large single institution experience.
PMC6042798,PLoS Biol,2018,cc by,too_large,0,0,0,0,0,no_supp_retrieved,,Reporters to mark and eliminate basal or luminal epithelial cells in culture and in vivo.
PMC6011517,BMC Biol,2018,cc by,ok,7,1,2,0,4,dataset_medium,mixed,Comparative analysis of single-stranded DNA donors to generate conditional null mouse alleles.
PMC6033344,Oncotarget,2018,cc by,ok,6,1,4,0,1,dataset_large,mixed,RIOK1 kinase activity is required for cell survival irrespective of <i>MTAP</i> status.
PMC6016245,mBio,2018,cc by,ok,5,1,0,0,4,dataset_large,numeric,Global Proteomic Changes Induced by the Epstein-Barr Virus Oncoproteins Latent Membrane Protein 1 and 2A.
PMC6063738,CPT Pharmacometrics Syst Pharmacol,2018,cc by-nc,ok,20,7,4,0,8,dataset_large,mixed;numeric,Tissue-Specific Analysis of Pharmacological Pathways.
PMC6070673,Mol Ther Nucleic Acids,2018,cc by,ok,7,4,1,0,2,dataset_large,mixed;numeric;omics,Impact of miRNA-mRNA Profiling and Their Correlation on Medulloblastoma Tumorigenesis.
PMC6007906,PLoS One,2018,cc0,ok,2,1,0,0,0,dataset_medium,clinical,Influence of lifestyle and genetic variants in the aldo-keto reductase 1C3 rs12529 polymorphism in high-risk prostate cancer detection variability assessed between US and New Zealand cohorts.
PMC6006355,Sci Rep,2018,cc by,ok,1,1,0,0,0,dataset_large,numeric,Highly accurate model for prediction of lung nodule malignancy with CT scans.
PMC6006668,BMC Genomics,2018,cc by,too_large,0,0,0,0,0,no_supp_retrieved,,"Motifome comparison between modern human, Neanderthal and Denisovan."
PMC6142220,Proc Natl Acad Sci U S A,2018,cc by-nc-nd,ok,6,4,1,0,1,dataset_large,mixed;numeric;omics,Early loss of mitochondrial complex I and rewiring of glutathione metabolism in renal oncocytoma.
PMC6005533,PLoS One,2018,cc by,ok,5,1,0,0,3,dataset_large,numeric,"Polyclonal human antibodies against glycans bearing red meat-derived non-human sialic acid N-glycolylneuraminic acid are stable, reproducible, complex and vary between individuals: Total antibody levels are associated with colorectal cancer risk."
PMC6193944,Oncogene,2018,cc by,ok,5,1,0,0,4,dataset_large,omics,hMENA isoforms impact NSCLC patient outcome through fibronectin/β1 integrin axis.
PMC6007900,PLoS One,2018,cc by,ok,1,0,1,0,0,small_table,,"Sociability and synapse subtype-specific defects in mice lacking SRPX2, a language-associated gene."
PMC6003960,Sci Rep,2018,cc by,ok,1,1,0,0,0,dataset_medium,mixed,The germline mutational landscape of BRCA1 and BRCA2 in Brazil.
PMC6005576,PLoS One,2018,cc0,ok,17,13,0,0,3,dataset_medium,mixed;numeric;omics,Novel genetic associations for blood pressure identified via gene-alcohol interaction in up to 570K individuals across multiple ancestries.
PMC5997337,PLoS One,2018,cc0,ok,2,1,0,0,0,dataset_medium,clinical,Utilization of fine needle aspiration cytology at Kamuzu central hospital.
PMC5995387,PLoS One,2018,cc by,ok,1,0,0,0,0,tables_only,,Binding of EphrinA5 to RET receptor tyrosine kinase: An in vitro study.
PMC5998138,Nat Commun,2018,cc by,ok,14,2,0,0,2,dataset_medium,mixed,Deducing the presence of proteins and proteoforms in quantitative proteomics.
PMC6080930,J Cell Biol,2018,cc by-nc-sa,ok,10,1,0,0,1,dataset_medium,omics,Extracellular vesicles direct migration by synthesizing and releasing chemotactic signals.
PMC5997323,PLoS One,2018,cc by,ok,1,1,0,0,0,dataset_large,omics,Convergent validity of ActiGraph and Actical accelerometers for estimating physical activity in adults.
PMC5997645,Blood Cancer J,2018,cc by,ok,3,2,0,0,1,dataset_medium,omics,Integrated DNA/RNA targeted genomic profiling of diffuse large B-cell lymphoma using a clinical assay.
PMC5992851,Acta Neuropathol Commun,2018,cc by,ok,2,1,0,0,1,dataset_medium,omics,The genetic landscape of ganglioglioma.
PMC6008400,Br J Cancer,2018,cc by,ok,2,1,0,0,1,dataset_large,mixed,Somatic mutations in benign breast disease tissue and risk of subsequent invasive breast cancer.
PMC6142242,Proc Natl Acad Sci U S A,2018,cc by-nc-nd,ok,8,7,0,0,1,dataset_large,numeric,Impairment of gamma-glutamyl transferase 1 activity in the metabolic pathogenesis of chromophobe renal cell carcinoma.
PMC5995371,PLoS One,2018,cc by,ok,1,0,1,0,0,small_table,,Clinicopathological characteristics and outcomes of rare histologic subtypes of gallbladder cancer over two decades: A population-based study.
PMC6294736,Mol Psychiatry,2018,cc by,ok,2,1,1,0,0,dataset_large,mixed,DNA sequence-level analyses reveal potential phenotypic modifiers in a large family with psychiatric disorders.
PMC5991725,PLoS One,2018,cc by,ok,1,0,1,0,0,small_table,,Lack of acquired resistance in HER2-positive breast cancer cells after long-term HER2 siRNA nanoparticle treatment.
PMC5989404,Breast Cancer Res,2018,cc by,ok,2,1,0,0,1,dataset_medium,numeric,"A survey of microRNA single nucleotide polymorphisms identifies novel breast cancer susceptibility loci in a case-control, population-based study of African-American women."
PMC5991662,PLoS Genet,2018,cc by,ok,6,2,1,0,0,dataset_medium,mixed;numeric,Genetic ancestry and population differences in levels of inflammatory cytokines in women: Role for evolutionary selection and environmental factors.
PMC6016802,Proc Natl Acad Sci U S A,2018,cc by-nc-nd,ok,2,1,0,0,1,dataset_medium,mixed,"A stress-induced response complex (SIRC) shuttles miRNAs, siRNAs, and oligonucleotides to the nucleus."
PMC6080943,J Cell Biol,2018,cc by-nc-sa,ok,2,1,0,0,1,dataset_medium,omics,Vav3-induced cytoskeletal dynamics contribute to heterotypic properties of endothelial barriers.
PMC5976624,Sci Rep,2018,cc by,ok,2,1,1,0,0,dataset_large,omics,Stability and reproducibility of proteomic profiles measured with an aptamer-based platform.
PMC5976204,PLoS One,2018,cc by,ok,8,1,1,0,6,dataset_medium,mixed,Integration of genetic and metabolic features related to sialic acid metabolism distinguishes human breast cell subtypes.
PMC5977541,BMC Cancer,2018,cc by,ok,1,1,0,0,0,dataset_medium,mixed,Quantitative nuclear histomorphometry predicts oncotype DX risk categories for early stage ER+ breast cancer.
PMC5976438,Elife,2018,cc by,ok,3,1,0,0,2,dataset_medium,mixed,mTORC1 and mTORC2 differentially promote natural killer cell development.
PMC6068168,Br J Cancer,2018,cc by,ok,8,1,5,2,0,dataset_medium,numeric,Proximity to overhead power lines and childhood leukaemia: an international pooled analysis.
PMC5995176,Oncotarget,2018,cc by,ok,12,10,0,0,1,dataset_large,mixed;numeric;omics,Direct molecular dissection of tumor parenchyma from tumor stroma in tumor xenograft using mass spectrometry-based glycoproteomics.
PMC6475346,Nat Genet,2018,,ok,3,1,0,0,2,dataset_medium,numeric,Quantification of subclonal selection in cancer from bulk sequencing data.
PMC6004566,ACS Med Chem Lett,2018,,ok,2,1,0,0,1,dataset_large,numeric,Selective Irreversible Inhibitors of the Wnt-Deacylating Enzyme NOTUM Developed by Activity-Based Protein Profiling.
PMC6150818,Oncogene,2018,,ok,6,1,0,0,5,dataset_medium,omics,Maintenance and pharmacologic targeting of ROR1 protein levels via UHRF1 in t(1;19) pre-B-ALL.
PMC6004460,Proc Natl Acad Sci U S A,2018,cc by-nc-nd,ok,4,3,0,0,1,dataset_large,numeric,Transcription factor profiling reveals molecular choreography and key regulators of human retrotransposon expression.
PMC5972149,Cell Discov,2018,cc by,ok,6,2,1,0,1,dataset_large,omics,Pseudopodium-enriched atypical kinase 1 mediates angiogenesis by modulating GATA2-dependent VEGFR2 transcription.
PMC5989750,Cancer Sci,2018,cc by-nc,ok,1,0,0,0,0,tables_only,,"eIF2β, a subunit of translation-initiation factor EIF2, is a potential therapeutic target for non-small cell lung cancer."
PMC6008474,Br J Cancer,2018,cc by,ok,3,3,0,0,0,dataset_medium,numeric,Mendelian randomisation study of age at menarche and age at menopause and the risk of colorectal cancer.
PMC5964179,Cell Death Dis,2018,cc by,ok,3,1,0,1,1,dataset_large,omics,Endogenous authentic OCT4A proteins directly regulate FOS/AP-1 transcription in somatic cancer cells.
PMC6092251,Leukemia,2018,cc by-nc-nd,ok,18,3,1,0,13,dataset_large,mixed;omics,Analysis of the genomic landscape of multiple myeloma highlights novel prognostic markers and disease subgroups.
PMC5964124,Nat Commun,2018,cc by,ok,8,4,1,0,3,dataset_medium,mixed;numeric,High-throughput screening of prostate cancer risk loci by single nucleotide polymorphisms sequencing.
PMC5969769,PLoS One,2018,cc by,ok,5,2,1,0,0,dataset_large,mixed,Elevated Nrf-2 responses are insufficient to mitigate protein carbonylation in hepatospecific PTEN deletion mice.
PMC6147080,iScience,2018,cc by-nc-nd,ok,2,1,0,0,1,dataset_large,omics,Ras Post-transcriptionally Enhances a Pre-malignantly Primed EMT to Promote Invasion.
PMC5982774,Oncotarget,2018,cc by,ok,10,9,0,0,1,dataset_medium,mixed;omics,<i>PPP2R1A</i> regulated by PAX3/FOXO1 fusion contributes to the acquisition of aggressive behavior in PAX3/FOXO1-positive alveolar rhabdomyosarcoma.
PMC5999193,Cancer Causes Control,2018,cc by,ok,1,0,1,0,0,small_table,,The burden of prostate cancer in Trinidad and Tobago: one of the highest mortality rates in the world.
PMC5990468,Nat Biotechnol,2018,,ok,1,0,0,0,1,no_tabular_data,,High-throughput creation and functional profiling of DNA sequence variant libraries using CRISPR-Cas9 in yeast.
PMC5957350,PLoS One,2018,cc by,ok,3,1,0,0,2,dataset_medium,clinical,Progression of the Radiologic Severity Index predicts mortality in patients with parainfluenza virus-associated lower respiratory infections.
PMC5957523,PLoS One,2018,cc by,ok,1,0,1,0,0,small_table,,Biophotonic detection of high order chromatin alterations in field carcinogenesis predicts risk of future hepatocellular carcinoma: A pilot study.
PMC5954126,Sci Rep,2018,cc by,ok,2,1,0,0,1,dataset_medium,numeric,"Linking cervicovaginal immune signatures, HPV and microbiota composition in cervical carcinogenesis in non-Hispanic and Hispanic women."
PMC5973855,Oncotarget,2018,cc by,ok,2,1,0,0,1,dataset_medium,clinical,Targeting of colony-stimulating factor 1 receptor (CSF1R) in the CLL microenvironment yields antineoplastic activity in primary patient samples.
PMC5954021,Nat Commun,2018,cc by,ok,4,2,0,0,2,dataset_large,clinical;mixed,STT3-dependent PD-L1 accumulation on cancer stem cells promotes immune evasion.
PMC5982765,Oncotarget,2018,cc by,ok,2,0,1,0,1,small_table,,"Biological and metabolic effects of IACS-010759, an OxPhos inhibitor, on chronic lymphocytic leukemia cells."
PMC5960677,Front Oncol,2018,cc by,ok,5,2,1,0,1,dataset_medium,mixed,Exploring Applications of Radiomics in Magnetic Resonance Imaging of Head and Neck Cancer: A Systematic Review.
PMC5988673,Br J Cancer,2018,cc by,ok,10,0,4,0,6,small_table,,Cancer subtype identification using somatic mutation data.
PMC5955575,PLoS One,2018,cc by,ok,5,1,3,0,1,dataset_large,omics,Integrative omics to detect bacteremia in patients with febrile neutropenia.
PMC5944935,PLoS One,2018,cc by,ok,1,0,1,0,0,small_table,,Free water modeling of peritumoral edema using multi-fiber tractography: Application to tracking the arcuate fasciculus for neurosurgical planning.
PMC5940788,Nat Commun,2018,cc by,ok,6,3,0,0,3,dataset_large,mixed;numeric,"Genome-wide association study in 176,678 Europeans reveals genetic loci for tanning response to sun exposure."
PMC5944039,J Immunother Cancer,2018,cc by,ok,2,1,0,0,1,dataset_large,omics,Predicting response to checkpoint inhibitors in melanoma beyond PD-L1 and mutational burden.
PMC6095836,Oncogene,2018,cc by,ok,4,3,1,0,0,dataset_large,numeric,Proteomic profiling identifies key coactivators utilized by mutant ERα proteins as potential new therapeutic targets.
PMC5940219,PLoS One,2018,cc by,ok,25,4,3,0,17,dataset_large,mixed;numeric;omics,Cancer driver mutation prediction through Bayesian integration of multi-omic data.
PMC5955096,Oncotarget,2018,cc by,ok,3,2,0,0,1,dataset_medium,numeric,The cyclin-dependent kinase inhibitor flavopiridol (alvocidib) inhibits metastasis of human osteosarcoma cells.
PMC5944051,BMC Urol,2018,cc by,ok,3,1,0,0,2,dataset_medium,numeric,Cost implications of PSA screening differ by age.
PMC5940187,PLoS One,2018,cc by,ok,4,4,0,0,0,dataset_large,numeric;omics,Different chromatin and DNA sequence characteristics define glucocorticoid receptor binding sites that are blocked or not blocked by coregulator Hic-5.
PMC6051420,Cell Rep,2018,cc by-nc-nd,ok,1,0,0,0,1,no_tabular_data,,ATF4 Regulates CD4<sup>+</sup> T Cell Immune Responses through Metabolic Reprogramming.
PMC5951744,Genes Chromosomes Cancer,2018,cc by-nc,ok,6,3,3,0,0,dataset_large,omics,Mutation analysis of adenomas and carcinomas of the colon: Early and late drivers.
PMC6149187,Genes Dis,2018,cc by-nc-nd,ok,1,0,0,0,0,tables_only,,Characterization of the essential role of bone morphogenetic protein 9 (BMP9) in osteogenic differentiation of mesenchymal stem cells (MSCs) through RNA interference.
PMC6076322,Oncogene,2018,cc by,ok,1,1,0,0,0,dataset_large,omics,A modified gene trap approach for improved high-throughput cancer drug discovery.
PMC5997284,Cell Rep,2018,cc by-nc-nd,ok,1,0,0,0,1,no_tabular_data,,Identification of Drivers of Aneuploidy in Breast Tumors.
PMC5919618,PLoS One,2018,cc by,ok,3,1,0,0,2,dataset_medium,numeric,Total retinal detachments due to retinoblastoma: Outcomes following intra-arterial chemotherapy/ophthalmic artery chemosurgery.
PMC5978258,Oncotarget,2018,cc by,ok,4,2,1,0,1,dataset_large,mixed,Comparative oncology DNA sequencing of canine T cell lymphoma via human hotspot panel.
PMC5922978,PLoS Biol,2018,cc by,ok,7,0,1,6,0,small_table,,Dependence of innate lymphoid cell 1 development on NKp46.
PMC5942854,PLoS Genet,2018,cc by,ok,2,1,0,0,1,dataset_large,numeric,"A Caenorhabditis elegans protein with a PRDM9-like SET domain localizes to chromatin-associated foci and promotes spermatocyte gene expression, sperm production and fertility."
PMC5918619,PLoS One,2018,cc by,ok,8,3,0,0,5,dataset_medium,mixed;numeric,Oral microbiota reveals signs of acculturation in Mexican American women.
PMC5955148,Oncotarget,2018,cc by,ok,2,1,0,0,1,dataset_large,omics,PAF1 complex interactions with SETDB1 mediate promoter H3K9 methylation and transcriptional repression of <i>Hoxa9</i> and <i>Meis1</i> in acute myeloid leukemia.
PMC5933817,PLoS Genet,2018,cc by,ok,5,1,3,0,1,dataset_large,numeric,One for all and all for One: Improving replication of genetic studies through network diffusion.
PMC6137433,iScience,2018,cc by-nc-nd,ok,3,2,0,0,1,dataset_large,numeric,Mitochondria-Targeted Honokiol Confers a Striking Inhibitory Effect on Lung Cancer via Inhibiting Complex I Activity.
PMC5916935,Sci Rep,2018,cc by,too_large,0,0,0,0,0,no_supp_retrieved,,Multi-lectin Affinity Chromatography and Quantitative Proteomic Analysis Reveal Differential Glycoform Levels between Prostate Cancer and Benign Prostatic Hyperplasia Sera.
PMC5995368,Stem Cell Reports,2018,cc by-nc-nd,ok,5,1,0,0,4,dataset_medium,mixed,Dissecting the Contributions of Cooperating Gene Mutations to Cancer Phenotypes and Drug Responses with Patient-Derived iPSCs.
PMC6147083,Genes Dis,2018,cc by-nc-nd,ok,1,0,1,0,0,small_table,,Establishment and functional characterization of the reversibly immortalized mouse glomerular podocytes (imPODs).
PMC5988820,Br J Cancer,2018,cc by,ok,2,0,2,0,0,small_table,,Nested case-control study of telomere length and lung cancer risk among heavy smokers in the β-Carotene and Retinol Efficacy Trial.
PMC5904988,J Immunother Cancer,2018,cc by,ok,2,1,0,0,1,dataset_medium,omics,Microsatellite instability in prostate cancer by PCR or next-generation sequencing.
PMC5927466,PLoS Biol,2018,cc0,ok,11,8,1,0,2,dataset_large,mixed;numeric;omics,Mitochondrial nicotinamide adenine dinucleotide reduced (NADH) oxidation links the tricarboxylic acid (TCA) cycle with methionine metabolism and nuclear DNA methylation.
PMC6051771,Neuroimage Clin,2018,cc by-nc-nd,ok,1,1,0,0,0,dataset_medium,mixed,Psychomotor slowing is associated with anomalies in baseline and prospective large scale neural networks in youth with epilepsy.
PMC5934319,Nat Genet,2018,,ok,1,0,0,0,1,no_tabular_data,,Deconvolution of seed and RNA-binding protein crosstalk in RNAi-based functional genomics.
PMC5928383,Mol Oncol,2018,cc by,ok,10,5,2,0,3,dataset_medium,mixed;numeric;omics,SRARP and HSPB7 are epigenetically regulated gene pairs that function as tumor suppressors and predict clinical outcome in malignancies.
PMC5927460,PLoS Comput Biol,2018,cc by,ok,12,6,4,0,1,dataset_large,mixed;numeric,Propagating annotations of molecular networks using in silico fragmentation.
PMC5897027,PLoS One,2018,cc0,ok,1,0,1,0,0,small_table,,A low dose lipid infusion is sufficient to induce insulin resistance and a pro-inflammatory response in human subjects.
PMC5895067,PLoS One,2018,cc0,ok,1,1,0,0,0,dataset_medium,clinical,Measuring serum melatonin in postmenopausal women: Implications for epidemiologic studies and breast cancer studies.
PMC5894969,PLoS One,2018,cc by,ok,4,2,2,0,0,dataset_medium,numeric,Comparison of the oral microbiome in mouthwash and whole saliva samples.
PMC5897927,Mol Cancer,2018,cc by,ok,3,0,1,0,2,small_table,,Favorable outcome of patients with lung adenocarcinoma harboring POLE mutations and expressing high PD-L1.
PMC5884487,PLoS One,2018,cc0,ok,4,0,2,0,2,small_table,,Prevention of colonic neoplasia with polyethylene glycol: A short term randomized placebo-controlled double-blinded trial.
PMC5881178,Cancer Metab,2018,cc by,ok,10,5,2,2,0,dataset_medium,mixed;numeric,Metabolomics of oncogene-specific metabolic reprogramming during breast cancer.
PMC5883337,J Immunother Cancer,2018,cc by,ok,1,0,1,0,0,small_table,,Pseudoprogression manifesting as recurrent ascites with anti-PD-1 immunotherapy in urothelial bladder cancer.
PMC5884841,Blood Cancer J,2018,cc by,ok,4,0,2,0,2,small_table,,"DNMT3A<sup>R882</sup>-associated hypomethylation patterns are maintained in primary AML xenografts, but not in the DNMT3A<sup>R882C</sup> OCI-AML3 leukemia cell line."
PMC5880088,J Transl Med,2018,cc by,ok,8,3,1,0,2,dataset_large,omics,Baseline antibody profiles predict toxicity in melanoma patients treated with immune checkpoint inhibitors.
PMC5943470,Cancer Med,2018,cc by,ok,2,1,0,0,1,dataset_medium,numeric,Genetic overlap between endometriosis and endometrial cancer: evidence from cross-disease genetic correlation and GWAS meta-analyses.
PMC8859991,Cell Rep,2018,cc by,ok,1,0,0,0,0,no_tabular_data,,A Distinct DNA Methylation Shift in a Subset of Glioma CpG Island Methylator Phenotypes during Tumor Recurrence.
PMC5910832,Proc Natl Acad Sci U S A,2018,cc by-nc-nd,ok,4,3,0,0,1,dataset_large,omics,Increased autophagy blocks HER2-mediated breast tumorigenesis.
PMC5916809,Cell Rep,2018,cc by,ok,1,0,0,0,0,no_tabular_data,,Driver Fusions and Their Implications in the Development and Treatment of Human Cancers.
PMC5885379,J Immunother Cancer,2018,cc by,ok,2,1,0,0,1,dataset_large,numeric,Coordinated responses to individual tumor antigens by IgG antibody and CD8+ T cells following cancer vaccination.
PMC5957518,Cell,2018,cc by-nc-nd,ok,1,0,0,0,0,no_tabular_data,,"Cell-of-Origin Patterns Dominate the Molecular Classification of 10,000 Tumors from 33 Types of Cancer."
PMC6055527,Cell Rep,2018,cc by,ok,1,0,0,0,1,no_tabular_data,,Systematic Analysis of Splice-Site-Creating Mutations in Cancer.
PMC6001906,Mol Metab,2018,cc by,ok,3,1,0,0,2,dataset_large,omics,Phosphorylation of Beta-3 adrenergic receptor at serine 247 by ERK MAP kinase drives lipolysis in obese adipocytes.
PMC6107367,Nat Genet,2018,,ok,1,0,0,0,0,no_tabular_data,,The long tail of oncogenic drivers in prostate cancer.
PMC5884881,Front Cell Dev Biol,2018,cc by,ok,1,1,0,0,0,dataset_medium,mixed,Aging Mouse Models Reveal Complex Tumor-Microenvironment Interactions in Cancer Progression.
PMC5870951,PLoS One,2018,cc by,ok,2,1,0,0,1,dataset_medium,mixed,The influence of transcript assembly on the proteogenomics discovery of microproteins.
PMC5993049,iScience,2018,cc by-nc-nd,ok,4,3,0,0,1,dataset_large,numeric,Chromatin Succinylation Correlates with Active Gene Expression and Is Perturbed by Defective TCA Cycle Metabolism.
PMC5874037,PLoS One,2018,cc by,ok,21,2,2,0,16,dataset_large,omics,PARP1 depletion induces RIG-I-dependent signaling in human cancer cells.
PMC5868798,PLoS One,2018,cc by,ok,1,1,0,0,0,dataset_medium,numeric,Comparative oncology approach to drug repurposing in osteosarcoma.
PMC5892939,PLoS Biol,2018,cc by,ok,3,2,0,0,1,dataset_medium,omics,Identifying off-target effects of etomoxir reveals that carnitine palmitoyltransferase I is essential for cancer cell proliferation independent of β-oxidation.
PMC5995162,Stem Cell Reports,2018,cc by,ok,8,5,1,0,2,dataset_large,omics,Heterogeneity of Human Breast Stem and Progenitor Cells as Revealed by Transcriptional Profiling.
PMC5875872,PLoS One,2018,cc by,ok,1,0,1,0,0,small_table,,Carcinoma associated fibroblasts (CAFs) promote breast cancer motility by suppressing mammalian Diaphanous-related formin-2 (mDia2).
PMC5946072,Aging Cell,2018,cc by,ok,6,2,2,0,2,dataset_large,mixed;numeric,Profiling of m6A RNA modifications identified an age-associated regulation of AGO2 mRNA stability.
PMC5863960,PLoS One,2018,cc by,ok,1,1,0,0,0,dataset_large,omics,Genomic and transcriptomic comparison of allergen and silver nanoparticle-induced mast cell degranulation reveals novel non-immunoglobulin E mediated mechanisms.
PMC5865185,Nat Commun,2018,cc by,ok,9,4,1,0,3,dataset_medium,mixed;numeric;omics,Poly-ligand profiling differentiates trastuzumab-treated breast cancer patients according to their outcomes.
PMC5898912,Elife,2018,cc by,ok,4,1,0,1,2,dataset_medium,omics,A gene-specific <i>T2A-GAL4</i> library for <i>Drosophila</i>.
PMC5868477,PeerJ,2018,cc by,ok,2,1,0,0,1,dataset_medium,clinical,Tumor immunity landscape in non-small cell lung cancer.
PMC5899455,Proc Natl Acad Sci U S A,2018,,ok,4,2,0,0,1,dataset_large,omics,Rlip depletion prevents spontaneous neoplasia in TP53 null mice.
PMC5862875,Blood Cancer J,2018,cc by,ok,2,1,0,0,1,dataset_large,mixed,"A multiple myeloma-specific capture sequencing platform discovers novel translocations and frequent, risk-associated point mutations in IGLL5."
PMC5864743,Sci Rep,2018,cc by,ok,2,1,0,0,1,dataset_medium,numeric,Ocimum flavone Orientin as a countermeasure for thrombocytopenia.
PMC5862842,Nat Commun,2018,cc by,ok,4,1,1,0,2,dataset_medium,numeric,Placenta and appetite genes GDF15 and IGFBP7 are associated with hyperemesis gravidarum.
PMC5859113,Sci Rep,2018,cc by,ok,7,6,0,0,0,dataset_medium,numeric,Appearance Constrained Semi-Automatic Segmentation from DCE-MRI is Reproducible and Feasible for Breast Cancer Radiomics: A Feasibility Study.
PMC5906094,Elife,2018,cc by,ok,5,0,4,0,1,small_table,,A polymorphism in the tumor suppressor p53 affects aging and longevity in mouse models.
PMC5859555,Genome Biol,2018,cc by,ok,6,2,0,0,3,dataset_medium,mixed;numeric,FusorSV: an algorithm for optimally combining data from multiple structural variation detection methods.
PMC5859499,BMC Biotechnol,2018,cc by,ok,6,0,0,0,3,tables_only,,Cell-based reference samples designed with specific differences in microRNA biomarkers.
PMC5943412,Br J Cancer,2018,cc by,ok,3,1,1,0,1,dataset_medium,omics,NF1 mutations in conjunctival melanoma.
PMC6148437,Leukemia,2018,,ok,1,0,0,0,0,no_tabular_data,,Hedgehog pathway mutations drive oncogenic transformation in high-risk T-cell acute lymphoblastic leukemia.
PMC5860864,Elife,2018,cc by,ok,22,14,4,0,1,dataset_medium,mixed;numeric;omics,Non-invasive detection of urothelial cancer through the analysis of driver gene mutations and aneuploidy.
PMC5991460,BMC Genomics,2018,cc by,ok,1,0,0,0,0,tables_only,,Clustering multilayer omics data using MuNCut.
PMC5849414,Elife,2018,cc by,ok,11,3,7,0,1,dataset_medium,mixed;numeric,NuRD and CAF-1-mediated silencing of the D4Z4 array is modulated by DUX4-induced MBD3L proteins.
PMC5879673,Proc Natl Acad Sci U S A,2018,cc by-nc-nd,ok,2,1,0,0,1,dataset_medium,clinical,Predicting cancer outcomes from histology and genomics using convolutional networks.
PMC5857095,BMC Gastroenterol,2018,cc by,ok,1,1,0,0,0,dataset_medium,mixed,Characterization of the hepatitis B virus DNA detected in urine of chronic hepatitis B patients.
PMC5849647,Nat Commun,2018,cc by,ok,4,1,0,0,3,dataset_large,mixed,Eya3 partners with PP2A to induce c-Myc stabilization and tumor progression.
PMC5844524,PLoS Biol,2018,cc by,ok,9,1,0,0,2,dataset_large,numeric,Cell signaling heterogeneity is modulated by both cell-intrinsic and -extrinsic mechanisms: An integrated approach to understanding targeted therapy.
PMC5847511,Sci Rep,2018,cc by,ok,10,8,2,0,0,dataset_large,omics,Loss and gain of N-linked glycosylation sequons due to single-nucleotide variation in cancer.
PMC5838965,BMC Pulm Med,2018,cc by,ok,2,1,0,0,1,dataset_medium,omics,RNAseq analysis of bronchial epithelial cells to identify COPD-associated genes and SNPs.
PMC5863767,Curr Biol,2018,cc by,ok,8,2,0,0,2,dataset_medium,numeric,Mps1 Phosphorylates Its N-Terminal Extension to Relieve Autoinhibition and Activate the Spindle Assembly Checkpoint.
PMC5834004,Sci Adv,2018,cc by-nc,ok,3,0,2,0,0,small_table,,A commensal strain of &lt;i&gt;Staphylococcus epidermidis&lt;/i&gt; protects against skin neoplasia.
PMC5830457,Sci Rep,2018,cc by,ok,1,1,0,0,0,dataset_large,numeric,Development and Evaluation of Novel Statistical Methods in Urine Biomarker-Based Hepatocellular Carcinoma Screening.
PMC5854444,PLoS Pathog,2018,cc by,ok,6,3,2,0,0,dataset_large,mixed;omics,TnSeq of Mycobacterium tuberculosis clinical isolates reveals strain-specific antibiotic liabilities.
PMC5830451,Nat Commun,2018,cc by,ok,4,1,1,0,2,dataset_medium,omics,Nanodroplet processing platform for deep and quantitative proteome profiling of 10-100 mammalian cells.
PMC5907794,J Med Chem,2018,,ok,1,0,0,0,0,tables_only,,Reduction of Circulating Cancer Cells and Metastases in Breast-Cancer Models by a Potent EphA2-Agonistic Peptide-Drug Conjugate.
PMC5919411,Stem Cell Reports,2018,cc by-nc-nd,ok,3,1,0,0,2,dataset_large,numeric,Calorie Restriction Governs Intestinal Epithelial Regeneration through Cell-Autonomous Regulation of mTORC1 in Reserve Stem Cells.
PMC5830331,Genome Med,2018,cc by,ok,3,1,0,0,2,dataset_large,mixed,NSAID use and somatic exomic mutations in Barrett's esophagus.
PMC5873529,Cell Rep,2018,cc by,ok,4,2,0,0,2,dataset_large,mixed;numeric,KIBRA (WWC1) Is a Metastasis Suppressor Gene Affected by Chromosome 5q Loss in Triple-Negative Breast Cancer.
PMC5848607,Genome Res,2018,cc by-nc,ok,16,6,2,0,7,dataset_large,omics,A human-specific switch of alternatively spliced <i>AFMID</i> isoforms contributes to <i>TP53</i> mutations and tumor recurrence in hepatocellular carcinoma.
PMC5824475,Mol Cancer,2018,cc by,ok,4,1,3,0,0,dataset_large,numeric,Transcriptional profiles of different states of cancer stem cells in triple-negative breast cancer.
PMC5823879,Sci Rep,2018,cc by,ok,2,1,0,0,1,dataset_large,numeric,CXCL12/CXCR4-Mediated Procollagen Secretion Is Coupled To Cullin-RING Ubiquitin Ligase Activation.
PMC5877968,Proc Natl Acad Sci U S A,2018,cc by-nc-nd,ok,4,3,0,0,1,dataset_large,omics,Revealing nascent proteomics in signaling pathways and cell differentiation.
PMC5824840,Nat Commun,2018,cc by,ok,7,4,0,0,3,dataset_large,mixed,Co-occurring expression and methylation QTLs allow detection of common causal variants and shared biological mechanisms.
PMC5834658,Transl Oncol,2018,cc by-nc-nd,ok,4,4,0,0,0,dataset_large,clinical;numeric;omics,"Preclinical Analysis of JAA-F11, a Specific Anti-Thomsen-Friedenreich Antibody via Immunohistochemistry and In Vivo Imaging."
PMC5821323,PLoS One,2018,cc by,ok,3,0,1,0,2,small_table,,Cholinergic signaling mediates the effects of xenin-25 on secretion of pancreatic polypeptide but not insulin or glucagon in humans with impaired glucose tolerance.
PMC5814433,NPJ Genom Med,2018,cc by,ok,5,2,0,0,3,dataset_medium,mixed,Clinical testing of <i>BRCA1</i> and <i>BRCA2</i>: a worldwide snapshot of technological practices.
PMC5841410,Cell Death Discov,2018,cc by,ok,1,0,1,0,0,small_table,,Modulation of nuclear factor-kappa B activation by the endoplasmic reticulum stress sensor PERK to mediate estrogen-induced apoptosis in breast cancer cells.
PMC5871085,Oncotarget,2018,cc by,ok,3,1,1,0,1,dataset_medium,mixed,Serum microRNAs as predictors of risk for non-muscle invasive bladder cancer.
PMC5918338,Stem Cell Reports,2018,cc by,ok,3,1,0,0,2,dataset_medium,numeric,The Chromatin Remodeler BPTF Activates a Stemness Gene-Expression Program Essential for the Maintenance of Adult Hematopoietic Stem Cells.
PMC5828519,PLoS Pathog,2018,cc by,ok,3,1,1,0,1,dataset_medium,omics,Switching and loss of cellular cytokine producing capacity characterize in vivo viral infection and malignant transformation in human T- lymphotropic virus type 1 infection.
PMC5807538,Sci Rep,2018,cc by,ok,5,0,4,0,1,small_table,,Next generation high throughput DNA damage detection platform for genotoxic compound screening.
PMC5850387,Viruses,2018,cc by,ok,1,0,1,0,0,small_table,,"The Intersection of HPV Epidemiology, Genomics and Mechanistic Studies of HPV-Mediated Carcinogenesis."
PMC5930406,Mol Cell Proteomics,2018,cc by,ok,11,3,0,0,7,dataset_large,mixed;omics,Global Identification of Small Ubiquitin-related Modifier (SUMO) Substrates Reveals Crosstalk between SUMOylation and Phosphorylation Promotes Cell Migration.
PMC5807759,BMC Cancer,2018,cc by,ok,3,0,2,0,0,small_table,,Preclinical evaluation and reverse phase protein Array-based profiling of PI3K and MEK inhibitors in endometrial carcinoma in vitro.
PMC5810618,Sci Adv,2018,cc by-nc,ok,4,2,0,0,1,dataset_medium,numeric;omics,Increased proteomic complexity in <i>Drosophila</i> hybrids during development.
PMC5865664,Oncotarget,2018,cc by,ok,3,1,1,0,1,dataset_medium,omics,High expression of SLCO2B1 is associated with prostate cancer recurrence after radical prostatectomy.
PMC5802442,PLoS Med,2018,cc by,ok,5,1,0,0,4,dataset_medium,numeric,Population impact of lung cancer screening in the United States: Projections from a microsimulation model.
PMC5800597,PLoS One,2018,cc by,ok,2,1,0,0,1,dataset_medium,clinical,"Association of cancer-related mortality, age and gonadectomy in golden retriever dogs at a veterinary academic center (1989-2016)."
PMC6030513,Res Synth Methods,2018,cc by,ok,1,0,0,0,0,tables_only,,Machine learning for identifying Randomized Controlled Trials: An evaluation and practitioner's guide.
PMC5803259,Nat Commun,2018,cc by,ok,4,1,0,0,3,dataset_medium,mixed,Stratification of TAD boundaries reveals preferential insulation of super-enhancers by strong boundaries.
PMC5833354,Cell Death Dis,2018,cc by,ok,15,1,3,0,11,dataset_medium,numeric,miR-195 targets cyclin D3 and survivin to modulate the tumorigenesis of non-small cell lung cancer.
PMC5849180,Oncotarget,2018,cc by,ok,5,3,0,0,2,dataset_large,clinical;numeric,Prognostic role of elevated mir-24-3p in breast cancer and its association with the metastatic process.
PMC5806861,PLoS One,2018,cc by,ok,18,4,5,0,9,dataset_large,mixed;omics,"Interaction between polymorphisms in aspirin metabolic pathways, regular aspirin use and colorectal cancer risk: A case-control study in unselected white European populations."
PMC5805410,Elife,2018,cc by,ok,5,0,3,0,1,small_table,,MELK expression correlates with tumor mitotic activity but is not required for cancer growth.
PMC5802492,PLoS One,2018,cc by,ok,4,0,0,0,3,tables_only,,Organoids with cancer stem cell-like properties secrete exosomes and HSP90 in a 3D nanoenvironment.
PMC5802857,PLoS One,2018,cc0,ok,4,3,0,0,1,dataset_large,numeric,The quaternary state of polymerized human hemoglobin regulates oxygenation of breast cancer solid tumors: A theoretical and experimental study.
PMC5826573,Cell Rep,2018,cc by-nc-nd,ok,1,0,0,0,0,no_tabular_data,,Carnitine Palmitoyltransferase 1A Has a Lysine Succinyltransferase Activity.
PMC5794067,PLoS Genet,2018,cc by,ok,11,1,0,3,6,dataset_large,mixed,Novel pedigree analysis implicates DNA repair and chromatin remodeling in multiple myeloma risk.
PMC5793408,BMC Bioinformatics,2018,cc by,ok,2,1,1,0,0,dataset_medium,omics,Germline contamination and leakage in whole genome somatic single nucleotide variant detection.
PMC5791954,PLoS One,2018,cc0,ok,7,2,0,0,5,dataset_large,numeric;omics,T cell receptor repertoire among women who cleared and failed to clear cervical human papillomavirus infection: An exploratory proof-of-principle study.
PMC5796726,PLoS One,2018,cc by,ok,4,1,0,0,2,dataset_medium,mixed,"Barriers to early presentation of breast cancer among women in Soweto, South Africa."
PMC5839121,Cell Rep,2018,cc by-nc-nd,ok,1,0,0,0,1,no_tabular_data,,The Role of Ceramide Synthases in the Pathogenicity of Cryptococcus neoformans.
PMC5998376,Mod Pathol,2018,,ok,1,0,0,0,0,no_tabular_data,,Tumor suppressor CD99 is downregulated in plasma cell neoplasms lacking CCND1 translocation and distinguishes neoplastic from normal plasma cells and B-cell lymphomas with plasmacytic differentiation from primary plasma cell neoplasms.
PMC5805409,Elife,2018,cc by,ok,8,1,5,0,1,dataset_medium,numeric,Multiple kinases inhibit origin licensing and helicase activation to ensure reductive cell division during meiosis.
PMC5826794,Nat Cell Biol,2018,,ok,1,0,0,0,0,no_tabular_data,,Local control of intracellular microtubule dynamics by EB1 photodissociation.
PMC5795896,Invest Ophthalmol Vis Sci,2018,cc by-nc-nd,ok,2,2,0,0,0,dataset_large,numeric,Testosterone Pathway Genetic Polymorphisms in Relation to Primary Open-Angle Glaucoma: An Analysis in Two Large Datasets.
PMC5792493,Nat Commun,2018,cc by,ok,3,1,0,0,2,dataset_medium,numeric,Hexokinase-2 depletion inhibits glycolysis and induces oxidative phosphorylation in hepatocellular carcinoma and sensitizes to metformin.
PMC5793360,Genome Biol,2018,cc by,ok,1,1,0,0,0,dataset_medium,mixed,The proBAM and proBed standard formats: enabling a seamless integration of genomics and proteomics data.
PMC5809088,PLoS Comput Biol,2018,cc by,ok,2,0,1,0,1,small_table,,GSimp: A Gibbs sampler based left-censored missing value imputation approach for metabolomics studies.
PMC5858280,Int J Environ Res Public Health,2018,cc by,ok,1,0,1,0,0,small_table,,Long-Term Weight Loss Effects of a Behavioral Weight Management Program: Does the Community Food Environment Matter?
PMC5796798,Elife,2018,cc by,ok,8,7,0,0,1,dataset_large,mixed;omics,Targeting RAS-driven human cancer cells with antibodies to upregulated and essential cell-surface proteins.
PMC5786305,PLoS One,2018,cc by,ok,15,4,0,0,9,dataset_large,mixed;numeric,Systematic identification of latent disease-gene associations from PubMed articles.
PMC5798519,Bladder Cancer,2018,cc by-nc,ok,1,1,0,0,0,dataset_medium,numeric,Molecular Correlates of <i>In Vitro</i> Responses to Dacomitinib and Afatinib in Bladder Cancer.
PMC5775420,Sci Rep,2018,cc by,ok,8,7,0,0,1,dataset_large,mixed;numeric;omics,Cross-species transcriptional analysis reveals conserved and host-specific neoplastic processes in mammalian glioma.
PMC5872165,Med Sci (Basel),2018,cc by,ok,1,1,0,0,0,dataset_medium,omics,The Role of Cadaverine Synthesis on Pneumococcal Capsule and Protein Expression.
PMC5772357,Nat Commun,2018,cc by,ok,3,2,0,0,1,dataset_medium,mixed;numeric,Multiplex glycan bead array for high throughput and high content analyses of glycan binding proteins.
PMC5773580,Sci Rep,2018,cc by,ok,2,0,1,0,1,small_table,,A synthetic combinatorial approach to disabling deviant Hedgehog signaling.
PMC5823650,Oncotarget,2018,cc by,ok,3,2,0,0,1,dataset_medium,omics,ALK is a critical regulator of the MYC-signaling axis in ALK positive lung cancer.
PMC5775257,Nat Commun,2018,cc by,ok,4,1,0,0,3,dataset_large,numeric,Binding of NUFIP2 to Roquin promotes recognition and regulation of ICOS mRNA.
PMC5809145,Elife,2018,cc by,ok,16,8,7,0,1,dataset_large,numeric;omics,LIPG signaling promotes tumor initiation and metastasis of human basal-like triple-negative breast cancer.
PMC5770411,Nat Commun,2018,cc by,ok,4,1,0,0,3,dataset_medium,numeric,DNA methyltransferase inhibition upregulates MHC-I to potentiate cytotoxic T lymphocyte responses in breast cancer.
PMC5889290,Oncoimmunology,2018,cc by-nc-nd,ok,4,2,0,0,1,dataset_large,mixed;omics,Glioblastoma stem cell-derived exosomes induce M2 macrophages and PD-L1 expression on human monocytes.
PMC5830912,Stem Cell Reports,2018,cc by-nc-nd,ok,5,3,0,0,2,dataset_large,numeric;omics,Purification of GFRα1+ and GFRα1- Spermatogonial Stem Cells Reveals a Niche-Dependent Mechanism for Fate Determination.
PMC5803371,Nat Med,2018,,ok,1,0,0,0,0,no_tabular_data,,Positively selected enhancer elements endow osteosarcoma cells with metastatic competence.
PMC5764572,Elife,2018,cc by,ok,10,0,3,0,1,small_table,,An optimized method for 3D fluorescence co-localization applied to human kinetochore protein architecture.
PMC5760577,Nat Commun,2018,cc by,ok,4,1,1,0,2,dataset_medium,omics,SIRT6-dependent cysteine monoubiquitination in the PRE-SET domain of Suv39h1 regulates the NF-κB pathway.
PMC5764415,PLoS One,2018,cc by,ok,1,0,1,0,0,small_table,,Nano-Pulse Stimulation induces immunogenic cell death in human papillomavirus-transformed tumors and initiates an adaptive immune response.
PMC5757926,PLoS One,2018,cc by,ok,3,1,2,0,0,dataset_medium,numeric,Comparison of eosin and fluorescein conjugates for the photoinitiation of cell-compatible polymer coatings.
PMC5764416,PLoS One,2018,cc by,ok,2,1,0,0,1,dataset_medium,mixed,Absence of myeloid Klf4 reduces prostate cancer growth with pro-atherosclerotic activation of tumor myeloid cells and infiltration of CD8 T cells.
PMC5755921,PLoS One,2018,cc0,ok,1,0,0,0,0,tables_only,,"A purified, fermented, extract of Triticum aestivum has lymphomacidal activity mediated via natural killer cell activation."
PMC5893174,FASEB J,2018,cc by-nc,ok,2,1,0,0,1,dataset_large,numeric,Reduced prostaglandin I<sub>2</sub> signaling in Arid5b<sup>-/-</sup> primary skeletal muscle cells attenuates myogenesis.
PMC5758516,Sci Rep,2018,cc by,ok,2,1,1,0,0,dataset_medium,mixed,Radiogenomic analysis of hypoxia pathway is predictive of overall survival in Glioblastoma.
PMC5821460,Elife,2018,cc by,ok,7,1,1,0,1,dataset_large,omics,LINE-1 protein localization and functional dynamics during the cell cycle.
PMC5756662,Sci Adv,2018,cc by-nc,ok,3,1,0,0,1,dataset_medium,numeric,Identifying the substrate proteins of U-box E3s E4B and CHIP by orthogonal ubiquitin transfer.
PMC5749745,PLoS One,2018,cc by,ok,4,3,1,0,0,dataset_medium,numeric;omics,MiR-34a regulates the invasive capacity of canine osteosarcoma cell lines.
PMC5753254,Nucleic Acids Res,2018,cc by-nc,ok,1,0,1,0,0,small_table,,TC3A: The Cancer 3' UTR Atlas.
PMC5749683,PLoS One,2018,cc by,ok,12,3,8,0,1,dataset_medium,omics,Gene-level association analysis of systemic sclerosis: A comparison of African-Americans and White populations.
PMC5770183,Invest Ophthalmol Vis Sci,2018,cc by-nc-nd,ok,3,1,0,0,2,dataset_medium,mixed,Biomechanical Rigidity and Quantitative Proteomics Analysis of Segmental Regions of the Trabecular Meshwork at Physiologic and Elevated Pressures.
PMC5915082,Oncotarget,2018,cc by,ok,4,2,1,0,1,dataset_large,mixed;numeric,Identification of spleen tyrosine kinase as a potential therapeutic target for esophageal squamous cell carcinoma using reverse phase protein arrays.
PMC5753215,Nucleic Acids Res,2018,cc by-nc,ok,1,0,1,0,0,small_table,,BioMuta and BioXpress: mutation and expression knowledgebases for cancer biomarker discovery.
PMC5830911,Stem Cell Reports,2018,cc by-nc-nd,ok,3,1,0,0,2,dataset_medium,omics,Transcriptionally and Functionally Distinct Mesenchymal Subpopulations Are Generated from Human Pluripotent Stem Cells.
PMC5801042,J Neuroimmunol,2018,,ok,1,0,1,0,0,small_table,,Elevated serum levels of IL-6 and CXCL9 in autoimmune retinopathy (AIR) patients.
PMC5766255,PLoS Comput Biol,2018,cc by,ok,8,3,0,5,0,dataset_large,omics,Integration of pan-cancer transcriptomics with RPPA proteomics reveals mechanisms of epithelial-mesenchymal transition.
PMC5790525,Oncotarget,2018,cc by,ok,3,1,0,0,1,dataset_medium,numeric,Cancer immunogenomic approach to neoantigen discovery in a checkpoint blockade responsive murine model of oral cavity squamous cell carcinoma.
PMC5800913,Oncotarget,2018,cc by,ok,3,1,0,0,2,dataset_large,mixed,Novel mutational landscapes and expression signatures of lung squamous cell carcinoma.
PMC5768933,Stem Cell Reports,2018,cc by-nc-nd,ok,4,2,0,0,2,dataset_large,numeric;omics,Histone 2B-GFP Label-Retaining Prostate Luminal Cells Possess Progenitor Cell Properties and Are Intrinsically Resistant to Castration.
PMC5876082,Int J Obes (Lond),2018,,ok,1,0,0,0,0,no_tabular_data,,Trans-ethnic analysis of metabochip data identifies two new loci associated with BMI.
PMC5788632,Oncotarget,2018,cc by,ok,2,1,0,0,1,dataset_large,omics,"Characterization of the effects of defined, multidimensional culture conditions on conditionally reprogrammed primary human prostate cells."
PMC5797010,Oncotarget,2018,cc by,ok,9,6,2,0,1,dataset_large,mixed;numeric;omics,Quantitative high-throughput phenotypic screening of pediatric cancer cell lines identifies multiple opportunities for drug repurposing.
PMC5742538,Nat Genet,2018,,ok,5,1,0,0,4,dataset_large,mixed,"Mutations in SELENBP1, encoding a novel human methanethiol oxidase, cause extraoral halitosis."
PMC5765226,Br J Cancer,2018,cc by-nc-sa,ok,3,3,0,0,0,dataset_medium,clinical;mixed,Long-term survival outcomes of triple-receptor negative breast cancer survivors who are disease free at 5 years and relationship with low hormone receptor positivity.
PMC5828204,Oncotarget,2018,cc by,ok,3,1,0,0,1,dataset_medium,omics,Non coding RNA analysis in fibrolamellar hepatocellular carcinoma.
PMC5836368,Mol Cell Proteomics,2018,cc by,ok,3,0,0,0,1,no_tabular_data,,Detection of Proteome Diversity Resulted from Alternative Splicing is Limited by Trypsin Cleavage Specificity.
PMC5867615,Physiol Genomics,2018,cc by,ok,5,0,2,0,2,small_table,,Attempted replication of SNPs in RANKL and OPG with musculoskeletal adverse events during aromatase inhibitor treatment for breast cancer.
PMC5828651,EBioMedicine,2018,cc by-nc-nd,ok,4,3,0,0,1,dataset_large,mixed;omics,Global Transcriptome Analysis of RNA Abundance Regulation by ADAR in Lung Adenocarcinoma.
PMC5749531,J Clin Invest,2018,cc by,ok,2,1,1,0,0,dataset_medium,omics,SPOP mutation drives prostate neoplasia without stabilizing oncogenic transcription factor ERG.
PMC5749180,Genome Res,2018,cc by-nc,ok,9,2,1,0,4,dataset_large,mixed,Discovery of noncanonical translation initiation sites through mass spectrometric analysis of protein N termini.
PMC5813753,Oncologist,2018,,ok,7,3,0,0,3,dataset_large,omics,Enhancing Next-Generation Sequencing-Guided Cancer Care Through Cognitive Computing.
PMC5906165,Mod Pathol,2018,,ok,1,0,0,0,1,no_tabular_data,,Adenomatoid tumors of the male and female genital tract are defined by TRAF7 mutations that drive aberrant NF-kB pathway activation.
PMC5904051,Cell Mol Gastroenterol Hepatol,2018,cc by-nc-nd,ok,1,1,0,0,0,dataset_medium,omics,Pancreatic HIF2α Stabilization Leads to Chronic Pancreatitis and Predisposes to Mucinous Cystic Neoplasm.
PMC5784322,Mol Metab,2018,cc by-nc-nd,ok,4,2,0,0,2,dataset_large,numeric,Vacuolar protein sorting 13C is a novel lipid droplet protein that inhibits lipolysis in brown adipocytes.
PMC5836952,Prostate,2018,cc by-nc-nd,ok,2,2,0,0,0,dataset_large,numeric;omics,Influence of the neural microenvironment on prostate cancer.
PMC5733573,RNA,2018,cc by-nc,ok,12,6,4,0,1,dataset_large,mixed;omics,The SSU processome interactome in <i>Saccharomyces cerevisiae</i> reveals novel protein subcomplexes.
PMC5771401,Aging Cell,2018,cc by,ok,5,1,1,0,3,dataset_medium,omics,Enhanced inflammation and attenuated tumor suppressor pathways are associated with oncogene-induced lung tumors in aged mice.
PMC5762610,Int J Cancer,2018,cc by,ok,2,0,1,0,1,small_table,,Authentication of M14 melanoma cell line proves misidentification of MDA-MB-435 breast cancer cell line.
PMC5799769,Oncogene,2018,cc by-nc-nd,ok,4,3,0,0,1,dataset_large,numeric,Using a novel computational drug-repositioning approach (DrugPredict) to rapidly identify potent drug candidates for cancer treatment.
PMC5756132,Oncogene,2018,,ok,1,0,0,0,1,no_tabular_data,,Targeting mitochondrial translation by inhibiting DDX3: a novel radiosensitization strategy for cancer treatment.
PMC5839388,Oncotarget,2018,cc by,ok,2,1,0,0,1,dataset_medium,clinical,SWI/SNF aberrations sensitize pancreatic cancer cells to DNA crosslinking agents.
PMC6962348,Front Immunol,2019,cc by,ok,10,0,2,0,1,small_table,,TCR Convergence in Individuals Treated With Immune Checkpoint Inhibition for Cancer.
PMC6938631,Genome Med,2019,cc by,ok,1,1,0,0,0,dataset_medium,numeric,Recommendations for application of the functional evidence PS3/BS3 criterion using the ACMG/AMP sequence variant interpretation framework.
PMC6938343,PLoS One,2019,cc0,ok,5,3,0,0,1,dataset_large,mixed,A phenome-wide association study (PheWAS) in the Population Architecture using Genomics and Epidemiology (PAGE) study reveals potential pleiotropy in African Americans.
PMC6936127,Mol Autism,2019,cc by,ok,7,4,1,0,2,dataset_large,mixed;numeric;omics,Cellular and molecular characterization of multiplex autism in human induced pluripotent stem cell-derived neurons.
PMC6937947,J Biomed Semantics,2019,cc by,ok,2,1,0,0,1,dataset_medium,omics,OHMI: the ontology of host-microbiome interactions.
PMC6936152,BMC Med Genomics,2019,cc by,ok,2,2,0,0,0,dataset_large,mixed,Directional association test reveals high-quality putative cancer driver biomarkers including noncoding RNAs.
PMC6937293,Sci Rep,2019,cc by,ok,3,0,0,0,1,no_tabular_data,,"Duplication and parallel evolution of the pancreatic ribonuclease gene (RNASE1) in folivorous non-colobine primates, the howler monkeys (Alouatta spp.)."
PMC6934504,Sci Rep,2019,cc by,ok,3,1,0,0,1,dataset_medium,numeric,Proteomic analyses of decellularized porcine ovaries identified new matrisome proteins and spatial differences across and within ovarian compartments.
PMC6934382,Elife,2019,cc0,ok,8,3,4,0,1,dataset_medium,numeric,The &lt;i&gt;Ormdl&lt;/i&gt; genes regulate the sphingolipid synthesis pathway to ensure proper myelination and neurologic function in mice.
PMC6928252,Sci Rep,2019,cc by,ok,3,1,0,0,1,dataset_medium,numeric,Robust latent-variable interpretation of in vivo regression models by nested resampling.
PMC6922346,PLoS One,2019,cc by,ok,2,0,2,0,0,small_table,,Nexrutine and exercise similarly prevent high grade prostate tumors in transgenic mouse model.
PMC6925188,Nat Commun,2019,cc by,ok,4,2,0,0,2,dataset_medium,omics,PBRM1 acts as a p53 lysine-acetylation reader to suppress renal tumor growth.
PMC6915778,Sci Rep,2019,cc by,ok,2,0,2,0,0,small_table,,Postmenopause as a key factor in the composition of the Endometrial Cancer Microbiome (ECbiome).
PMC6925259,Nat Commun,2019,cc by,ok,10,3,2,0,4,dataset_large,numeric;omics,Forty-five patient-derived xenografts capture the clinical and biological heterogeneity of Wilms tumor.
PMC6925302,Nat Commun,2019,cc by,ok,12,6,1,0,4,dataset_large,mixed;numeric,Agreement between two large pan-cancer CRISPR-Cas9 gene dependency data sets.
PMC6915781,Nat Commun,2019,cc by,ok,7,3,0,0,4,dataset_large,omics,Classification of mouse B cell types using surfaceome proteotype maps.
PMC6918633,Breast Cancer Res,2019,cc by,ok,3,2,1,0,0,dataset_medium,mixed;numeric,Prediction and clinical utility of a contralateral breast cancer risk model.
PMC6936874,PLoS Genet,2019,cc by,ok,8,2,4,0,2,dataset_medium,numeric,"Drosophila RpS12 controls translation, growth, and cell competition through Xrp1."
PMC6908580,Nat Commun,2019,cc by,ok,11,6,0,0,4,dataset_large,mixed;numeric;omics,Pan-cancer molecular subtypes revealed by mass-spectrometry-based proteomic characterization of more than 500 human cancers.
PMC6911043,Nat Commun,2019,cc by,ok,10,3,2,0,4,dataset_large,clinical;numeric;omics,Functional significance of U2AF1 S34F mutations in lung adenocarcinomas.
PMC6907819,PLoS One,2019,cc by,ok,6,1,0,0,5,dataset_medium,mixed,Long-term tracking demonstrates effectiveness of a partnership-led training program to advance the careers of biomedical researchers from underrepresented groups.
PMC6910926,Nat Commun,2019,cc by,too_large,0,0,0,0,0,no_supp_retrieved,,Molecular determinants of nephron vascular specialization in the kidney.
PMC6908726,Nat Commun,2019,cc by,ok,4,1,0,0,3,dataset_medium,numeric,A truncating mutation in the autophagy gene UVRAG drives inflammation and tumorigenesis in mice.
PMC6915936,Front Immunol,2019,cc by,ok,4,3,0,0,1,dataset_large,mixed;omics,Co-expression Networks Identify DHX15 RNA Helicase as a B Cell Regulatory Factor.
PMC6914856,Front Neurol,2019,cc by,ok,1,1,0,0,0,dataset_medium,numeric,Amide Proton Transfer Weighted Imaging Shows Differences in Multiple Sclerosis Lesions and White Matter Hyperintensities of Presumed Vascular Origin.
PMC6904616,Cell Death Discov,2019,cc by,ok,2,2,0,0,0,dataset_medium,omics,"A cysteine near the C-terminus of UCH-L1 is dispensable for catalytic activity but is required to promote AKT phosphorylation, eIF4F assembly, and malignant B-cell survival."
PMC6904449,Nat Commun,2019,cc by,too_large,0,0,0,0,0,no_supp_retrieved,,The epigenomic landscape of transposable elements across normal human development and anatomy.
PMC6910689,PLoS One,2019,cc by,ok,2,2,0,0,0,dataset_large,mixed;omics,MicroRNA-710 regulates multiple pathways of carcinogenesis in murine metastatic breast cancer.
PMC6911014,Nat Commun,2019,cc by,ok,10,3,3,0,2,dataset_large,mixed;numeric,BEN-solo factors partition active chromatin to ensure proper gene activation in Drosophila.
PMC6901551,Sci Data,2019,cc by,ok,1,1,0,0,0,dataset_large,mixed,Blood proteome profiling using aptamer-based technology for rejection biomarker discovery in transplantation.
PMC6906427,Nat Commun,2019,cc by,ok,4,1,0,0,3,dataset_medium,mixed,Mutant p53 drives clonal hematopoiesis through modulating epigenetic pathway.
PMC6901558,Sci Rep,2019,cc by,ok,4,2,1,0,1,dataset_large,omics,Bone secreted factors induce cellular quiescence in prostate cancer cells.
PMC6901540,Nat Commun,2019,cc by,ok,10,2,4,0,3,dataset_large,omics,ASCL1 is a MYCN- and LMO1-dependent member of the adrenergic neuroblastoma core regulatory circuitry.
PMC6893017,Nat Commun,2019,cc by,ok,6,1,0,0,4,dataset_medium,mixed,Gut uropathogen abundance is a risk factor for development of bacteriuria and urinary tract infection.
PMC6896723,BMC Cancer,2019,cc by,ok,11,1,4,0,6,dataset_large,omics,The impact of RNA extraction method on accurate RNA sequencing from formalin-fixed paraffin-embedded tissues.
PMC6895221,Nat Commun,2019,cc by,ok,7,4,0,0,3,dataset_large,mixed,Syngeneic animal models of tobacco-associated oral cancer reveal the activity of in situ anti-CTLA-4.
PMC6892628,Sci Adv,2019,cc by-nc,ok,4,1,1,0,1,dataset_medium,mixed,Single-cell connectomic analysis of adult mammalian lungs.
PMC6898321,Nat Commun,2019,cc by,ok,4,1,0,0,3,dataset_medium,numeric,Engineered E. coli Nissle 1917 for the delivery of matrix-tethered therapeutic domains to the gut.
PMC6898719,Blood Cancer J,2019,cc by,ok,2,1,0,0,1,dataset_large,numeric,Features of non-activation dendritic state and immune deficiency in blastic plasmacytoid dendritic cell neoplasm (BPDCN).
PMC6901116,Nat Cell Biol,2019,,ok,1,0,0,0,1,no_tabular_data,,TBKBP1 and TBK1 form a growth factor signalling axis mediating immunosuppression and tumourigenesis.
PMC6890461,Elife,2019,cc by,ok,8,0,6,0,1,small_table,,Chronic muscle weakness and mitochondrial dysfunction in the absence of sustained atrophy in a preclinical sepsis model.
PMC6895201,Nat Commun,2019,cc by,ok,3,0,1,0,2,small_table,,LRRK2 kinase activity regulates lysosomal glucocerebrosidase in neurons derived from Parkinson's disease patients.
PMC6889196,BMC Bioinformatics,2019,cc by,ok,2,0,1,0,1,small_table,,A probabilistic method for leveraging functional annotations to enhance estimation of the temporal order of pathway mutations during carcinogenesis.
PMC6901336,Oncotarget,2019,cc by,ok,2,1,0,0,1,dataset_medium,mixed,A mouse model of prostate cancer bone metastasis in a syngeneic immunocompetent host.
PMC6898788,Nat Med,2019,cc by,ok,4,3,0,0,1,dataset_large,numeric;omics,Integrative molecular and clinical modeling of clinical outcomes to PD1 blockade in patients with metastatic melanoma.
PMC6884501,Nat Commun,2019,cc by,ok,3,1,1,0,1,dataset_large,mixed,Genomic and immune profiling of pre-invasive lung adenocarcinoma.
PMC6904821,Am J Hum Genet,2019,cc by,ok,3,1,0,0,0,dataset_medium,mixed,Validation Studies for Single Circulating Trophoblast Genetic Testing as a Form of Noninvasive Prenatal Diagnosis.
PMC6882801,Sci Rep,2019,cc by,ok,2,2,0,0,0,dataset_large,numeric;omics,A stroma-corrected ZEB1 transcriptional signature is inversely associated with antitumor immune activity in breast cancer.
PMC6887557,Nat Genet,2019,,ok,2,1,0,0,1,dataset_large,clinical,Lack of detectable neoantigen depletion signals in the untreated cancer genome.
PMC6879755,Nat Commun,2019,cc by,ok,4,0,0,0,3,no_tabular_data,,Both fallopian tube and ovarian surface epithelium are cells-of-origin for high-grade serous ovarian carcinoma.
PMC6879617,Nat Commun,2019,cc by,ok,5,2,1,0,2,dataset_large,numeric;omics,Invariant patterns of clonal succession determine specific clinical features of myelodysplastic syndromes.
PMC6409485,Stem Cell Reports,2019,cc by-nc-nd,ok,4,2,0,0,2,dataset_large,numeric,Lymphoid-Biased Hematopoietic Stem Cells Are Maintained with Age and Efficiently Generate Lymphoid Progeny.
PMC6882784,Nat Commun,2019,cc by,ok,14,3,6,0,3,dataset_large,numeric;omics,Characterization of genetic subclonal evolution in pancreatic cancer mouse models.
PMC6877618,Nat Commun,2019,cc by,ok,2,0,1,0,1,small_table,,The long non-coding RNA HOXB-AS3 regulates ribosomal RNA transcription in NPM1-mutated acute myeloid leukemia.
PMC6877647,Nat Commun,2019,cc by,ok,6,0,1,0,4,small_table,,m<sup>6</sup>A in mRNA coding regions promotes translation via the RNA helicase-containing YTHDC2.
PMC6876842,PLoS One,2019,cc by,ok,4,0,3,0,1,small_table,,Statistical determination of synergy based on Bliss definition of drugs independence.
PMC6883696,Genome Biol,2019,cc by,ok,5,2,0,0,3,dataset_medium,mixed;numeric,RegSNPs-intron: a computational framework for predicting pathogenic impact of intronic single nucleotide variants.
PMC6872175,PLoS One,2019,cc by,ok,12,2,0,0,0,dataset_large,numeric;omics,Quantum dots reveal heterogeneous membrane diffusivity and dynamic surface density polarization of dopamine transporter.
PMC6867639,PLoS One,2019,cc by,ok,2,0,0,0,1,tables_only,,Improved chemotherapy modeling with RAG-based immune deficient mice.
PMC6868717,Environ Health,2019,cc by,ok,10,4,1,5,0,dataset_large,mixed;numeric;omics,Transcriptome-wide analysis of changes in the fetal placenta associated with prenatal arsenic exposure in the New Hampshire Birth Cohort Study.
PMC6872716,Nat Commun,2019,cc by,ok,3,1,0,0,2,dataset_large,numeric,The genome of a subterrestrial nematode reveals adaptations to heat.
PMC6867606,PLoS One,2019,cc by,ok,2,2,0,0,0,dataset_medium,mixed;numeric,Race disparity in blood sphingolipidomics associated with lupus cardiovascular comorbidity.
PMC6876574,Nat Commun,2019,cc by,ok,4,1,0,0,3,dataset_large,numeric,MutL sliding clamps coordinate exonuclease-independent Escherichia coli mismatch repair.
PMC6863918,Nat Commun,2019,cc by,ok,4,1,0,0,3,dataset_large,numeric,HPV infection and the genital cytokine milieu in women at high risk of HIV acquisition.
PMC6942044,Genes Dev,2019,cc by-nc,ok,3,1,0,0,1,dataset_large,omics,Systematic bromodomain protein screens identify homologous recombination and R-loop suppression pathways involved in genome integrity.
PMC7307327,Nat Cell Biol,2019,,ok,1,0,0,0,0,no_tabular_data,,Translational reprogramming marks adaptation to asparagine restriction in cancer.
PMC6860998,PLoS One,2019,cc0,ok,2,1,0,0,1,dataset_medium,numeric,"Reproducibility, stability, and accuracy of microbial profiles by fecal sample collection method in three distinct populations."
PMC6957221,Sci Adv,2019,cc by-nc,ok,4,1,0,0,1,dataset_large,numeric,How to detect high-performing individuals and groups: Decision similarity predicts accuracy.
PMC6897368,Nature,2019,,ok,1,0,0,0,1,no_tabular_data,,Longitudinal molecular trajectories of diffuse glioma in adults.
PMC6877598,Front Immunol,2019,cc by,ok,3,1,1,0,1,dataset_medium,numeric,Defining the Signature of VISTA on Myeloid Cell Chemokine Responsiveness.
PMC6872517,Front Oncol,2019,cc by,ok,1,1,0,0,0,dataset_large,omics,Oncoviruses Can Drive Cancer by Rewiring Signaling Pathways Through Interface Mimicry.
PMC6858705,Exp Hematol Oncol,2019,cc by,ok,2,1,0,0,1,dataset_medium,numeric,A high-throughput screening identifies histone deacetylase inhibitors as therapeutic agents against medulloblastoma.
PMC6862751,BMC Biol,2019,cc by,ok,8,0,1,0,7,small_table,,Concurrent genome and epigenome editing by CRISPR-mediated sequence replacement.
PMC6855449,PLoS One,2019,cc by,ok,2,1,1,0,0,dataset_medium,omics,Importance of thorough tissue and cellular level characterization of targeted drugs in the evaluation of pharmacodynamic effects.
PMC6856062,Sci Rep,2019,cc by,ok,5,1,0,0,2,dataset_medium,numeric,A miRNA signature in endothelial cell-derived extracellular vesicles in tumor-bearing mice.
PMC6853982,Nat Commun,2019,cc by,ok,7,1,0,0,4,dataset_medium,omics,Plant AtEH/Pan1 proteins drive autophagosome formation at ER-PM contact sites with actin and endocytic machinery.
PMC6856763,Life Sci Alliance,2019,cc by,ok,7,0,5,0,1,small_table,,In vitro education of human natural killer cells by KIR3DL1.
PMC6852955,Epigenetics Chromatin,2019,cc by,ok,7,3,1,0,1,dataset_large,mixed;omics,Chromatin accessibility and transcription dynamics during in vitro astrocyte differentiation of Huntington's Disease Monkey pluripotent stem cells.
PMC6844481,PLoS One,2019,cc0,ok,2,1,1,0,0,dataset_medium,numeric,Post-treatment Lyme disease symptoms score: Developing a new tool for research.
PMC6839083,Breast Cancer Res,2019,cc by,ok,6,1,2,0,3,dataset_medium,mixed,Phase I clinical trial of the combination of eribulin and everolimus in patients with metastatic triple-negative breast cancer.
PMC6850552,PLoS One,2019,cc by,ok,1,0,1,0,0,small_table,,Identification of a novel monocytic phenotype in Classic Hodgkin Lymphoma tumor microenvironment.
PMC6844554,PLoS One,2019,cc by,ok,1,1,0,0,0,dataset_large,numeric,Tributyltin chloride (TBT) induces RXRA down-regulation and lipid accumulation in human liver cells.
PMC6848142,Nat Commun,2019,cc by,ok,16,7,3,0,3,dataset_large,clinical;mixed;numeric;omics,KRAS regulation by small non-coding RNAs and SNARE proteins.
PMC6834597,Nat Commun,2019,cc by,ok,3,1,1,0,1,dataset_large,numeric,Optical molecular imaging can differentiate metastatic from benign lymph nodes in head and neck cancer.
PMC6831695,Commun Biol,2019,cc by,ok,9,4,1,0,4,dataset_medium,numeric,Single-cell RNA-sequencing analysis of estrogen- and endocrine-disrupting chemical-induced reorganization of mouse mammary gland.
PMC6828673,Nat Commun,2019,cc by,ok,5,1,0,0,2,dataset_medium,numeric,A novel mouse model demonstrates that oncogenic melanocyte stem cells engender melanoma resembling human disease.
PMC6829851,BMC Genomics,2019,cc by,ok,3,1,1,0,1,dataset_medium,numeric,Cox regression increases power to detect genotype-phenotype associations in genomic studies using the electronic health record.
PMC6927689,Elife,2019,cc by,ok,7,1,3,0,3,dataset_medium,omics,Site-specific phosphorylation and caspase cleavage of GFAP are new markers of Alexander disease severity.
PMC6889369,iScience,2019,cc by,ok,8,6,1,0,1,dataset_large,mixed;numeric;omics,A Network of microRNAs Acts to Promote Cell Cycle Exit and Differentiation of Human Pancreatic Endocrine Cells.
PMC6823371,Nat Commun,2019,cc by,ok,26,22,1,0,3,dataset_medium,mixed;numeric,Associations of autozygosity with a broad range of human phenotypes.
PMC7060040,Elife,2019,cc by,ok,9,3,3,0,1,dataset_large,numeric,"High-throughput, single-particle tracking reveals nested membrane domains that dictate KRas<sup>G12D</sup> diffusion and trafficking."
PMC6822426,BMC Cancer,2019,cc by,ok,9,0,5,0,2,small_table,,Tumor cell sensitivity to vemurafenib can be predicted from protein expression in a BRAF-V600E basket trial setting.
PMC6822743,PLoS One,2019,cc0,ok,2,1,0,0,1,dataset_large,numeric,Endothelial nitric oxide synthase limits host immunity to control disseminated Candida albicans infections in mice.
PMC6814777,Nat Commun,2019,cc by,ok,8,0,2,0,4,small_table,,Structural variants exhibit widespread allelic heterogeneity and shape variation in complex traits.
PMC6864272,Nat Chem Biol,2019,,ok,1,0,0,0,1,no_tabular_data,,Uncoupling of PARP1 trapping and inhibition using selective PARP1 degradation.
PMC6837541,PLoS Comput Biol,2019,cc by,ok,2,1,0,0,1,dataset_large,omics,SCMarker: Ab initio marker selection for single cell transcriptome profiling.
PMC6813337,Nat Commun,2019,cc by,ok,10,4,3,0,3,dataset_large,mixed;numeric,Genome-wide association and epidemiological analyses reveal common genetic origins between uterine leiomyomata and endometriosis.
PMC6917497,Elife,2019,cc0,ok,9,4,3,0,1,dataset_medium,numeric;omics,Predictors of SIV recrudescence following antiretroviral treatment interruption.
PMC6880885,Mol Biol Cell,2019,cc by-nc-sa,ok,2,1,0,0,1,dataset_large,numeric,A mechanism for how Cdr1/Nim1 kinase promotes mitotic entry by inhibiting Wee1.
PMC6843001,Front Oncol,2019,cc by,ok,2,1,1,0,0,dataset_medium,omics,Tissues Harvested Using an Automated Surgical Approach Confirm Molecular Heterogeneity of Glioblastoma and Enhance Specimen's Translational Research Value.
PMC6806565,J Immunother Cancer,2019,cc by,ok,3,1,1,0,1,dataset_medium,mixed,Immunoglobulin somatic hypermutation has clinical impact in DLBCL and potential implications for immune checkpoint blockade and neoantigen-based immunotherapies.
PMC6908434,Elife,2019,cc by,ok,3,1,0,0,1,dataset_large,mixed,Improving drug discovery using image-based multiparametric analysis of the epigenetic landscape.
PMC6858572,Nature,2019,,ok,1,0,0,0,1,no_tabular_data,,MHC-II neoantigens shape tumour immunity and response to immunotherapy.
PMC6817453,Oncotarget,2019,cc by,ok,5,1,2,0,1,dataset_medium,numeric,"Extramammary Paget disease shows differential expression of B7 family members B7-H3, B7-H4, PD-L1, PD-L2 and cancer/testis antigens NY-ESO-1 and MAGE-A."
PMC6872614,J Vet Intern Med,2019,cc by-nc,ok,1,1,0,0,0,dataset_medium,numeric,MicroRNA expression in the cerebrospinal fluid of dogs with and without cervical spondylomyelopathy.
PMC6805891,Nat Commun,2019,cc by,ok,5,1,0,0,4,dataset_medium,mixed,Interval breast cancer is associated with other types of tumors.
PMC6803661,Nat Commun,2019,cc by,ok,17,11,2,0,4,dataset_large,mixed;numeric,A comprehensive study of metabolite genetics reveals strong pleiotropy and heterogeneity across time and context.
PMC6806529,Cancer Metab,2019,cc by,ok,12,3,1,1,0,dataset_large,omics,A yeast phenomic model for the influence of Warburg metabolism on genetic buffering of doxorubicin.
PMC6798422,J Immunother Cancer,2019,cc by,ok,8,5,1,1,1,dataset_large,mixed;numeric,Metastatic breast cancers have reduced immune cell recruitment but harbor increased macrophages relative to their matched primary tumors.
PMC6800454,Nat Commun,2019,cc by,ok,8,1,0,0,4,dataset_medium,numeric,DNA mechanotechnology reveals that integrin receptors apply pN forces in podosomes on fluid substrates.
PMC6857048,Theranostics,2019,cc by,ok,3,2,0,0,1,dataset_medium,mixed,miR-302a Inhibits Metastasis and Cetuximab Resistance in Colorectal Cancer by Targeting NFIB and CD44.
PMC6813196,Front Oncol,2019,cc by,ok,1,0,1,0,0,small_table,,Mandatory Research Biopsy Requirements Delay Initiation of Clinical Trials.
PMC6802180,Nat Commun,2019,cc by,ok,4,0,1,0,3,small_table,,B-1a cells acquire their unique characteristics by bypassing the pre-BCR selection stage.
PMC6800452,Nat Commun,2019,cc by,ok,5,1,0,0,3,dataset_large,omics,Trisomy 21 activates the kynurenine pathway via increased dosage of interferon receptors.
PMC6811503,Front Cell Infect Microbiol,2019,cc by,ok,1,1,0,0,0,dataset_medium,mixed,Pbp1-Interacting Protein Mkt1 Regulates Virulence and Sexual Reproduction in &lt;i&gt;Cryptococcus neoformans&lt;/i&gt;.
PMC6803327,Infect Immun,2019,cc by,ok,7,4,2,0,1,dataset_large,mixed,Proximity Labeling To Map Host-Pathogen Interactions at the Membrane of a Bacterium-Containing Vacuole in Chlamydia trachomatis-Infected Human Cells.
PMC6803762,Sci Rep,2019,cc by,ok,2,1,0,0,1,dataset_large,numeric,Differentially Methylated Super-Enhancers Regulate Target Gene Expression in Human Cancer.
PMC6802083,Sci Rep,2019,cc by,ok,4,3,0,0,1,dataset_large,mixed;numeric,Transcriptome Network Analysis Identifies CXCL13-CXCR5 Signaling Modules in the Prostate Tumor Immune Microenvironment.
PMC6795811,Nat Commun,2019,cc by,ok,5,2,0,0,3,dataset_large,numeric,Nanosecond photochemically promoted click chemistry for enhanced neuropeptide visualization and rapid protein labeling.
PMC6797208,PLoS One,2019,cc by,ok,5,1,2,1,1,dataset_medium,numeric,Extracellular vesicles in human semen modulate antigen-presenting cell function and decrease downstream antiviral T cell responses.
PMC6795910,Nat Commun,2019,cc by,too_large,0,0,0,0,0,no_supp_retrieved,,IL-36 promotes anti-viral immunity by boosting sensitivity to IFN-α/β in IRF1 dependent and independent manners.
PMC6802116,Nat Commun,2019,cc by,ok,7,3,0,0,4,dataset_medium,mixed;numeric;omics,De novo compartment deconvolution and weight estimation of tumor samples using DECODER.
PMC6798488,Breast Cancer Res,2019,cc by,ok,4,1,1,0,2,dataset_medium,mixed,Quantitative nuclear histomorphometric features are predictive of Oncotype DX risk categories in ductal carcinoma in situ: preliminary findings.
PMC6794326,Nat Commun,2019,cc by,ok,5,1,0,0,3,dataset_medium,numeric,The TLR7/8 agonist R848 remodels tumor and host responses to promote survival in pancreatic cancer.
PMC6792267,Genome Biol,2019,cc by,too_large,0,0,0,0,0,no_supp_retrieved,,Global impact of somatic structural variation on the DNA methylome of human cancers.
PMC6796247,Front Genet,2019,cc by,ok,2,0,1,0,1,small_table,,Perinatal Bisphenol A Exposure and Reprogramming of Imprinted Gene Expression in the Adult Mouse Brain.
PMC6785875,Genome Med,2019,cc by,ok,2,1,0,0,1,dataset_large,numeric,Relating the gut metagenome and metatranscriptome to immunotherapy responses in melanoma patients.
PMC6887583,Mol Oncol,2019,cc by,ok,2,1,0,0,1,dataset_medium,numeric,Factors that influence the androgen receptor cistrome in benign and malignant prostate cells.
PMC6785247,Sci Adv,2019,cc by-nc,ok,4,1,0,0,1,dataset_medium,mixed,MIBI-TOF: A multiplexed imaging platform relates cellular phenotypes and tissue structure.
PMC6787251,Nat Commun,2019,cc by,ok,3,0,1,0,2,small_table,,Oligomeric state of the ZIKV E protein defines protective immune responses.
PMC6785564,Nat Commun,2019,cc by,too_large,0,0,0,0,0,no_supp_retrieved,,Anatomy and function of the vertebral column lymphatic network in mice.
PMC6785123,PLoS One,2019,cc by,ok,9,4,3,0,1,dataset_medium,numeric,Illuminating biological pathways for drug targeting in head and neck squamous cell carcinoma.
PMC8164381,Environ Res,2019,cc by-nc-nd,ok,1,0,0,0,0,no_tabular_data,,Toenails as biomarker of exposure to essential trace metals: A review.
PMC6787028,Nat Commun,2019,cc by,ok,12,7,0,0,3,dataset_large,mixed;numeric;omics,N<sup>6</sup>-methyladenosine mRNA marking promotes selective translation of regulons required for human erythropoiesis.
PMC6786765,PLoS One,2019,cc0,ok,1,0,1,0,0,small_table,,Mechanical effects of MitraClip on leaflet stress and myocardial strain in functional mitral regurgitation - A finite element modeling study.
PMC6779888,Nat Commun,2019,cc by,ok,4,1,1,0,2,dataset_medium,numeric,Rapid selection and identification of functional CD8<sup>+</sup> T cell epitopes from large peptide-coding libraries.
PMC6787034,Sci Rep,2019,cc by,ok,6,5,0,0,1,dataset_large,numeric;omics,Keratin 19 regulates cell cycle pathway and sensitivity of breast cancer cells to CDK inhibitors.
PMC7318784,Nat Med,2019,,ok,1,0,0,0,0,no_tabular_data,,Single-cell immune landscape of human atherosclerotic plaques.
PMC6779901,Sci Rep,2019,cc by,ok,2,1,0,0,1,dataset_medium,numeric,Identification of somatic alterations in lipoma using whole exome sequencing.
PMC6778080,Nat Commun,2019,cc by,ok,4,1,0,0,3,dataset_medium,numeric,Interleukin 22 disrupts pancreatic function in newborn mice expressing IL-23.
PMC6775327,Sci Rep,2019,cc by,ok,6,5,0,0,1,dataset_large,mixed;numeric;omics,Binding to medium and long chain fatty acyls is a common property of HEAT and ARM repeat modules.
PMC6786656,PLoS Comput Biol,2019,cc by,ok,8,0,1,3,2,small_table,,Telescope: Characterization of the retrotranscriptome by accurate estimation of transposable element expression.
PMC6773736,Sci Rep,2019,cc by,ok,2,1,0,0,1,dataset_medium,numeric,Paradoxical epigenetic regulation of XAF1 mediates plasticity towards adaptive resistance evolution in MGMT-methylated glioblastoma.
PMC6802951,Elife,2019,cc by,ok,16,2,4,0,1,dataset_medium,numeric,<i>C. elegans</i> neurons have functional dendritic spines.
PMC6772013,PLoS Biol,2019,cc by,ok,9,3,1,4,1,dataset_medium,mixed;numeric,Combinatorial mutagenesis of rapidly evolving residues yields super-restrictor antiviral proteins.
PMC6817661,Data Brief,2019,cc by,ok,1,1,0,0,0,dataset_large,mixed,Dataset of <i>Nematostella vectensis</i> Hsp70 isoform interactomes upon heat shock.
PMC7331093,Cell,2019,cc by,ok,1,0,0,0,0,no_tabular_data,,Integrated Proteogenomic Characterization of Clear Cell Renal Cell Carcinoma.
PMC6769255,Life Sci Alliance,2019,cc by,ok,7,1,4,0,0,dataset_medium,mixed,Sufficiency analysis of estrogen responsive enhancers using synthetic activators.
PMC6768457,PLoS Biol,2019,cc by,ok,2,1,0,0,1,dataset_medium,numeric,Calreticulin is a Critical Cell Survival Factor in Malignant Neoplasms.
PMC6764946,Nat Commun,2019,cc by,ok,3,0,0,0,2,no_tabular_data,,Non-enzymatic roles of human RAD51 at stalled replication forks.
PMC6761092,Nat Commun,2019,cc by,ok,26,17,4,0,4,dataset_large,mixed;numeric;omics,High-fat diet fuels prostate cancer progression by rewiring the metabolome and amplifying the MYC program.
PMC6760899,PLoS One,2019,cc by,ok,9,0,4,0,1,small_table,,Survival of infants ≤24 months of age with brain tumors: A population-based study using the SEER database.
PMC6761178,Nat Commun,2019,cc by,ok,7,3,0,0,4,dataset_large,numeric,Metabolomic adaptations and correlates of survival to immune checkpoint blockade.
PMC6936960,Nat Cell Biol,2019,,ok,1,0,0,0,0,no_tabular_data,,ER-lysosome contacts enable cholesterol sensing by mTORC1 and drive aberrant growth signalling in Niemann-Pick type C.
PMC6830056,Stem Cell Reports,2019,cc by-nc-nd,ok,6,4,0,0,2,dataset_medium,mixed,H3K18ac Primes Mesendodermal Differentiation upon Nodal Signaling.
PMC6836731,Genome Res,2019,cc by,ok,11,2,4,0,4,dataset_medium,numeric,Quantitative mitochondrial DNA copy number determination using droplet digital PCR with single-cell resolution.
PMC6760803,PLoS One,2019,cc by,ok,2,1,0,0,1,dataset_medium,numeric,CRISPR/Cas9-based editing of a sensitive transcriptional regulatory element to achieve cell type-specific knockdown of the NEMO scaffold protein.
PMC6754513,Nat Commun,2019,cc by,ok,4,1,0,0,3,dataset_medium,numeric,Enhanced CRISPR-based DNA demethylation by Casilio-ME-mediated RNA-guided coupling of methylcytosine oxidation and DNA repair pathways.
PMC6752873,PLoS One,2019,cc by,ok,5,1,1,0,3,dataset_medium,numeric,Radiomics features of the primary tumor fail to improve prediction of overall survival in large cohorts of CT- and PET-imaged head and neck cancer patients.
PMC6757060,NPJ Breast Cancer,2019,cc by,ok,4,2,0,0,2,dataset_medium,omics,PIK3CA and MAP3K1 alterations imply luminal A status and are associated with clinical benefit from pan-PI3K inhibitor buparlisib and letrozole in ER+ metastatic breast cancer.
PMC6754166,PLoS One,2019,cc by,too_large,0,0,0,0,0,no_supp_retrieved,,Potential survival benefits from optimized chemotherapy implementation in advanced ovarian cancer: Projections from a microsimulation model.
PMC6791687,Elife,2019,cc by,ok,4,2,0,0,2,dataset_large,mixed;numeric,Proximity labeling of protein complexes and cell-type-specific organellar proteomes in <i>Arabidopsis</i> enabled by TurboID.
PMC6751209,Nat Commun,2019,cc by,ok,4,0,0,0,3,no_tabular_data,,A mitotic CDK5-PP4 phospho-signaling cascade primes 53BP1 for DNA repair in G1.
PMC6750916,Sci Adv,2019,cc by-nc,ok,4,2,0,0,1,dataset_large,mixed;numeric,BAP1 regulates epigenetic switch from pluripotency to differentiation in developmental lineages giving rise to BAP1-mutant cancers.
PMC6751206,Cell Death Dis,2019,cc by,ok,7,1,0,0,6,dataset_large,omics,Epigenetic re-wiring of breast cancer by pharmacological targeting of C-terminal binding protein.
PMC6750603,PLoS One,2019,cc by,ok,3,3,0,0,0,dataset_medium,clinical;omics,Comparison of molecular profile in triple-negative inflammatory and non-inflammatory breast cancer not of mesenchymal stem-like subtype.
PMC6749095,Life Sci Alliance,2019,cc by,ok,9,0,3,0,1,small_table,,The huntingtin inclusion is a dynamic phase-separated compartment.
PMC6756191,Front Oncol,2019,cc by,ok,2,1,1,0,0,dataset_medium,numeric,HPV DNA Associates With Breast Cancer Malignancy and It Is Transferred to Breast Cancer Stromal Cells by Extracellular Vesicles.
PMC6759994,Front Microbiol,2019,cc by,ok,2,1,0,0,1,dataset_medium,numeric,Examining the Protein Interactome and Subcellular Localization of RNase J2 Complexes in <i>Streptococcus mutans</i>.
PMC6750649,PLoS One,2019,cc by,ok,4,1,0,0,2,dataset_medium,mixed,Patient factors affecting successful linkage to treatment in a cervical cancer prevention program in Kenya: A prospective cohort study.
PMC6748914,Nat Commun,2019,cc by,ok,9,0,0,0,4,no_tabular_data,,Replication stress induces mitotic death through parallel pathways regulated by WAPL and telomere deprotection.
PMC6778204,Proc Natl Acad Sci U S A,2019,cc by-nc-nd,ok,2,1,0,0,1,dataset_large,omics,Conversion of Sox2-dependent Merkel cell carcinoma to a differentiated neuron-like phenotype by T antigen inhibition.
PMC6769295,Open Biol,2019,cc by,ok,7,2,2,0,2,dataset_large,numeric;omics,A consensus set of genetic vulnerabilities to ATR inhibition.
PMC6742368,PLoS One,2019,cc by,ok,2,1,0,0,1,dataset_large,numeric,PRC2 activates interferon-stimulated genes indirectly by repressing miRNAs in glioblastoma.
PMC6741444,Nat Med,2019,,ok,1,0,0,0,0,no_tabular_data,,Liquid versus tissue biopsy for detecting acquired resistance and tumor heterogeneity in gastrointestinal cancers.
PMC6765259,Proc Natl Acad Sci U S A,2019,cc by-nc-nd,ok,16,14,0,0,1,dataset_large,mixed;numeric;omics,Spatial transcriptome profiling by MERFISH reveals subcellular RNA compartmentalization and cell cycle-dependent gene expression.
PMC6730869,PLoS One,2019,cc by,ok,6,2,3,0,1,dataset_medium,numeric,Socioeconomic patterns of smoking cessation behavior in low and middle-income countries: Emerging evidence from the Global Adult Tobacco Surveys and International Tobacco Control Surveys.
PMC6736233,PLoS Pathog,2019,cc by,ok,6,1,3,0,0,dataset_medium,mixed,The phage gene wmk is a candidate for male killing by a bacterial endosymbiont.
PMC6829598,J Exp Med,2019,cc by-nc-sa,ok,7,4,1,0,1,dataset_large,numeric;omics,Tumors with TSC mutations are sensitive to CDK7 inhibition through NRF2 and glutathione depletion.
PMC6731604,Clin Proteomics,2019,cc by,ok,1,1,0,0,0,dataset_large,mixed,<i>N</i>-GlycositeAtlas: a database resource for mass spectrometry-based human N-linked glycoprotein and glycosylation site mapping.
PMC6731291,Nat Commun,2019,cc by,ok,6,0,1,0,4,small_table,,CRISPR-Cas9-based mutagenesis frequently provokes on-target mRNA misregulation.
PMC6728380,Nat Commun,2019,cc by,ok,4,1,0,0,3,dataset_large,omics,Patient-derived lung cancer organoids as in vitro cancer models for therapeutic screening.
PMC6731302,Nat Commun,2019,cc by,ok,12,6,2,0,4,dataset_large,omics,Functional disease architectures reveal unique biological role of transposable elements.
PMC6726654,Sci Rep,2019,cc by,ok,2,1,0,0,1,dataset_large,clinical,Interrogating Mutant Allele Expression via Customized Reference Genomes to Define Influential Cancer Mutations.
PMC6726446,Sci Adv,2019,cc by-nc,ok,3,1,0,0,1,dataset_medium,omics,Genomically informed small-molecule drugs overcome resistance to a sustained-release formulation of an engineered death receptor agonist in patient-derived tumor models.
PMC6728031,PLoS One,2019,cc by,ok,4,4,0,0,0,dataset_medium,numeric,Effects of alterations in positron emission tomography imaging parameters on radiomics features.
PMC6720097,Acta Neuropathol Commun,2019,cc by,ok,2,0,1,0,0,small_table,,Composition of the Intranuclear Inclusions of Fragile X-associated Tremor/Ataxia Syndrome.
PMC6811978,Data Brief,2019,cc by,ok,1,1,0,0,0,dataset_large,mixed,"Experimental data demonstrating the effects of silver nanoparticles on basement membrane gene and protein expression in cultured colon, mammary and bronchial epithelia."
PMC6731344,Nat Commun,2019,cc by,ok,4,1,0,0,3,dataset_large,numeric,SOX11 and SOX4 drive the reactivation of an embryonic gene program during murine wound repair.
PMC6730863,PLoS One,2019,cc0,ok,1,1,0,0,0,dataset_medium,numeric,Both diet and Helicobacter pylori infection contribute to atherosclerosis in pre- and postmenopausal cynomolgus monkeys.
PMC6718415,Nat Commun,2019,cc by,ok,16,11,1,0,4,dataset_large,numeric;omics,Heterogeneity of human bone marrow and blood natural killer cells defined by single-cell transcriptome.
PMC6746345,Cell Rep,2019,cc by-nc-nd,ok,1,0,0,0,0,no_tabular_data,,Wnd/DLK Is a Critical Target of FMRP Responsible for Neurodevelopmental and Behavior Defects in the Drosophila Model of Fragile X Syndrome.
PMC6718426,Nat Commun,2019,cc by,ok,11,7,0,0,4,dataset_large,clinical;mixed;numeric;omics,The molecular origin and taxonomy of mucinous ovarian carcinoma.
PMC6731210,Mol Genet Metab Rep,2019,cc by-nc-nd,ok,5,3,1,0,1,dataset_large,mixed;omics,The CRISPR-Cas9 crADSL HeLa transcriptome: A first step in establishing a model for ADSL deficiency and SAICAR accumulation.
PMC6878991,Cell Rep,2019,cc by-nc-nd,ok,1,0,0,0,0,no_tabular_data,,Functional Analysis of the Replication Fork Proteome Identifies BET Proteins as PCNA Regulators.
PMC6770274,Precis Clin Med,2019,cc by,ok,2,1,0,0,1,dataset_medium,mixed,The size of cell-free mitochondrial DNA in blood is inversely correlated with tumor burden in cancer patients.
PMC6742418,PLoS Genet,2019,cc by,ok,6,1,1,0,3,dataset_large,numeric,A region-based gene association study combined with a leave-one-out sensitivity analysis identifies SMG1 as a pancreatic cancer susceptibility gene.
PMC6721800,Elife,2019,cc by,ok,7,6,0,0,1,dataset_large,mixed;numeric;omics,FAK activity sustains intrinsic and acquired ovarian cancer resistance to platinum chemotherapy.
PMC6796592,EBioMedicine,2019,cc by-nc-nd,ok,2,1,0,0,1,dataset_large,omics,Spleen tyrosine kinase activity regulates epidermal growth factor receptor signaling pathway in ovarian cancer.
PMC6743796,PLoS Biol,2019,cc by,ok,18,0,1,0,2,small_table,,Inhibition of Notch signaling rescues cardiovascular development in Kabuki Syndrome.
PMC6718408,Nat Commun,2019,cc by,ok,10,5,1,0,4,dataset_large,mixed;numeric;omics,YAP1 subgroup supratentorial ependymoma requires TEAD and nuclear factor I-mediated transcriptional programmes for tumorigenesis.
PMC6717498,PeerJ,2019,cc by,ok,7,0,1,0,6,small_table,,HiLDA: a statistical approach to investigate differences in mutational signatures.
PMC6715156,PLoS Genet,2019,cc by,ok,6,4,1,0,1,dataset_medium,mixed;numeric;omics,Genetic determinants of gut microbiota composition and bile acid profiles in mice.
PMC6718258,Oncotarget,2019,cc by,ok,12,6,4,0,1,dataset_medium,omics,Development and analytical validation of a next-generation sequencing based microsatellite instability (MSI) assay.
PMC6744913,Proc Natl Acad Sci U S A,2019,cc by-nc-nd,ok,17,4,1,0,1,dataset_large,numeric;omics,Phenotypical microRNA screen reveals a noncanonical role of CDK2 in regulating neutrophil migration.
PMC6739637,iScience,2019,cc by-nc-nd,ok,3,2,0,0,1,dataset_large,numeric,Cyclin E Overexpression in Human Mammary Epithelial Cells Promotes Epithelial Cancer-Specific Copy Number Alterations.
PMC6709889,PLoS Comput Biol,2019,cc by,ok,5,1,1,0,3,dataset_medium,mixed,Cooperative adaptation to therapy (CAT) confers resistance in heterogeneous non-small cell lung cancer.
PMC6709553,Genome Biol,2019,cc by,ok,7,2,4,0,0,dataset_medium,mixed,Reproducibility of CRISPR-Cas9 methods for generation of conditional mouse alleles: a multi-center evaluation.
PMC6712625,Stem Cell Res Ther,2019,cc by,ok,4,1,2,0,1,dataset_medium,omics,Temporal and partial inhibition of GLI1 in neural stem cells (NSCs) results in the early maturation of NSC derived oligodendrocytes in vitro.
PMC6706443,Nat Commun,2019,cc by,ok,4,1,0,0,3,dataset_large,numeric,PPM1D mutations silence NAPRT gene expression and confer NAMPT inhibitor sensitivity in glioma.
PMC6711853,Biochem Biophys Rep,2019,cc by,ok,4,2,0,0,2,dataset_medium,omics,The primitive growth factor NME7<sub>AB</sub> induces mitochondrially active naïve-like pluripotent stem cells.
PMC6732669,Data Brief,2019,cc by-nc-nd,ok,2,1,0,0,0,dataset_medium,mixed,"A geospatial environmental concentrations database of Oklahoma, United States."
PMC6704120,Nat Commun,2019,cc by,ok,4,0,1,0,3,small_table,,Repeated semen exposure decreases cervicovaginal SIVmac251 infection in rhesus macaques.
PMC6701772,PLoS One,2019,cc0,ok,6,1,1,0,2,dataset_medium,numeric,Multi-group diagnostic classification of high-dimensional data using differential scanning calorimetry plasma thermograms.
PMC6704057,Nat Commun,2019,cc by,ok,7,2,2,0,3,dataset_medium,mixed,Wilm's tumor 1 promotes memory flexibility.
PMC6704063,Nat Commun,2019,cc by,ok,6,2,0,0,4,dataset_medium,numeric,Metabolic landscape of the tumor microenvironment at single cell resolution.
PMC6707220,Nat Commun,2019,cc by,ok,9,1,1,0,7,dataset_medium,omics,Genomic landscape and chronological reconstruction of driver events in multiple myeloma.
PMC6792479,Cancer Med,2019,cc by,ok,2,0,1,0,1,small_table,,Sam68 is required for the growth and survival of nonmelanoma skin cancer.
PMC6715254,PLoS Genet,2019,cc by,ok,8,0,0,1,0,tables_only,,"Mutations in ARL2BP, a protein required for ciliary microtubule structure, cause syndromic male infertility in humans and mice."
PMC6697733,Sci Rep,2019,cc by,ok,5,3,0,0,1,dataset_large,clinical;omics,A linear mixed model approach to gene expression-tumor aneuploidy association studies.
PMC6697747,Nat Commun,2019,cc by,ok,4,1,0,0,3,dataset_medium,numeric,N-glycosylation-defective splice variants of neuropilin-1 promote metastasis by activating endosomal signals.
PMC6702229,Nat Commun,2019,cc by,ok,23,15,3,0,4,dataset_large,mixed;numeric;omics,Integrative and comparative genomic analyses identify clinically relevant pulmonary carcinoid groups and unveil the supra-carcinoids.
PMC6700776,Acta Neuropathol Commun,2019,cc by,ok,3,1,0,0,1,dataset_large,numeric,Ischemic axonal injury up-regulates MARK4 in cortical neurons and primes tau phosphorylation and aggregation.
PMC6694562,Genome Biol,2019,cc by,ok,3,1,0,0,2,dataset_medium,numeric,An enhanced genetic model of colorectal cancer progression history.
PMC6697699,Nat Commun,2019,cc by,ok,9,5,0,0,4,dataset_large,mixed;numeric;omics,Deep multiomics profiling of brain tumors identifies signaling networks downstream of cancer driver genes.
PMC6700116,Nat Commun,2019,cc by,ok,12,5,1,0,4,dataset_medium,omics,Mitogenic and progenitor gene programmes in single pilocytic astrocytoma cells.
PMC6724667,Genome Res,2019,cc by-nc,ok,20,5,2,0,11,dataset_large,mixed;numeric;omics,Genome-wide analysis of polymerase III-transcribed &lt;i&gt;Alu&lt;/i&gt; elements suggests cell-type-specific enhancer function.
PMC6696983,Life Sci Alliance,2019,cc by,ok,8,0,3,0,1,small_table,,GRP78 regulates CD44v membrane homeostasis and cell spreading in tamoxifen-resistant breast cancer.
PMC6692393,Nat Commun,2019,cc by,ok,2,0,0,0,1,no_tabular_data,,Cellular internalization of bystander nanomaterial induced by TAT-nanoparticles and regulated by extracellular cysteine.
PMC6694122,Nat Commun,2019,cc by,ok,8,3,0,0,3,dataset_large,mixed;omics,A general approach for detecting expressed mutations in AML cells using single cell RNA-sequencing.
PMC6692130,Elife,2019,cc by,ok,3,2,0,0,1,dataset_medium,omics,PHLPP1 counter-regulates STAT1-mediated inflammatory signaling.
PMC6692349,Commun Biol,2019,cc by,too_large,0,0,0,0,0,no_supp_retrieved,,Neural circuitry of social learning in Drosophila requires multiple inputs to facilitate inter-species communication.
PMC6692108,Elife,2019,cc by,ok,5,2,2,0,1,dataset_medium,numeric,Region-specific myelin differences define behavioral consequences of chronic social defeat stress in mice.
PMC6691015,Sci Rep,2019,cc by,ok,4,3,0,0,1,dataset_large,mixed;numeric;omics,SMARCA2-deficiency confers sensitivity to targeted inhibition of SMARCA4 in esophageal squamous cell carcinoma cell lines.
PMC6692322,Nat Commun,2019,cc by,ok,8,1,0,0,4,dataset_large,numeric,Studying nucleic envelope and plasma membrane mechanics of eukaryotic cells using confocal reflectance interferometric microscopy.
PMC6727084,Genes (Basel),2019,cc by,ok,1,1,0,0,0,dataset_large,omics,Integrative Analysis of Cancer Omics Data for Prognosis Modeling.
PMC6687785,Nat Commun,2019,cc by,ok,11,5,2,0,4,dataset_large,clinical;omics,Comprehensive transcriptomic analysis of cell lines as models of primary tumors across 22 tumor types.
PMC6687710,Nat Commun,2019,cc by,ok,14,10,0,0,4,dataset_large,clinical;mixed;numeric;omics,Proteogenomic landscape of squamous cell lung cancer.
PMC6685606,PLoS Med,2019,cc by,ok,11,1,3,0,6,dataset_large,numeric,Appraising the role of previously reported risk factors in epithelial ovarian cancer risk: A Mendelian randomization analysis.
PMC6685317,Sleep,2019,cc by-nc-nd,ok,3,0,3,0,0,small_table,,Epigenome-wide association analysis of daytime sleepiness in the Multi-Ethnic Study of Atherosclerosis reveals African-American-specific associations.
PMC6706627,Cell Host Microbe,2019,cc by,ok,8,5,1,0,2,dataset_large,numeric;omics,Mapping Interactions of Microbial Metabolites with Human G-Protein-Coupled Receptors.
PMC6657581,Toxicol Sci,2019,cc by-nc,ok,1,1,0,0,0,dataset_medium,mixed,A CRISPR/Cas9 Whole-Genome Screen Identifies Genes Required for Aryl Hydrocarbon Receptor-Dependent Induction of Functional CYP1A1.
PMC6781010,J Exp Med,2019,cc by-nc-sa,ok,2,0,1,0,1,small_table,,CD97 is a critical regulator of acute myeloid leukemia stem cell function.
PMC6675393,PLoS One,2019,cc by,ok,1,1,0,0,0,dataset_large,clinical,Clinical factors associated with adherence to aerobic and resistance physical activity guidelines among cancer prevention patients and survivors.
PMC6667477,Nat Commun,2019,cc by,ok,8,3,2,0,3,dataset_medium,omics,Stimulation of CRISPR-mediated homology-directed repair by an engineered RAD18 variant.
PMC6668398,Sci Rep,2019,cc by,ok,3,2,0,0,1,dataset_medium,mixed;numeric,Knockout of Acinar Enriched microRNAs in Mice Promote Duct Formation But Not Pancreatic Cancer.
PMC6690568,ACS Omega,2019,,ok,2,0,1,0,1,small_table,,Antibody-Drug Conjugate that Exhibits Synergistic Cytotoxicity with an Endosome-Disruptive Peptide.
PMC7012383,Nat Methods,2019,,ok,1,0,0,0,0,no_tabular_data,,Thesaurus: quantifying phosphopeptide positional isomers.
PMC6711191,Cell Rep,2019,cc by-nc-nd,ok,1,0,0,0,1,no_tabular_data,,Drp1 Promotes KRas-Driven Metabolic Changes to Drive Pancreatic Tumor Growth.
PMC6669021,Sci Adv,2019,cc by-nc,ok,3,1,0,0,1,dataset_large,numeric,β-Catenin/Tcf7l2-dependent transcriptional regulation of GLUT1 gene expression by Zic family proteins in colon cancer.
PMC6659682,Sci Rep,2019,cc by,ok,11,6,4,0,1,dataset_large,mixed;numeric,Global view of the RAF-MEK-ERK module and its immediate downstream effectors.
PMC6682615,Front Oncol,2019,cc by,ok,2,1,0,0,1,dataset_medium,mixed,Spatial Distance Correlates With Genetic Distance in Diffuse Glioma.
PMC6664780,Genome Biol,2019,cc by,ok,2,1,0,0,1,dataset_large,numeric,Spatial chromatin architecture alteration by structural variations in human genomes at the population scale.
PMC6687187,PLoS Comput Biol,2019,cc by,ok,2,0,2,0,0,small_table,,Spatially constrained tumour growth affects the patterns of clonal selection and neutral drift in cancer genomic data.
PMC6695193,PLoS Comput Biol,2019,cc by,ok,4,3,1,0,0,dataset_large,mixed;omics,The impact of DNA methylation on the cancer proteome.
PMC6659187,Ther Adv Med Oncol,2019,cc by-nc,ok,2,1,1,0,0,dataset_medium,mixed,Targeting CDK9 and MCL-1 by a new CDK9/p-TEFb inhibitor with and without 5-fluorouracil in esophageal adenocarcinoma.
PMC6657044,BMC Med Genomics,2019,cc by,ok,2,1,0,0,1,dataset_large,numeric,Integrative analysis of loss-of-function variants in clinical and genomic data reveals novel genes associated with cardiovascular traits.
PMC6677556,Elife,2019,cc by,ok,2,0,1,0,1,small_table,,"PUMILIO, but not RBMX, binding is required for regulation of genomic stability by noncoding RNA <i>NORAD</i>."
PMC6651939,Breast Cancer Res,2019,cc by,ok,8,1,0,0,7,dataset_large,mixed,Glucocorticoid receptor modulation decreases ER-positive breast cancer cell proliferation and suppresses wild-type and mutant ER chromatin association.
PMC6659802,Oncotarget,2019,cc by,ok,3,2,0,0,1,dataset_medium,clinical;numeric,Oncologist uptake of comprehensive genomic profile guided targeted therapy.
PMC6656541,Sci Adv,2019,cc by-nc,ok,4,1,0,0,1,dataset_medium,mixed,"The genome of <i>Peromyscus leucopus</i>, natural host for Lyme disease and other emerging infections."
PMC6659640,Sci Rep,2019,cc by,ok,2,1,0,0,1,dataset_medium,numeric,Antibody responses to flagellin C and Streptococcus gallolyticus pilus proteins in colorectal cancer.
PMC6650503,NPJ Genom Med,2019,cc by,ok,3,1,0,0,2,dataset_medium,numeric,Deleterious mutations in <i>ALDH1L2</i> suggest a novel cause for neuro-ichthyotic syndrome.
PMC6689251,Nat Med,2019,,ok,1,0,0,0,1,no_tabular_data,,A case report of clonal EBV-like memory CD4<sup>+</sup> T cell activation in fatal checkpoint inhibitor-induced encephalitis.
PMC6646342,Nat Commun,2019,cc by,ok,12,5,3,0,4,dataset_medium,mixed;numeric,Integrated analyses of murine breast cancer models reveal critical parallels with human disease.
PMC6659774,Sci Rep,2019,cc by,ok,1,1,0,0,0,dataset_medium,omics,"Methylmercury exposure, genetic variation in metabolic enzymes, and the risk of glioma."
PMC6781012,J Exp Med,2019,cc by-nc-sa,ok,2,1,0,0,1,dataset_medium,mixed,CSF-1 controls cerebellar microglia and is required for motor function and social interaction.
PMC6656753,Sci Rep,2019,cc by,ok,2,0,1,0,1,small_table,,Differential responses of epithelial cells from urinary and biliary tract to eggs of Schistosoma haematobium and S. mansoni.
PMC6642173,Nat Commun,2019,cc by,ok,4,1,0,0,3,dataset_medium,numeric,Acetylation regulates ribonucleotide reductase activity and cancer cell growth.
PMC6642096,Nat Commun,2019,cc by,ok,4,1,0,0,3,dataset_medium,numeric,Activation of NIX-mediated mitophagy by an interferon regulatory factor homologue of human herpesvirus.
PMC6642086,Nat Commun,2019,cc by,ok,4,1,0,0,3,dataset_medium,numeric,NQO1 targeting prodrug triggers innate sensing to overcome checkpoint blockade resistance.
PMC6642156,Nat Commun,2019,cc by,ok,8,5,0,0,3,dataset_large,numeric;omics,Subtype-specific secretomic characterization of pulmonary neuroendocrine tumor cells.
PMC6783354,Nat Biomed Eng,2019,,ok,1,0,0,0,1,no_tabular_data,,Immune-orthogonal orthologues of AAV capsids and of Cas9 circumvent the immune response to the administration of gene therapy.
PMC6642100,Nat Commun,2019,cc by,ok,16,6,6,0,4,dataset_large,mixed;numeric,Stochastic search and joint fine-mapping increases accuracy and identifies previously unreported associations in immune-mediated diseases.
PMC6637574,J Immunother Cancer,2019,cc by,ok,8,1,1,0,6,dataset_medium,numeric,Oncolytic Maraba virus armed with tumor antigen boosts vaccine priming and reveals diverse therapeutic response patterns when combined with checkpoint blockade in ovarian cancer.
PMC6639323,Nat Commun,2019,cc by,ok,11,5,2,0,4,dataset_large,mixed;numeric;omics,Whole-genome landscape of mucosal melanoma reveals diverse drivers and therapeutic targets.
PMC6642039,Oncotarget,2019,cc by,ok,5,4,0,0,1,dataset_medium,numeric,A novel curcumin analog inhibits canonical and non-canonical functions of telomerase through STAT3 and NF-κB inactivation in colorectal cancer cells.
PMC6635391,Nat Commun,2019,cc by,ok,8,1,0,0,4,dataset_medium,numeric,A zwitterionic near-infrared fluorophore for real-time ureter identification during laparoscopic abdominopelvic surgery.
PMC6637640,BMC Bioinformatics,2019,cc by,ok,6,5,0,0,1,dataset_large,mixed;omics,Analysis of networks of host proteins in the early time points following HIV transduction.
PMC6699714,PLoS Biol,2019,cc by,ok,10,3,1,0,0,dataset_large,mixed;numeric,Primary cilium loss in mammalian cells occurs predominantly by whole-cilium shedding.
PMC6642166,Nat Commun,2019,cc by,too_large,0,0,0,0,0,no_supp_retrieved,,A novel rapamycin analog is highly selective for mTORC1 in vivo.
PMC6642583,BMC Cancer,2019,cc by,ok,6,3,1,0,1,dataset_large,omics,Estimation of immune cell content in tumor using single-cell RNA-seq reference data.
PMC6642146,Commun Biol,2019,cc by,ok,19,9,4,0,4,dataset_large,mixed;numeric;omics,Canine osteosarcoma genome sequencing identifies recurrent mutations in <i>DMD</i> and the histone methyltransferase gene <i>SETD2</i>.
PMC6642090,Nat Commun,2019,cc by,ok,6,3,0,0,3,dataset_large,numeric;omics,Pptc7 is an essential phosphatase for promoting mammalian mitochondrial metabolism and biogenesis.
PMC6632218,J Immunother Cancer,2019,cc by,ok,6,3,2,1,0,dataset_large,omics,Molecular and metabolic pathways mediating curative treatment of a non-Hodgkin B cell lymphoma by Sindbis viral vectors and anti-4-1BB monoclonal antibody.
PMC6626023,Nat Commun,2019,cc by,ok,19,10,4,0,4,dataset_large,mixed;numeric;omics,Brain somatic mutations observed in Alzheimer's disease associated with aging and dysregulation of tau phosphorylation.
PMC6634414,PLoS One,2019,cc by,ok,4,3,0,1,0,dataset_medium,numeric;omics,Discovery of potential urine-accessible metabolite biomarkers associated with muscle disease and corticosteroid response in the mdx mouse model for Duchenne.
PMC6858994,Leukemia,2019,cc by,ok,6,1,2,0,2,dataset_medium,numeric,Heritable variation at the chromosome 21 gene ERG is associated with acute lymphoblastic leukemia risk in children with and without Down syndrome.
PMC6800478,RNA,2019,cc by,ok,9,6,1,0,1,dataset_large,mixed;numeric;omics,Comprehensive in vivo identification of the c-Myc mRNA protein interactome using HyPR-MS.
PMC6619824,PLoS One,2019,cc by,ok,7,2,0,0,5,dataset_large,numeric;omics,Acute myeloid leukemia immunopeptidome reveals HLA presentation of mutated nucleophosmin.
PMC6617639,J Immunother Cancer,2019,cc by,ok,1,1,0,0,0,dataset_medium,numeric,Tumor regression mediated by oncogene withdrawal or erlotinib stimulates infiltration of inflammatory immune cells in EGFR mutant lung tumors.
PMC6777998,Pigment Cell Melanoma Res,2019,cc by,ok,4,2,2,0,0,dataset_large,omics,MITF controls the TCA cycle to modulate the melanoma hypoxia response.
PMC6624292,Commun Biol,2019,cc by,ok,4,1,0,0,3,dataset_large,mixed,"A nanoscale, multi-parametric flow cytometry-based platform to study mitochondrial heterogeneity and mitochondrial DNA dynamics."
PMC6615237,BMC Dev Biol,2019,cc by,ok,4,2,1,0,1,dataset_large,numeric;omics,Deletion of Tet proteins results in quantitative disparities during ESC differentiation partially attributable to alterations in gene expression.
PMC6624260,Nat Commun,2019,cc by,ok,5,0,1,0,4,small_table,,Blockade of leukemia inhibitory factor as a therapeutic approach to KRAS driven pancreatic cancer.
PMC6660195,Elife,2019,cc by,ok,20,12,7,0,1,dataset_medium,mixed;numeric,"Unique-region phosphorylation targets LynA for rapid degradation, tuning its expression and signaling in myeloid cells."
PMC6656985,Data Brief,2019,cc by-nc-nd,ok,3,0,1,0,1,small_table,,"The biological response of rodent kidneys to low frequency, full volume diagnostic contrast-enhanced ultrasound imaging: Pilot data."
PMC6639073,Elife,2019,cc0,ok,16,0,2,0,1,small_table,,Translational regulation of protrusion-localized RNAs involves silencing and clustering after transport.
PMC6675631,Oncogene,2019,,ok,13,8,3,0,2,dataset_large,numeric;omics,Alterations in Wnt- and/or STAT3 signaling pathways and the immune microenvironment during metastatic progression.
PMC6611579,PLoS One,2019,cc by,ok,1,1,0,0,0,dataset_medium,clinical,Physical activity and sleep problems in homeless adults.
PMC6660457,iScience,2019,cc by-nc-nd,ok,15,13,1,0,1,dataset_medium,numeric;omics,Multi-omic Dissection of Oncogenically Active Epiproteomes Identifies Drivers of Proliferative and Invasive Breast Tumors.
PMC6613242,Genome Biol,2019,cc by,ok,17,6,4,0,5,dataset_large,mixed;numeric;omics,Integrative analysis of vascular endothelial cell genomic features identifies AIDA as a coronary artery disease candidate gene.
PMC6609622,Nat Commun,2019,cc by,ok,3,1,0,0,2,dataset_large,numeric,Poly(ADP-ribose) polymerase-1 antagonizes DNA resection at double-strand breaks.
PMC6611767,Nat Commun,2019,cc by,ok,10,4,2,0,3,dataset_large,clinical;numeric;omics,Multi-region exome sequencing reveals genomic evolution from preneoplasia to lung adenocarcinoma.
PMC6670010,Mol Oncol,2019,cc by,ok,4,3,0,0,1,dataset_large,mixed;omics,Solid pseudopapillary neoplasms of the pancreas are dependent on the Wnt pathway.
PMC6607583,Retrovirology,2019,cc by,ok,2,1,0,0,1,dataset_large,numeric,The autophagy protein ATG9A promotes HIV-1 infectivity.
PMC6604205,BMC Med Genomics,2019,cc by,ok,2,1,0,0,1,dataset_medium,omics,Genomic data analysis workflows for tumors from patient-derived xenografts (PDXs): challenges and guidelines.
PMC6604454,BMC Med Genomics,2019,cc by,ok,8,3,3,0,2,dataset_medium,mixed;omics,"MicroRNA-374a, -4680, and -133b suppress cell proliferation through the regulation of genes associated with human cleft palate in cultured human palate cells."
PMC6668718,Cell Rep,2019,cc by-nc-nd,ok,1,0,0,0,1,no_tabular_data,,Conserved Herpesvirus Protein Kinases Target SAMHD1 to Facilitate Virus Replication.
PMC6650088,PLoS Comput Biol,2019,cc by,ok,10,4,2,0,1,dataset_large,omics,Systematic discovery of the functional impact of somatic genome alterations in individual tumors through tumor-specific causal inference.
PMC6615404,Front Plant Sci,2019,cc by,ok,2,0,1,0,1,small_table,,Assessing Specialized Metabolite Diversity in the Cosmopolitan Plant Genus <i>Euphorbia</i> L.
PMC6606595,Commun Biol,2019,cc by,ok,6,3,0,0,2,dataset_medium,mixed;numeric,Systematic discovery of conservation states for single-nucleotide annotation of the human genome.
PMC6602581,Elife,2019,cc by,ok,30,13,6,0,11,dataset_medium,numeric,Distinct inflammatory and wound healing responses to complex caudal fin injuries of larval zebrafish.
PMC6602944,Sci Rep,2019,cc by,ok,1,1,0,0,0,dataset_medium,numeric,Repeatability of Multiparametric Prostate MRI Radiomics Features.
PMC6608937,PLoS One,2019,cc by,ok,6,5,1,0,0,dataset_medium,numeric,Actin clearance promotes polarized dynein accumulation at the immunological synapse.
PMC6599207,Nat Commun,2019,cc by,ok,7,3,1,0,3,dataset_large,numeric;omics,Mutant H3 histones drive human pre-leukemic hematopoietic stem cell expansion and promote leukemic aggressiveness.
PMC6623547,PLoS Pathog,2019,cc by,ok,10,0,3,0,7,small_table,,EspF is crucial for Citrobacter rodentium-induced tight junction disruption and lethality in immunocompromised animals.
PMC6739622,Stem Cell Reports,2019,cc by-nc-nd,ok,3,1,0,0,2,dataset_medium,omics,Bmi1 Suppresses Adipogenesis in the Hematopoietic Stem Cell Niche.
PMC6603161,Sci Rep,2019,cc by,ok,2,0,1,0,1,small_table,,Plasma-derived extracellular vesicles yield predictive markers of cranial irradiation exposure in mice.
PMC6597081,PLoS One,2019,cc by,ok,2,1,0,0,1,dataset_medium,clinical,Tumor M2-PK: A novel urine marker of bladder cancer.
PMC6683325,Science,2019,cc by,ok,2,1,0,0,1,dataset_large,numeric,Effects of microbiota-directed foods in gnotobiotic animals and undernourished children.
PMC6599218,PLoS One,2019,cc by,ok,5,0,2,0,0,small_table,,Effects of cessation of cigarette smoking on eicosanoid biomarkers of inflammation and oxidative damage.
PMC6594963,Nat Commun,2019,cc by,ok,14,1,0,0,2,dataset_medium,mixed,Switch-like enhancement of epithelial-mesenchymal transition by YAP through feedback regulation of WT1 and Rho-family GTPases.
PMC6593404,mBio,2019,cc by,ok,10,2,1,0,5,dataset_medium,omics,Two Accessory Proteins Govern MmpL3 Mycolic Acid Transport in Mycobacteria.
PMC6892744,Genet Med,2019,cc by-nc-sa,ok,3,2,0,0,1,dataset_large,mixed;omics,CTCF variants in 39 individuals with a variable neurodevelopmental disorder broaden the mutational and clinical spectrum.
PMC6594976,Nat Commun,2019,cc by,ok,3,1,0,0,2,dataset_medium,numeric,Targeting a therapeutic LIF transgene to muscle via the immune system ameliorates muscular dystrophy.
PMC6599391,Nat Commun,2019,cc by,ok,4,1,0,0,3,dataset_large,numeric,A high-throughput screening and computation platform for identifying synthetic promoters with enhanced cell-state specificity (SPECS).
PMC6599037,Nat Commun,2019,cc by,ok,6,1,1,0,2,dataset_medium,mixed,SETD1A protects from senescence through regulation of the mitotic gene expression program.
PMC6658139,PLoS Biol,2019,cc by,ok,49,21,1,0,0,dataset_large,numeric,Simulations reveal challenges to artificial community selection and possible strategies for success.
PMC6598372,Exp Hematol Oncol,2019,cc by,ok,3,1,2,0,0,dataset_medium,numeric,An expanded biomarker panel for the detection of prostate cancer from urine DNA.
PMC6591205,AAPS J,2019,cc by,ok,3,1,1,0,0,dataset_medium,mixed,A Computational Model of Neoadjuvant PD-1 Inhibition in Non-Small Cell Lung Cancer.
PMC6595587,BioData Min,2019,cc by,ok,4,1,1,1,1,dataset_medium,numeric,"ClickGene: an open cloud-based platform for big pan-cancer data genome-wide association study, visualization and exploration."
PMC6588254,PLoS Pathog,2019,cc by,ok,5,0,1,0,0,small_table,,EBV epitranscriptome reprogramming by METTL14 is critical for viral-associated tumorigenesis.
PMC6642358,EBioMedicine,2019,cc by-nc-nd,ok,2,1,0,0,1,dataset_large,numeric,Proteomic analysis of urinary extracellular vesicles reveal biomarkers for neurologic disease.
PMC6587259,J Immunother Cancer,2019,cc by,ok,16,2,3,11,0,dataset_large,mixed,Efficient identification of neoantigen-specific T-cell responses in advanced human ovarian cancer.
PMC6597128,PLoS Biol,2019,cc0,ok,17,1,4,8,1,dataset_medium,numeric,Star nanoparticles delivering HIV-1 peptide minimal immunogens elicit near-native envelope antibody responses in nonhuman primates.
PMC6592291,Oncotarget,2019,cc by,ok,2,1,0,0,1,dataset_medium,numeric,"ETHE1 overexpression promotes SIRT1 and PGC1α mediated aerobic glycolysis, oxidative phosphorylation, mitochondrial biogenesis and colorectal cancer."
PMC6585015,BMC Nephrol,2019,cc by,ok,2,0,1,0,1,small_table,,Metabolic consequences of cystinuria.
PMC6584691,Cell Death Discov,2019,cc by,ok,13,2,1,0,9,dataset_large,mixed;numeric,CTDP1 regulates breast cancer survival and DNA repair through BRCT-specific interactions with FANCI.
PMC6856950,J Comput Biol,2019,cc by,ok,5,0,1,1,1,small_table,,Bayesian Estimation of Three-Dimensional Chromosomal Structure from Single-Cell Hi-C Data.
PMC6672052,Genes Dev,2019,cc by-nc,ok,8,6,0,0,1,dataset_large,mixed;omics,Protein aggregation mediates stoichiometry of protein complexes in aneuploid cells.
PMC6592777,Nat Chem Biol,2019,,ok,1,0,0,0,1,no_tabular_data,,Electrophilic PROTACs that degrade nuclear proteins by engaging DCAF16.
PMC6570763,Commun Biol,2019,cc by,ok,4,1,1,0,2,dataset_large,numeric,Stochastic changes in gene expression promote chaotic dysregulation of homeostasis in clonal breast tumors.
PMC6626889,Stem Cell Reports,2019,cc by,ok,3,1,0,0,2,dataset_medium,numeric,TGF-β Signaling Plays an Essential Role in the Lineage Specification of Mesenchymal Stem/Progenitor Cells in Fetal Bone Marrow.
PMC6561926,Nat Commun,2019,cc by,ok,5,1,1,0,3,dataset_medium,omics,LncRNA-p21 alters the antiandrogen enzalutamide-induced prostate cancer neuroendocrine differentiation via modulating the EZH2/STAT3 signaling.
PMC6563988,PLoS One,2019,cc by,ok,4,1,1,0,2,dataset_medium,numeric,Proteomic investigation of human skeletal muscle before and after 70 days of head down bed rest with or without exercise and testosterone countermeasures.
PMC6558765,BMC Med Genomics,2019,cc by,ok,15,4,5,0,5,dataset_medium,mixed;numeric,Comprehensive genomic characterization of breast tumors with BRCA1 and BRCA2 mutations.
PMC6586460,Elife,2019,cc by,ok,2,0,1,0,1,small_table,,A toolkit for studying cell surface shedding of diverse transmembrane receptors.
PMC6586363,PLoS Biol,2019,cc by,ok,1,1,0,0,0,dataset_medium,numeric,Phenotypic selection with an intrabody library reveals an anti-apoptotic function of PKM2 requiring Mitofusin-1.
PMC6576794,PLoS Comput Biol,2019,cc by,ok,14,2,0,0,12,dataset_large,omics,Phenotypic heterogeneity and evolution of melanoma cells associated with targeted therapy resistance.
PMC6554354,Nat Commun,2019,cc by,ok,10,6,1,0,3,dataset_large,mixed;numeric;omics,Loci for human leukocyte telomere length in the Singaporean Chinese population and trans-ethnic genetic studies.
PMC6550385,PLoS One,2019,cc by,ok,7,5,0,0,1,dataset_large,numeric,Understanding heterogeneous tumor microenvironment in metastatic melanoma.
PMC6548503,Elife,2019,cc by,ok,12,7,3,0,2,dataset_medium,mixed;numeric;omics,Disentangling strictly self-serving mutations from win-win mutations in a mutualistic microbial community.
PMC6547580,BMC Genomics,2019,cc by,ok,6,3,0,0,0,dataset_medium,omics,Breast cancer PAM50 signature: correlation and concordance between RNA-Seq and digital multiplexed gene expression technologies in a triple negative breast cancer series.
PMC6891161,Genet Med,2019,cc by,ok,2,1,0,0,1,dataset_medium,mixed,Reporting of race in genome and exome sequencing studies of cancer: a scoping review of the literature.
PMC6546911,Nat Commun,2019,cc by,ok,3,0,0,0,2,no_tabular_data,,Regulation of PCNA cycling on replicating DNA by RFC and RFC-like complexes.
PMC6547687,Nat Commun,2019,cc by,ok,10,7,0,0,2,dataset_large,mixed;numeric,Functional testing of thousands of osteoarthritis-associated variants for regulatory activity.
PMC6546716,Sci Rep,2019,cc by,ok,3,1,1,0,1,dataset_large,numeric,Ampk regulates IgD expression but not energy stress with B cell activation.
PMC6546744,Nat Commun,2019,cc by,ok,14,6,2,0,4,dataset_large,numeric;omics,Neuronal differentiation and cell-cycle programs mediate response to BET-bromodomain inhibition in MYC-driven medulloblastoma.
PMC6546705,Nat Commun,2019,cc by,ok,4,0,0,0,3,no_tabular_data,,Lysine 68 acetylation directs MnSOD as a tetrameric detoxification complex versus a monomeric tumor promoter.
PMC6544432,Elife,2019,cc by,ok,6,1,4,0,1,dataset_medium,numeric,Identification of EOMES-expressing spermatogonial stem cells and their regulation by PLZF.
PMC6609817,iScience,2019,cc by,ok,2,0,1,0,1,small_table,,Samovar: Single-Sample Mosaic Single-Nucleotide Variant Calling with Linked Reads.
PMC6537185,Genome Med,2019,cc by,ok,3,1,0,1,0,dataset_large,omics,Clinical utility of custom-designed NGS panel testing in pediatric tumors.
PMC6580683,Am J Respir Crit Care Med,2019,cc by-nc-nd,ok,21,18,0,0,2,dataset_large,numeric;omics,Single-Cell Transcriptomic Analysis of Human Lung Provides Insights into the Pathobiology of Pulmonary Fibrosis.
PMC6774252,Nature,2019,,ok,1,0,0,0,0,no_tabular_data,,Genome-wide cell-free DNA fragmentation in patients with cancer.
PMC6541904,Neoplasia,2019,cc by-nc-nd,ok,2,1,0,0,1,dataset_medium,numeric,CDK9 Inhibition Induces a Metabolic Switch that Renders Prostate Cancer Cells Dependent on Fatty Acid Oxidation.
PMC6538754,Nat Commun,2019,cc by,ok,3,1,0,0,2,dataset_medium,numeric,The oncolytic virus Delta-24-RGD elicits an antitumor effect in pediatric glioma and DIPG mouse models.
PMC6538373,Elife,2019,cc by,ok,12,5,6,0,1,dataset_large,mixed;omics,"Human pancreatic cancer cell exosomes, but not human normal cell exosomes, act as an initiator in cell transformation."
PMC6538376,Elife,2019,cc by,ok,10,6,1,0,3,dataset_medium,numeric,Transcriptional control of subtype switching ensures adaptation and growth of pancreatic cancer.
PMC6533768,BMC Cancer,2019,cc by,ok,1,0,1,0,0,small_table,,Eukaryotic initiation factor 4E-binding protein as an oncogene in breast cancer.
PMC6565758,Neurobiol Pain,2019,cc by,ok,4,4,0,0,0,dataset_medium,numeric,Alterations in brain neurocircuitry following treatment with the chemotherapeutic agent paclitaxel in rats.
PMC6549932,Cancer Sci,2019,cc by-nc,ok,9,1,0,0,8,dataset_medium,omics,MicroRNA-204-5p: A novel candidate urinary biomarker of Xp11.2 translocation renal cell carcinoma.
PMC6581051,Genome Res,2019,cc by-nc,ok,9,3,2,0,1,dataset_medium,numeric;omics,One minute analysis of 200 histone posttranslational modifications by direct injection mass spectrometry.
PMC6605786,J Cell Biol,2019,cc by-nc-sa,ok,2,1,0,0,1,dataset_medium,omics,XLF and H2AX function in series to promote replication fork stability.
PMC6532893,PLoS One,2019,cc by,ok,4,1,0,0,3,dataset_large,numeric,Adolescents' first tobacco products: Associations with current multiple tobacco product use.
PMC6738087,Br J Cancer,2019,cc by,ok,20,0,7,0,2,small_table,,Metabolic reprogramming and Notch activity distinguish between non-small cell lung cancer subtypes.
PMC6534289,PLoS Biol,2019,cc by,ok,5,4,1,0,0,dataset_large,numeric,Foxp1 is critical for the maintenance of regulatory T-cell homeostasis and suppressive function.
PMC6527557,Commun Biol,2019,cc by,ok,4,0,1,0,3,small_table,,Extracellular vesicle microRNA quantification from plasma using an integrated microfluidic device.
PMC6532235,J Neuroinflammation,2019,cc by,ok,4,3,1,0,0,dataset_large,mixed;numeric,Differential neuro-immune patterns in two clinically relevant murine models of multiple sclerosis.
PMC6633203,RNA,2019,cc by-nc,ok,5,1,2,0,1,dataset_medium,mixed,A piggyBac-based toolkit for inducible genome editing in mammalian cells.
PMC6522544,Nat Commun,2019,cc by,ok,10,5,1,0,4,dataset_medium,mixed;numeric;omics,Chromatin dysregulation and DNA methylation at transcription start sites associated with transcriptional repression in cancers.
PMC6513984,Nat Commun,2019,cc by,ok,3,1,0,0,2,dataset_medium,numeric,Circulating miR-103a-3p contributes to angiotensin II-induced renal inflammation and fibrosis via a SNRK/NF-κB/p65 regulatory axis.
PMC6516957,Elife,2019,cc by,ok,4,1,2,0,1,dataset_medium,mixed,Independent amylase gene copy number bursts correlate with dietary preferences in mammals.
PMC6513997,Nat Commun,2019,cc by,ok,7,2,0,0,4,dataset_medium,numeric;omics,PFA ependymoma-associated protein EZHIP inhibits PRC2 activity through a H3 K27M-like mechanism.
PMC6522510,Nat Commun,2019,cc by,ok,6,2,0,0,3,dataset_large,mixed;numeric,A high-throughput screen indicates gemcitabine and JAK inhibitors may be useful for treating pediatric AML.
PMC6521434,BMC Res Notes,2019,cc by,ok,1,0,1,0,0,small_table,,Monitoring dynamic cytotoxic chemotherapy response in castration-resistant prostate cancer using plasma cell-free DNA (cfDNA).
PMC6517433,Nat Commun,2019,cc by,ok,18,8,6,0,4,dataset_large,mixed;numeric,Association analyses identify 31 new risk loci for colorectal cancer susceptibility.
PMC6513854,Sci Rep,2019,cc by,ok,2,1,0,0,1,dataset_medium,mixed,A Targeted Mass Spectrometric Assay for Reliable Sensitive Hepcidin Quantification.
PMC6558500,Cancer Med,2019,cc by,ok,7,1,1,0,5,dataset_medium,clinical,Racial and ethnic disparities in a state-wide registry of patients with pancreatic cancer and an exploratory investigation of cancer cachexia as a contributor to observed inequities.
PMC6514249,Front Genet,2019,cc by,ok,1,1,0,0,0,dataset_large,numeric,Multi-Omic Data Interpretation to Repurpose Subtype Specific Drug Candidates for Breast Cancer.
PMC6561293,Proc Natl Acad Sci U S A,2019,cc by-nc-nd,ok,2,1,0,0,1,dataset_medium,mixed,Genomic correlates of clinical outcome in advanced prostate cancer.
PMC6505928,PLoS One,2019,cc0,ok,4,1,0,0,3,dataset_medium,numeric,Mammographic breast density and its association with urinary estrogens and the fecal microbiota in postmenopausal women.
PMC6503546,J Immunother Cancer,2019,cc by,ok,3,1,0,0,1,dataset_large,numeric,Tumor genomic alterations in severe-combined immunodeficiency bare-lymphocyte syndrome genes are associated with high mutational burden and disproportional neo-antigen rates.
PMC6545557,EMBO J,2019,cc by,ok,7,4,0,0,3,dataset_large,mixed;numeric;omics,Phospho-RNA-seq: a modified small RNA-seq method that reveals circulating mRNA and lncRNA fragments as potential biomarkers in human plasma.
PMC6558231,EBioMedicine,2019,cc by-nc-nd,ok,7,1,1,0,3,dataset_medium,omics,Pan-cancer genomic analysis links 3'UTR DNA methylation with increased gene expression in T cells.
PMC6506207,Elife,2019,cc by,ok,7,2,4,0,1,dataset_large,numeric;omics,HIF-1α regulates IL-1β and IL-17 in sarcoidosis.
PMC6494499,Sci Adv,2019,cc by-nc,ok,3,1,0,0,1,dataset_large,omics,p63 establishes epithelial enhancers at critical craniofacial development genes.
PMC6658934,Neoplasia,2019,cc by-nc-nd,ok,1,1,0,0,0,dataset_large,numeric,"Immune Signature-Based Subtypes of Cervical Squamous Cell Carcinoma Tightly Associated with Human Papillomavirus Type 16 Expression, Molecular Features, and Clinical Outcome."
PMC6881819,Neurooncol Adv,2019,cc by,ok,1,0,1,0,0,small_table,,Immune factors preceding diagnosis of glioma: a Prostate Lung Colorectal Ovarian Cancer Screening Trial nested case-control study.
PMC6777502,Neurooncol Adv,2019,cc by-nc,ok,2,0,1,0,1,small_table,,A comprehensive preclinical assessment of late-term imaging markers of radiation-induced brain injury.
PMC6488670,Nat Commun,2019,cc by,ok,4,1,0,0,3,dataset_medium,numeric,Canonical PRC1 controls sequence-independent propagation of Polycomb-mediated gene silencing.
PMC6491619,Nat Commun,2019,cc by,ok,4,2,0,0,2,dataset_medium,omics,Development and application of a high-content virion display human GPCR array.
PMC6626992,J Mol Diagn,2019,cc by-nc-nd,ok,9,2,2,0,5,dataset_medium,numeric;omics,Multilaboratory Assessment of a New Reference Material for Quality Assurance of Cell-Free Tumor DNA Measurements.
PMC6487005,BMC Bioinformatics,2019,cc by,ok,1,1,0,0,0,dataset_large,numeric,Topological and functional comparison of community detection algorithms in biological networks.
PMC6548545,Nat Genet,2019,,ok,1,0,0,0,1,no_tabular_data,,A transcriptome-wide association study of high-grade serous epithelial ovarian cancer identifies new susceptibility genes and splice variants.
PMC6494907,Nat Commun,2019,cc by,ok,9,5,0,0,4,dataset_large,mixed;numeric,Loss of TET2 and TET3 in regulatory T cells unleashes effector function.
PMC6485645,PLoS One,2019,cc by,ok,8,1,1,0,3,dataset_medium,numeric,Computational modeling of pancreatic cancer patients receiving FOLFIRINOX and gemcitabine-based therapies identifies optimum intervention strategies.
PMC6495374,mBio,2019,cc by,ok,7,1,0,0,6,dataset_medium,mixed,Enrichment and Proteomic Characterization of the Cyst Wall from <i>In Vitro</i> Toxoplasma gondii Cysts.
PMC6486600,NPJ Genom Med,2019,cc by,ok,3,2,0,0,1,dataset_medium,mixed;omics,Expanding the neurodevelopmental phenotypes of individuals with de novo &lt;i&gt;KMT2A&lt;/i&gt; variants.
PMC6558497,Cancer Med,2019,cc by,ok,2,1,0,0,1,dataset_medium,omics,Dissecting intratumoral myeloid cell plasticity by single cell RNA-seq.
PMC6495467,iScience,2019,cc by-nc-nd,ok,2,1,0,0,1,dataset_medium,omics,Identification of Kinases Responsible for p53-Dependent Autophagy.
PMC6478916,Commun Biol,2019,cc by,ok,9,6,0,0,3,dataset_large,clinical;numeric;omics,The combination of neoantigen quality and T lymphocyte infiltrates identifies glioblastomas with the longest survival.
PMC6486646,Nat Commun,2019,cc by,ok,4,1,0,0,3,dataset_large,numeric,Mendelian randomization analysis using mixture models for robust and efficient estimation of causal effects.
PMC6872189,Mod Pathol,2019,,ok,1,0,0,0,0,no_tabular_data,,Incidence and distribution of UroSEEK gene panel in a multi-institutional cohort of bladder urothelial carcinoma.
PMC6481766,PLoS Genet,2019,cc0,ok,6,3,1,0,2,dataset_large,mixed;numeric;omics,CD34 defines melanocyte stem cell subpopulations with distinct regenerative properties.
PMC6478836,Nat Commun,2019,cc by,ok,15,8,4,0,3,dataset_large,mixed;numeric,Corrupted coordination of epigenetic modifications leads to diverging chromatin states and transcriptional heterogeneity in CLL.
PMC6480500,BMC Med Res Methodol,2019,cc by,ok,6,6,0,0,0,dataset_large,numeric,Disentangling the roles of maternal and paternal age on birth prevalence of down syndrome and other chromosomal disorders using a Bayesian modeling approach.
PMC6553618,Nat Med,2019,,ok,1,0,0,0,1,no_tabular_data,,Molecular profiling of cancer patients enables personalized combination therapy: the I-PREDICT study.
PMC6474600,PLoS One,2019,cc by,ok,1,1,0,0,0,dataset_medium,numeric,FDG PET based prediction of response in head and neck cancer treatment: Assessment of new quantitative imaging features.
PMC6601363,Mol Metab,2019,cc by-nc-nd,ok,4,3,0,0,1,dataset_large,omics,SIRT3 controls brown fat thermogenesis by deacetylation regulation of pathways upstream of UCP1.
PMC6472024,Clin Proteomics,2019,cc by,ok,1,1,0,0,0,dataset_large,numeric,Deep undepleted human serum proteome profiling toward biomarker discovery for Alzheimer's disease.
PMC6499320,Genome Res,2019,cc by,ok,4,1,0,0,1,dataset_large,numeric,Structural variants in 3000 rice genomes.
PMC6465362,Nat Commun,2019,cc by,ok,9,1,3,0,4,dataset_large,numeric,Partially methylated domains are hypervariable in breast cancer and fuel widespread CpG island hypermethylation.
PMC6467998,Nat Commun,2019,cc by,ok,7,0,3,0,4,small_table,,Polygenic prediction via Bayesian regression and continuous shrinkage priors.
PMC6482299,Front Neurosci,2019,cc by,ok,1,0,1,0,0,small_table,,"Co-cultures of Glioma Stem Cells and Primary Neurons, Astrocytes, Microglia, and Endothelial Cells for Investigation of Intercellular Communication in the Brain."
PMC6472351,Sci Rep,2019,cc by,ok,2,1,0,0,1,dataset_medium,numeric,Improved methods for the detection of histone interactions with peptide microarrays.
PMC6461257,PLoS One,2019,cc by,ok,2,0,0,0,0,tables_only,,Retinoids induce antagonism between FOXO3A and FOXM1 transcription factors in human oral squamous cell carcinoma (OSCC) cells.
PMC6510537,Elife,2019,cc by,ok,15,2,12,0,1,dataset_medium,mixed;numeric,Quantification of microenvironmental metabolites in murine cancers reveals determinants of tumor nutrient availability.
PMC6467913,Nat Commun,2019,cc by,ok,4,1,0,0,3,dataset_large,mixed,Multi-platform discovery of haplotype-resolved structural variation in human genomes.
PMC6461669,Nat Commun,2019,cc by,ok,12,0,5,0,4,small_table,,Steroid receptor coactivator-1 modulates the function of Pomc neurons and energy homeostasis.
PMC6476516,PLoS Comput Biol,2019,cc by,ok,1,0,1,0,0,small_table,,Physical constraints on accuracy and persistence during breast cancer cell chemotaxis.
PMC6504224,J Exp Med,2019,cc by-nc-sa,ok,2,1,0,0,1,dataset_large,numeric,Tumor-associated factors are enriched in lymphatic exudate compared to plasma in metastatic melanoma patients.
PMC6467168,Front Immunol,2019,cc by,ok,1,0,1,0,0,small_table,,"Poly-ICLC, a TLR3 Agonist, Induces Transient Innate Immune Responses in Patients With Treated HIV-Infection: A Randomized Double-Blinded Placebo Controlled Trial."
PMC6464042,Life Sci Alliance,2019,cc by,ok,8,6,0,0,1,dataset_large,mixed;numeric;omics,A network of human functional gene interactions from knockout fitness screens in cancer cells.
PMC6463765,Transl Oncol,2019,cc by-nc-nd,ok,1,1,0,0,0,dataset_medium,omics,"An Integrated Next-Generation Sequencing System for Analyzing DNA Mutations, Gene Fusions, and RNA Expression in Lung Cancer."
PMC6450958,Sci Rep,2019,cc by,ok,4,3,0,0,0,dataset_medium,clinical;numeric,A Tumor-Selective Monoclonal Antibody from Immunization with a Tumor-Associated Mucin Glycopeptide.
PMC6453966,Nat Commun,2019,cc by,ok,12,7,0,0,5,dataset_large,numeric;omics,Breast cancer quantitative proteome and proteogenomic landscape.
PMC6447360,Elife,2019,cc by,ok,10,4,5,0,1,dataset_medium,numeric,Luciferase-LOV BRET enables versatile and specific transcriptional readout of cellular protein-protein interactions.
PMC6448248,Breast Cancer Res,2019,cc by,ok,2,1,0,0,0,dataset_large,numeric,The lncRNA MIR2052HG regulates ERα levels and aromatase inhibitor resistance through LMTK3 by recruiting EGR1.
PMC6445096,Nat Commun,2019,cc by,ok,7,2,1,0,4,dataset_medium,omics,Crizotinib-induced immunogenic cell death in non-small cell lung cancer.
PMC6443157,PLoS One,2019,cc by,ok,1,1,0,0,0,dataset_medium,numeric,Radiosensitization by enzalutamide for human prostate cancer is mediated through the DNA damage repair pathway.
PMC6699251,Cell Mol Gastroenterol Hepatol,2019,cc by-nc-nd,ok,1,1,0,0,0,dataset_large,mixed,Integrative Genome-Scale DNA Methylation Analysis of a Large and Unselected Cohort Reveals 5 Distinct Subtypes of Colorectal Adenocarcinomas.
PMC6459676,Elife,2019,cc by,ok,8,6,1,0,1,dataset_large,mixed;numeric;omics,Abnormal oxidative metabolism in a quiet genomic background underlies clear cell papillary renal cell carcinoma.
PMC7727312,Oncogene,2019,,ok,1,0,0,0,1,no_tabular_data,,Extracellular vesicle-dependent effect of RNA-binding protein IGF2BP1 on melanoma metastasis.
PMC6492952,ACS Synth Biol,2019,,ok,2,1,0,0,1,dataset_medium,numeric,Systematic Evaluation of Genetic and Environmental Factors Affecting Performance of Translational Riboswitches.
PMC6445099,Sci Rep,2019,cc by,ok,5,3,1,0,0,dataset_large,numeric;omics,Insertional mutagenesis using the Sleeping Beauty transposon system identifies drivers of erythroleukemia in mice.
PMC6519992,Aging (Albany NY),2019,cc by,ok,2,1,0,0,1,dataset_medium,numeric,Long-term environmental enrichment affects microglial morphology in middle age mice.
PMC6441558,PeerJ,2019,cc by,ok,5,2,0,0,0,dataset_large,omics,Factors that influence response classifications in chemotherapy treated patient-derived xenografts (PDX).
PMC6441034,Nat Commun,2019,cc by,ok,4,1,0,0,3,dataset_large,numeric,Rad52 prevents excessive replication fork reversal and protects from nascent strand degradation.
PMC6441108,Nat Commun,2019,cc by,ok,6,2,1,0,3,dataset_medium,numeric,Targeting bivalency de-represses Indian Hedgehog and inhibits self-renewal of colorectal cancer-initiating cells.
PMC6449455,Front Genet,2019,cc by,ok,6,2,2,0,2,dataset_large,mixed;numeric,Identification of a Functional Non-coding Variant in the GABA <sub><i>A</i></sub> Receptor α2 Subunit of the C57BL/6J Mouse Reference Genome: Major Implications for Neuroscience Research.
PMC6441033,Nat Commun,2019,cc by,ok,7,2,1,0,4,dataset_large,numeric,The anti-cancer drugs curaxins target spatial genome organization.
PMC6457558,PLoS Genet,2019,cc by,ok,2,1,0,0,1,dataset_medium,omics,Functional analysis of BARD1 missense variants in homology-directed repair and damage sensitivity.
PMC6433244,PLoS One,2019,cc by,ok,2,1,0,0,1,dataset_medium,numeric,"Estrogenic activity, race/ethnicity, and Indigenous American ancestry among San Francisco Bay Area women."
PMC6437869,Cardiovasc Diabetol,2019,cc by,ok,3,2,0,0,1,dataset_large,numeric;omics,Proteomic alterations of HDL in youth with type 1 diabetes and their associations with glycemic control: a case-control study.
PMC6438043,Breast Cancer Res,2019,cc by,ok,7,6,1,0,0,dataset_large,numeric,Genomic signature of parity in the breast of premenopausal women.
PMC6450673,Elife,2019,cc by,ok,9,0,4,0,5,small_table,,Targeted degradation of aberrant tau in frontotemporal dementia patient-derived neuronal cell models.
PMC6504216,J Exp Med,2019,cc by-nc-sa,ok,3,1,1,0,1,dataset_large,mixed,CD4<sup>+</sup> resident memory T cells dominate immunosurveillance and orchestrate local recall responses.
PMC6430814,Nat Commun,2019,cc by,ok,6,2,1,0,3,dataset_large,mixed;omics,Allele-specific binding of RNA-binding proteins reveals functional genetic variants in the RNA.
PMC6435657,Sci Rep,2019,cc by,ok,2,2,0,0,0,dataset_large,mixed;numeric,Utilization of NGS technologies to investigate transcriptomic and epigenomic mechanisms in trastuzumab resistance.
PMC6435687,Nat Commun,2019,cc by,ok,7,3,1,0,3,dataset_medium,mixed,IL-4 together with IL-1β induces antitumor Th9 cell differentiation in the absence of TGF-β signaling.
PMC6548519,Nat Chem Biol,2019,,ok,1,0,0,0,0,no_tabular_data,,Pharmacological convergence reveals a lipid pathway that regulates C. elegans lifespan.
PMC6426934,Nat Commun,2019,cc by,ok,8,1,3,0,3,dataset_medium,mixed,Multiple ABCB1 transcriptional fusions in drug resistant high-grade serous ovarian and breast cancer.
PMC6429770,BMC Cancer,2019,cc by,ok,9,1,1,0,6,dataset_large,omics,Genome-wide CRISPR screen reveals PSMA6 to be an essential gene in pancreatic cancer cells.
PMC6442086,J Extracell Vesicles,2019,cc by-nc,ok,1,0,1,0,0,small_table,,Imaging flow cytometry facilitates multiparametric characterization of extracellular vesicles in malignant brain tumours.
PMC6423873,Cancer Imaging,2019,cc by,ok,1,0,1,0,0,small_table,,Probabilistic independent component analysis of dynamic susceptibility contrast perfusion MRI in metastatic brain tumors.
PMC6430765,Commun Biol,2019,cc by,ok,4,1,0,0,3,dataset_medium,omics,Dynamic host immune response in virus-associated cancers.
PMC6423285,Nat Commun,2019,cc by,ok,5,2,0,0,3,dataset_medium,numeric,UFL1 promotes histone H4 ufmylation and ATM activation.
PMC6431044,Genome Biol,2019,cc by,ok,2,0,1,0,1,small_table,,EmptyDrops: distinguishing cells from empty droplets in droplet-based single-cell RNA sequencing data.
PMC6428843,Nat Commun,2019,cc by,ok,10,6,0,0,4,dataset_large,mixed;numeric;omics,Capturing site-specific heterogeneity with large-scale N-glycoproteome analysis.
PMC6443193,PLoS Genet,2019,cc by,ok,14,1,3,0,7,dataset_large,numeric,A missense variant in FTCD is associated with arsenic metabolism and toxicity phenotypes in Bangladesh.
PMC6425035,Nat Commun,2019,cc by,ok,4,0,0,0,3,no_tabular_data,,H3K27M induces defective chromatin spread of PRC2-mediated repressive H3K27me2/me3 and is essential for glioma tumorigenesis.
PMC6420029,PLoS One,2019,cc by,ok,3,0,3,0,0,small_table,,"Induction of AMPK activation by N,N'-diarylurea FND-4b decreases growth and increases apoptosis in triple negative and estrogen-receptor positive breast cancers."
PMC6426764,Front Oncol,2019,cc by,ok,2,0,1,0,1,small_table,,Disease Control With FOLFIRI Plus Ziv-aflibercept (zFOLFIRI) Beyond FOLFIRI Plus Bevacizumab: Case Series in Metastatic Colorectal Cancer (mCRC).
PMC6418160,Sci Rep,2019,cc by,ok,4,1,1,0,0,dataset_medium,numeric,DNA methylation signature of smoking in lung cancer is enriched for exposure signatures in newborn and adult blood.
PMC6488149,Cancer Med,2019,cc by,ok,2,0,2,0,0,small_table,,Early-onset triple-negative breast cancer in multiracial/ethnic populations: Distinct trends of prevalence of truncation mutations.
PMC6413886,Mol Syst Biol,2019,cc by,ok,5,1,1,0,1,dataset_large,numeric,Genome-wide prediction of synthetic rescue mediators of resistance to targeted and immunotherapy.
PMC6428348,PLoS Comput Biol,2019,cc by,ok,8,2,1,0,2,dataset_medium,numeric,Modeling differentiation-state transitions linked to therapeutic escape in triple-negative breast cancer.
PMC6417855,PLoS Genet,2019,cc by,ok,1,0,1,0,0,small_table,,Glial cells maintain synapses by inhibiting an activity-dependent retrograde protease signal.
PMC6411608,Transl Oncol,2019,cc by-nc-nd,ok,5,2,2,0,1,dataset_large,omics,Circulating miRNA Profiling of Women at High Risk for Ovarian Cancer.
PMC6541501,Cancer,2019,cc by-nc,ok,2,1,0,0,1,dataset_large,omics,Ancestral characterization of 1018 cancer cell lines highlights disparities and reveals gene expression and mutational differences.
PMC6426263,PLoS Genet,2019,cc0,ok,9,1,7,0,1,dataset_medium,numeric,"Genetic signatures of gene flow and malaria-driven natural selection in sub-Saharan populations of the ""endemic Burkitt Lymphoma belt""."
PMC6539725,CPT Pharmacometrics Syst Pharmacol,2019,cc by-nc-nd,ok,2,1,0,0,1,dataset_medium,numeric,Tisagenlecleucel Model-Based Cellular Kinetic Analysis of Chimeric Antigen Receptor-T Cells.
PMC6407248,J Hematol Oncol,2019,cc by,ok,2,0,1,0,1,small_table,,The IAP antagonist birinapant potentiates bortezomib anti-myeloma activity in vitro and in vivo.
PMC6399967,J Immunother Cancer,2019,cc by,ok,4,1,0,0,2,dataset_medium,mixed,α-PD-1 therapy elevates Treg/Th balance and increases tumor cell pSmad3 that are both targeted by α-TGFβ antibody to promote durable rejection and immunity in squamous cell carcinomas.
PMC6400930,Nat Commun,2019,cc by,ok,9,1,0,0,4,dataset_medium,numeric,Stem cell proliferation is induced by apoptotic bodies from dying cells during epithelial tissue maintenance.
PMC7440686,J Nutr Intermed Metab,2019,cc by-nc-nd,ok,1,0,0,0,0,no_tabular_data,,Adiposity does not modify the effect of the dietary inflammatory potential on type 2 diabetes incidence among a prospective cohort of men.
PMC6397194,Sci Rep,2019,cc by,ok,2,1,0,0,1,dataset_medium,clinical,Mutations in DNA repair genes are associated with increased neoantigen burden and a distinct immunophenotype in lung squamous cell carcinoma.
PMC6401092,Sci Rep,2019,cc by,ok,6,1,3,0,1,dataset_medium,mixed,Impact of Polymerase Fidelity on Background Error Rates in Next-Generation Sequencing with Unique Molecular Identifiers/Barcodes.
PMC6441842,Cell Rep,2019,cc by-nc-nd,ok,1,0,0,0,1,no_tabular_data,,A Systematic Investigation of the Malignant Functions and Diagnostic Potential of the Cancer Secretome.
PMC6399349,Nat Commun,2019,cc by,ok,8,2,0,0,5,dataset_large,omics,ACVR1 R206H cooperates with H3.1K27M in promoting diffuse intrinsic pontine glioma pathogenesis.
PMC6425951,Cell Rep,2019,cc by-nc-nd,ok,1,0,0,0,0,no_tabular_data,,FOXM1 Deubiquitination by USP21 Regulates Cell Cycle Progression and Paclitaxel Sensitivity in Basal-like Breast Cancer.
PMC6546105,Nat Cell Biol,2019,,ok,1,0,0,0,0,no_tabular_data,,Apical-basal polarity inhibits epithelial-mesenchymal transition and tumour metastasis by PAR-complex-mediated SNAI1 degradation.
PMC6405636,Front Genet,2019,cc by,ok,1,1,0,0,0,dataset_medium,mixed,The Impact of Heterogeneity on Single-Cell Sequencing.
PMC6393486,Nat Commun,2019,cc by,ok,4,1,0,0,3,dataset_large,numeric,Persistent DNA-break potential near telomeres increases initiation of meiotic recombination on short chromosomes.
PMC6411228,PLoS Comput Biol,2019,cc by,ok,1,1,0,0,0,dataset_medium,mixed,Script of Scripts: A pragmatic workflow system for daily computational research.
PMC6411202,PLoS Pathog,2019,cc by,ok,5,1,3,0,1,dataset_medium,numeric,NDRG1 facilitates the replication and persistence of Kaposi's sarcoma-associated herpesvirus by interacting with the DNA polymerase clamp PCNA.
PMC6565506,Oncogene,2019,,ok,1,0,0,0,0,no_tabular_data,,"MicroRNA-1205, encoded on chromosome 8q24, targets EGLN3 to induce cell growth and contributes to risk of castration-resistant prostate cancer."
PMC6386278,PLoS One,2019,cc by,ok,2,1,0,0,1,dataset_medium,numeric,Little cigars and cigarillos harbor diverse bacterial communities that differ between the tobacco and the wrapper.
PMC6386754,Oncogenesis,2019,cc by,ok,2,1,0,0,1,dataset_medium,omics,Study of Cathepsin B inhibition in VEGFR TKI treated human renal cell carcinoma xenografts.
PMC6382401,Sci Adv,2019,cc by-nc,ok,5,3,0,0,1,dataset_large,mixed;numeric;omics,Targeting DDR2 enhances tumor response to anti-PD-1 immunotherapy.
PMC6703969,Genet Med,2019,,ok,1,0,0,0,1,no_tabular_data,,Toward automation of germline variant curation in clinical cancer genetics.
PMC6382781,Sci Rep,2019,cc by,ok,2,1,1,0,0,dataset_large,omics,Identification of a Xist silencing domain by Tiling CRISPR.
PMC6379685,Life Sci Alliance,2019,cc by,ok,5,3,0,0,2,dataset_large,omics,MiR-146a wild-type 3' sequence identity is dispensable for proper innate immune function in vivo.
PMC6407674,Oncotarget,2019,cc by,ok,7,4,2,0,1,dataset_large,omics,The X-linked tumor suppressor TSPX downregulates cancer-drivers/oncogenes in prostate cancer in a C-terminal acidic domain dependent manner.
PMC6585303,Ann Rheum Dis,2019,cc by-nc,ok,8,1,1,0,5,dataset_medium,omics,Lupus nephritis is linked to disease-activity associated expansions and immunity to a gut commensal.
PMC6379974,Cell Commun Signal,2019,cc by,ok,1,1,0,0,0,dataset_large,numeric,Metastasis-associated protein 1 (MTA1) is transferred by exosomes and contributes to the regulation of hypoxia and estrogen signaling in breast cancer cells.
PMC6402697,PLoS Comput Biol,2019,cc by,ok,28,10,0,0,16,dataset_large,mixed;numeric;omics,Integrated structural variation and point mutation signatures in cancer genomes using correlated topic models.
PMC6386521,Elife,2019,cc by,ok,8,0,5,0,1,small_table,,The cellular basis of mechanosensory Merkel-cell innervation during development.
PMC6379413,Nat Commun,2019,cc by,ok,6,2,0,0,4,dataset_large,mixed;numeric,Engineered transfer RNAs for suppression of premature termination codons.
PMC6379488,Cell Death Dis,2019,cc by,ok,1,1,0,0,0,dataset_medium,numeric,H19 potentiates let-7 family expression through reducing PTBP1 binding to their precursors in cholestasis.
PMC6384317,Neoplasia,2019,cc by-nc-nd,ok,1,1,0,0,0,dataset_large,omics,Characterizing the Therapeutic Potential of a Potent BET Degrader in Merkel Cell Carcinoma.
PMC6461853,Br J Cancer,2019,cc by,ok,7,4,2,0,1,dataset_medium,clinical;numeric,Genome-wide association study of germline variants and breast cancer-specific mortality.
PMC6382153,PLoS One,2019,cc by,ok,1,0,0,0,0,tables_only,,Preliminary results of identification and quantification of paclitaxel and its metabolites in human meconium from newborns with gestational chemotherapeutic exposure.
PMC6400498,Elife,2019,cc by,ok,5,0,1,0,1,small_table,,A multicellular rosette-mediated collective dendrite extension.
PMC6402716,Oncotarget,2019,cc by,ok,6,4,1,0,1,dataset_large,mixed;numeric;omics,"Global gene expression of histologically normal primary skin cells from BCNS subjects reveals ""single-hit"" effects that are influenced by rapamycin."
PMC6458986,ACS Comb Sci,2019,,ok,2,1,0,0,0,dataset_medium,numeric,Biophysical Characterization Platform Informs Protein Scaffold Evolvability.
PMC6375556,PLoS One,2019,cc by,ok,6,1,1,0,3,dataset_large,mixed,"Tailored NEOadjuvant epirubicin, cyclophosphamide and Nanoparticle Albumin-Bound paclitaxel for breast cancer: The phase II NEONAB trial-Clinical outcomes and molecular determinants of response."
PMC6377781,BMC Bioinformatics,2019,cc by,ok,3,1,0,0,1,dataset_medium,omics,Functional Heatmap: an automated and interactive pattern recognition tool to integrate time with multi-omics assays.
PMC6373158,Crit Care,2019,cc by,ok,2,2,0,0,0,dataset_large,mixed;numeric,Exosomes from endothelial progenitor cells improve outcomes of the lipopolysaccharide-induced acute lung injury.
PMC6372607,Sci Rep,2019,cc by,ok,2,1,0,0,1,dataset_large,numeric,Ventricular-Subventricular Zone Contact by Glioblastoma is Not Associated with Molecular Signatures in Bulk Tumor Data.
PMC6375203,Biol Direct,2019,cc by,ok,4,0,2,0,0,small_table,,Integrative analysis based on survival associated co-expression gene modules for predicting Neuroblastoma patients' survival time.
PMC6374022,PLoS One,2019,cc by,ok,10,0,1,6,1,small_table,,Using topic modeling via non-negative matrix factorization to identify relationships between genetic variants and disease phenotypes: A case study of Lipoprotein(a) (LPA).
PMC6377657,Commun Biol,2019,cc by,ok,4,0,2,0,2,small_table,,Oxylipins mediate cell-to-cell communication in <i>Pseudomonas aeruginosa</i>.
PMC6618168,J Pathol,2019,cc by-nc-nd,ok,8,2,2,0,4,dataset_large,mixed;numeric,Genomic landscape and evolutionary trajectories of ovarian cancer precursor lesions.
PMC6370766,Blood Cancer J,2019,cc by,ok,4,1,2,0,1,dataset_large,omics,"Identification of lenalidomide resistance pathways in myeloma and targeted resensitization using cereblon replacement, inhibition of STAT3 or targeting of IRF4."
PMC6371497,J Immunother Cancer,2019,cc by,ok,1,1,0,0,0,dataset_medium,omics,Persistent mutant oncogene specific T cells in two patients benefitting from anti-PD-1.
PMC6370210,PLoS One,2019,cc by,ok,1,0,0,0,0,tables_only,,Perceptions of cervical cancer prevention on Twitter uncovered by different sampling strategies.
PMC6375878,Front Immunol,2019,cc by,ok,3,1,0,0,1,dataset_medium,numeric,PRMT5 Associates With the FOXP3 Homomer and When Disabled Enhances Targeted p185<sup>erbB2/neu</sup> Tumor Immunotherapy.
PMC6396411,Genome Res,2019,cc by-nc,ok,18,11,4,0,1,dataset_large,mixed;numeric,"Comprehensive, integrated, and phased whole-genome analysis of the primary ENCODE cell line K562."
PMC6370879,Nat Commun,2019,cc by,ok,3,0,1,0,1,small_table,,TRADD regulates perinatal development and adulthood survival in mice lacking RIPK1 and RIPK3.
PMC6390935,Nature,2019,,ok,3,1,1,0,1,dataset_medium,numeric,Evidence for an alternative fatty acid desaturation pathway increasing cancer plasticity.
PMC6361901,Nat Commun,2019,cc by,ok,3,1,0,0,2,dataset_medium,numeric,Engineered microbial biofuel production and recovery under supercritical carbon dioxide.
PMC6429582,Comput Struct Biotechnol J,2019,cc by,ok,4,3,0,0,1,dataset_medium,mixed;numeric,Unveiling the Kinomes of &lt;i&gt;Leishmania infantum&lt;/i&gt; and &lt;i&gt;L. braziliensis&lt;/i&gt; Empowers the Discovery of New Kinase Targets and Antileishmanial Compounds.
PMC6368739,Epigenetics Chromatin,2019,cc by,ok,5,4,0,0,1,dataset_large,numeric;omics,Coordination between TGF-β cellular signaling and epigenetic regulation during epithelial to mesenchymal transition.
PMC6368740,Breast Cancer Res,2019,cc by,ok,11,3,0,0,8,dataset_large,omics,Targeted mutation detection in breast cancer using MammaSeq™.
PMC6477003,Stem Cells Transl Med,2019,cc by-nc-nd,ok,1,0,0,0,0,tables_only,,A Phase I Study to Assess the Safety and Cancer-Homing Ability of Allogeneic Bone Marrow-Derived Mesenchymal Stem Cells in Men with Localized Prostate Cancer.
PMC6368329,PLoS One,2019,cc by,ok,4,3,1,0,0,dataset_large,numeric,The organization of leukotriene biosynthesis on the nuclear envelope revealed by single molecule localization microscopy and computational analyses.
PMC6368617,Nat Commun,2019,cc by,ok,9,4,0,0,4,dataset_large,numeric,Intestinal non-canonical NFκB signaling shapes the local and systemic immune response.
PMC6363388,Elife,2019,cc by,ok,3,2,0,0,1,dataset_large,numeric;omics,Cellular acidosis triggers human MondoA transcriptional activity by driving mitochondrial ATP production.
PMC6360800,Cancer Cell Int,2019,cc by,ok,1,0,1,0,0,small_table,,CIB1 depletion with docetaxel or TRAIL enhances triple-negative breast cancer cell death.
PMC6635093,Proteomics Clin Appl,2019,cc by,ok,5,3,0,0,2,dataset_medium,mixed;numeric;omics,Proteomic Profiling of Acute Promyelocytic Leukemia Identifies Two Protein Signatures Associated with Relapse.
PMC6354984,PLoS One,2019,cc by,ok,1,0,1,0,0,small_table,,A qualitative comparison of how older breast cancer survivors process treatment information regarding endocrine therapy.
PMC6357357,BMC Med Genomics,2019,cc by,ok,2,1,1,0,0,dataset_medium,omics,Comparison of different functional prediction scores using a gene-based permutation model for identifying cancer driver genes.
PMC6362117,Sci Rep,2019,cc by,ok,2,0,1,0,1,small_table,,Mass Effect Deformation Heterogeneity (MEDH) on Gadolinium-contrast T1-weighted MRI is associated with decreased survival in patients with right cerebral hemisphere Glioblastoma: A feasibility study.
PMC6398181,Oncotarget,2019,cc by,ok,2,1,0,0,1,dataset_large,omics,Immune response characterization of endometrial cancer.
PMC6377565,Nat Cell Biol,2019,,ok,1,0,0,0,1,no_tabular_data,,AKT methylation by SETDB1 promotes AKT kinase activity and oncogenic functions.
PMC6359802,J Immunother Cancer,2019,cc by,ok,2,1,0,0,1,dataset_medium,clinical,Proliferative potential and resistance to immune checkpoint blockade in lung cancer patients.
PMC6362809,Genes Dev,2019,cc by-nc,ok,9,1,0,0,1,dataset_medium,mixed,RAD52 and SLX4 act nonepistatically to ensure telomere stability during alternative telomere lengthening.
PMC6351101,Elife,2019,cc by,ok,5,0,0,2,2,tables_only,,Mitochondrial fusion supports increased oxidative phosphorylation during cell proliferation.
PMC6750869,J Proteome Res,2019,,ok,2,1,0,0,1,dataset_large,numeric,pmartR: Quality Control and Statistics for Mass Spectrometry-Based Biological Data.
PMC6350330,Environ Health,2019,cc by,ok,3,2,1,0,0,dataset_medium,numeric,A global perspective on coal-fired power plants and burden of lung cancer.
PMC6355972,Nat Commun,2019,cc by,ok,4,1,0,0,3,dataset_large,numeric,Volume expansion and TRPV4 activation regulate stem cell fate in three-dimensional microenvironments.
PMC6357358,BMC Med Genomics,2019,cc by,ok,4,4,0,0,0,dataset_large,mixed;numeric;omics,Predict drug sensitivity of cancer cells with pathway activity inference.
PMC6609470,Leukemia,2019,cc by,ok,4,1,0,0,3,dataset_medium,mixed,Sequentially inducible mouse models reveal that Npm1 mutation causes malignant transformation of Dnmt3a-mutant clonal hematopoiesis.
PMC6347618,Nat Commun,2019,cc by,ok,10,6,0,0,4,dataset_large,numeric;omics,The functional synergism of microRNA clustering provides therapeutically relevant epigenetic interference in glioblastoma.
PMC6347438,PLoS One,2019,cc by,ok,2,0,2,0,0,small_table,,In vivo positron emission tomographic blood pool imaging in an immunodeficient mouse model using 18F-fluorodeoxyglucose labeled human erythrocytes.
PMC6462004,Br J Cancer,2019,cc by,ok,1,0,1,0,0,small_table,,Diet quality and Gleason grade progression among localised prostate cancer patients on active surveillance.
PMC6752318,Genet Med,2019,cc by-nc-nd,ok,2,1,0,0,0,dataset_medium,omics,Xrare: a machine learning method jointly modeling phenotypes and genetic evidence for rare disease diagnosis.
PMC6344567,Sci Rep,2019,cc by,ok,2,1,0,0,1,dataset_large,mixed,Identification of candidate neoantigens produced by fusion transcripts in human osteosarcomas.
PMC6345777,Sci Rep,2019,cc by,ok,3,1,0,0,1,dataset_medium,numeric,Off-target based drug repurposing opportunities for tivantinib in acute myeloid leukemia.
PMC6344081,Elife,2019,cc by,ok,25,8,2,0,2,dataset_large,mixed;numeric;omics,PLZF targets developmental enhancers for activation during osteogenic differentiation of human mesenchymal stem cells.
PMC6342931,Nat Commun,2019,cc by,ok,13,9,2,0,2,dataset_medium,mixed;numeric;omics,Multi-ancestry study of blood lipid levels identifies four loci interacting with physical activity.
PMC6422384,Oncoimmunology,2019,cc by-nc-nd,ok,1,1,0,0,0,dataset_large,mixed,Detection of neoantigen-specific T cells following a personalized vaccine in a patient with glioblastoma.
PMC6346512,J Immunother Cancer,2019,cc by,ok,1,1,0,0,0,dataset_medium,mixed,Next generation sequencing of PD-L1 for predicting response to immune checkpoint inhibitors.
PMC6563616,Oncogene,2019,cc by,ok,3,1,0,0,2,dataset_large,omics,Thymine DNA glycosylase as a novel target for melanoma.
PMC6338772,Nat Commun,2019,cc by,ok,5,2,0,0,3,dataset_large,mixed;numeric,Lsd1 as a therapeutic target in Gfi1-activated medulloblastoma.
PMC6445824,J Am Soc Mass Spectrom,2019,cc by,ok,12,6,0,0,6,dataset_medium,mixed;omics,Improving Precursor Selectivity in Data-Independent Acquisition Using Overlapping Windows.
PMC6338751,Nat Commun,2019,cc by,ok,7,2,1,0,4,dataset_large,mixed;omics,Differential damage and repair of DNA-adducts induced by anti-cancer drug cisplatin across mouse organs.
PMC6336870,Sci Rep,2019,cc by,ok,2,1,0,0,1,dataset_medium,omics,The circadian E3 ligase complex SCF<sup>FBXL3+CRY</sup> targets TLK2.
PMC6341717,BMC Cancer,2019,cc by,ok,3,1,0,0,0,dataset_medium,omics,CCNE1 amplification is associated with poor prognosis in patients with triple negative breast cancer.
PMC6336235,PLoS Genet,2019,cc by,ok,1,1,0,0,0,dataset_medium,numeric,Wagging the long tail of drivers of prostate cancer.
PMC6335421,Nat Commun,2019,cc by,ok,8,4,1,0,3,dataset_medium,mixed;omics,Clinical resistance to crenolanib in acute myeloid leukemia due to diverse molecular mechanisms.
PMC6538468,Hepatology,2019,cc by-nc,ok,6,2,2,0,2,dataset_large,omics,MERIT: Systematic Analysis and Characterization of Mutational Effect on RNA Interactome Topology.
PMC6356614,Genes (Basel),2019,cc by,ok,1,1,0,0,0,dataset_medium,numeric,A Direct Comparison of the Relationship of Epigenetic Aging and Epigenetic Substance Consumption Markers to Mortality in the Framingham Heart Study.
PMC6341096,Transl Psychiatry,2019,cc by,ok,2,1,0,0,0,dataset_medium,numeric,Cell type-specific gene expression patterns associated with posttraumatic stress disorder in World Trade Center responders.
PMC6756020,Oncogene,2019,cc by,too_large,0,0,0,0,0,no_supp_retrieved,,Growth suppression by dual BRAF(V600E) and NRAS(Q61) oncogene expression is mediated by SPRY4 in melanoma.
PMC6334963,PLoS One,2019,cc by,ok,1,1,0,0,0,dataset_medium,numeric,Association of electroretinography with visual outcomes after ophthalmic artery chemosurgery for retinoblastoma in ICRb D and E eyes.
PMC6331611,Nat Commun,2019,cc by,ok,11,5,2,0,4,dataset_large,mixed;numeric,A macrophage-based screen identifies antibacterial compounds selective for intracellular Salmonella Typhimurium.
PMC6334391,Clin Epigenetics,2019,cc by,ok,1,1,0,0,0,dataset_medium,mixed,Epigenetic therapy for ovarian cancer: promise and progress.
PMC6336405,Elife,2019,cc by,ok,10,7,2,0,1,dataset_large,clinical;numeric;omics,<i>GREB1</i> amplifies androgen receptor output in human prostate cancer and contributes to antiandrogen resistance.
PMC10752433,Lab Invest,2019,,ok,1,0,0,0,0,no_tabular_data,,Unlocking bone for proteomic analysis and FISH.
PMC6331603,Nat Commun,2019,cc by,ok,8,5,0,0,3,dataset_large,mixed;numeric,Expression of novel long noncoding RNAs defines virus-specific effector and memory CD8&lt;sup&gt;+&lt;/sup&gt; T cells.
PMC6353226,PLoS Comput Biol,2019,cc by,ok,10,2,3,0,2,dataset_medium,mixed;numeric,Modeling cell line-specific recruitment of signaling proteins to the insulin-like growth factor 1 receptor.
PMC6335434,Nat Commun,2019,cc by,ok,5,1,1,0,3,dataset_medium,omics,Exosomes harbor B cell targets in pancreatic adenocarcinoma and exert decoy function against complement-mediated cytotoxicity.
PMC6329772,Nat Commun,2019,cc by,ok,6,2,0,0,4,dataset_large,omics,Estrogen signaling in arcuate Kiss1 neurons suppresses a sex-dependent female circuit promoting dense strong bones.
PMC6499643,Oncogene,2019,cc by,ok,6,5,0,1,0,dataset_large,clinical;mixed;numeric;omics,APOBEC-induced mutations and their cancer effect size in head and neck squamous cell carcinoma.
PMC6332579,Breast Cancer Res,2019,cc by,ok,1,1,0,0,0,dataset_medium,numeric,Context-dependent roles of MDMX (MDM4) and MDM2 in breast cancer proliferation and circulating tumor cells.
PMC6486426,Oncogene,2019,,ok,1,0,0,0,1,no_tabular_data,,Topoisomerase IIβ-binding protein 1 activates expression of E2F1 and p73 in HPV-positive cells for genome amplification upon epithelial differentiation.
PMC6328551,Nat Commun,2019,cc by,too_large,0,0,0,0,0,no_supp_retrieved,,Global phosphoproteomic analysis reveals ARMC10 as an AMPK substrate that regulates mitochondrial dynamics.
PMC6328557,Nat Commun,2019,cc by,ok,3,0,1,0,2,small_table,,Mir20a/106a-WTX axis regulates RhoGDIa/CDC42 signaling and colon cancer progression.
PMC6342324,PLoS Genet,2019,cc by,ok,9,3,6,0,0,dataset_medium,mixed;numeric,Allele-specific RNA imaging shows that allelic imbalances can arise in tissues through transcriptional bursting.
PMC6322741,PLoS One,2019,cc by,ok,5,3,1,0,1,dataset_large,mixed;omics,Elucidating synergistic dependencies in lung adenocarcinoma by proteome-wide signaling-network analysis.
PMC6327095,Nat Commun,2019,cc by,ok,11,4,2,0,4,dataset_large,mixed;numeric,Single-cell microRNA-mRNA co-sequencing reveals non-genetic heterogeneity and mechanisms of microRNA regulation.
PMC6400557,J Cell Biol,2019,cc by-nc-sa,ok,2,1,0,0,1,dataset_medium,numeric,Methionine triggers Ppz-mediated dephosphorylation of Art1 to promote cargo-specific endocytosis.
PMC6321722,BMC Bioinformatics,2019,cc by,ok,2,2,0,0,0,dataset_large,mixed;omics,Predicting peptide presentation by major histocompatibility complex class I: an improved machine learning approach to the immunopeptidome.
PMC6349455,Oncotarget,2019,cc by,ok,7,3,3,0,1,dataset_large,mixed;numeric,Genomic characterization of metastatic ultra-hypermutated interdigitating dendritic cell sarcoma through rapid research autopsy.
PMC6396417,Genome Res,2019,cc by-nc,ok,21,8,1,0,7,dataset_large,mixed;numeric;omics,"PepQuery enables fast, accurate, and convenient proteomic validation of novel genomic alterations."
PMC6328563,Oncogenesis,2019,cc by,ok,3,1,1,0,1,dataset_large,mixed,Histone demethylase KDM6B has an anti-tumorigenic function in neuroblastoma by promoting differentiation.
PMC6331136,PLoS Comput Biol,2019,cc by,ok,1,0,1,0,0,small_table,,Global analysis of N6-methyladenosine functions and its disease association using deep learning and network-based methods.
PMC6321975,Neoplasia,2019,cc by-nc-nd,ok,11,0,6,3,2,small_table,,"Genome-Wide Analysis of Head and Neck Squamous Cell Carcinomas Reveals HPV, TP53, Smoking and Alcohol-Related Allele-Based Acquired Uniparental Disomy Genomic Alterations."
PMC6348203,iScience,2019,cc by-nc-nd,ok,6,5,0,0,1,dataset_medium,mixed;numeric,Enhanced TGF-β Signaling Contributes to the Insulin-Induced Angiogenic Responses of Endothelial Cells.
PMC6336207,Invest Ophthalmol Vis Sci,2019,cc by-nc-nd,ok,5,3,0,0,1,dataset_large,mixed;omics,Bidirectional Analysis of Cryba4-Crybb1 Nascent Transcription and Nuclear Accumulation of Crybb3 mRNAs in Lens Fibers.
PMC6343755,Oncotarget,2019,cc by,ok,3,1,0,0,2,dataset_large,omics,FGFR1β is a driver isoform of FGFR1 alternative splicing in breast cancer cells.
PMC6335585,Stem Cell Reports,2019,cc by-nc-nd,ok,4,2,0,0,2,dataset_large,numeric,A miRNA-Mediated Approach to Dissect the Complexity of Tumor-Initiating Cell Function and Identify miRNA-Targeting Drugs.
PMC6323912,Nucleic Acids Res,2019,cc by,ok,1,1,0,0,0,dataset_medium,mixed,PDX Finder: A portal for patient-derived tumor xenograft model discovery.
PMC6319718,PLoS One,2019,cc by,ok,1,1,0,0,0,dataset_large,omics,Longitudinal stability in cigarette smokers of urinary biomarkers of exposure to the toxicants acrylonitrile and acrolein.
PMC6338834,Proc Natl Acad Sci U S A,2019,cc by-nc-nd,ok,3,1,0,0,1,dataset_large,numeric,Mcm10 has potent strand-annealing activity and limits translocase-mediated fork regression.
PMC6328942,EMBO Mol Med,2019,cc by,ok,7,1,0,0,6,dataset_medium,omics,Murine &lt;i&gt;MPDZ&lt;/i&gt;-linked hydrocephalus is caused by hyperpermeability of the choroid plexus.
PMC6324072,Nucleic Acids Res,2019,cc by,ok,1,1,0,0,0,dataset_medium,mixed,"15 years of PhosphoSitePlus®: integrating post-translationally modified sites, disease variants and isoforms."
PMC6307536,Transl Oncol,2019,cc by-nc-nd,ok,2,0,1,0,1,small_table,,Quadruple Negative Breast Cancers (QNBC) Demonstrate Subtype Consistency among Primary and Recurrent or Metastatic Breast Cancer.
PMC6365381,Leukemia,2019,cc by,ok,5,3,1,0,1,dataset_medium,mixed;omics,Molecularly distinct models of zebrafish Myc-induced B cell leukemia.
PMC6378979,J Biol Chem,2019,cc by,ok,3,1,0,0,1,dataset_medium,mixed,SRC tyrosine kinase activates the YAP/TAZ axis and thereby drives tumor growth and metastasis.
PMC6348769,Mol Ther Nucleic Acids,2019,cc by-nc-nd,ok,3,0,1,0,2,small_table,,Activating PTEN Tumor Suppressor Expression with the CRISPR/dCas9 System.
PMC6323553,Am J Hum Genet,2019,cc by-nc-nd,ok,5,5,0,0,0,dataset_large,numeric;omics,Polygenic Risk Scores for Prediction of Breast Cancer and Breast Cancer Subtypes.
PMC6450751,Oncogene,2019,,ok,1,0,0,0,0,no_tabular_data,,Cell type-dependent function of LATS1/2 in cancer cell growth.
PMC6512804,Dig Dis Sci,2019,cc by-nc,ok,1,1,0,0,0,dataset_medium,numeric,Nonalcoholic Fatty Liver Disease Demonstrates a Pre-fibrotic and Premalignant Molecular Signature.
PMC6450769,Oncogene,2019,,ok,1,0,0,0,0,no_tabular_data,,Genome-wide CRISPR screens reveal synthetic lethality of RNASEH2 deficiency and ATR inhibition.
PMC6349024,Chem Sci,2019,cc by-nc,ok,3,0,2,0,1,small_table,,Collision cross section compendium to annotate and predict multi-omic compound identities.
PMC6275846,Redox Biol,2019,cc by-nc-nd,ok,2,2,0,0,0,dataset_medium,mixed,Proteomic analysis of microbial induced redox-dependent intestinal signaling.
PMC6251232,Transl Oncol,2019,cc by-nc-nd,ok,2,1,0,1,0,dataset_medium,omics,OKN-007 Increases temozolomide (TMZ) Sensitivity and Suppresses TMZ-Resistant Glioblastoma (GBM) Tumor Growth.
PMC6430693,Oncogene,2019,,ok,1,0,0,1,0,no_tabular_data,,ACVR1C/SMAD2 signaling promotes invasion and growth in retinoblastoma.
PMC6760558,Prostate Cancer Prostatic Dis,2019,cc by,ok,10,3,0,0,7,dataset_large,omics,Distinct transcriptional repertoire of the androgen receptor in ETS fusion-negative prostate cancer.
PMC6300564,Lab Invest,2019,cc by-nc-nd,ok,2,0,1,0,1,small_table,,BMP9-induced osteoblastic differentiation requires functional Notch signaling in mesenchymal stem cells.
PMC6317472,Mol Cell Proteomics,2019,cc by,ok,4,1,0,0,1,dataset_large,numeric,"Deciphering Protein Glycosylation by Computational Integration of On-chip Profiling, Glycan-array Data, and Mass Spectrometry."
PMC6411460,Leukemia,2019,,ok,1,0,0,0,0,no_tabular_data,,Transmissible ER stress reconfigures the AML bone marrow compartment.
PMC6309365,Mod Pathol,2019,,ok,1,0,0,0,0,no_tabular_data,,Well-differentiated papillary mesothelioma of the peritoneum is genetically defined by mutually exclusive mutations in TRAF7 and CDC42.
PMC6580745,Gut,2019,cc by-nc,ok,4,1,0,0,3,dataset_medium,numeric,Molecular predictors of prevention of recurrence in HCC with sorafenib as adjuvant treatment and prognostic factors in the phase 3 STORM trial.
PMC6287763,Genet Med,2019,,ok,1,0,0,0,1,no_tabular_data,,Comprehensive annotation of BRCA1 and BRCA2 missense variants by functionally validated sequence-based computational prediction models.
PMC7820181,Front Microbiol,2020,cc by,ok,16,7,9,0,0,dataset_large,numeric,Rigorous Plasma Microbiome Analysis Method Enables Disease Association Discovery in Clinic.
PMC7774955,PLoS One,2020,cc by,ok,5,1,1,0,2,dataset_large,omics,Do people have an ethical obligation to share their health information? Comparing narratives of altruism and health information sharing in a nationally representative sample.
PMC7774954,PLoS One,2020,cc by,ok,6,1,0,0,4,dataset_medium,omics,Interactomic affinity profiling by holdup assay: Acetylation and distal residues impact the PDZome-binding specificity of PTEN phosphatase.
PMC7771089,BMC Genomics,2020,cc by,ok,5,3,2,0,0,dataset_medium,omics,Prognostic value and co-expression patterns of metabolic pathways in cancers.
PMC7793252,PLoS Pathog,2020,cc by,ok,5,2,0,0,3,dataset_large,omics,"Toxoplasma gondii PPM3C, a secreted protein phosphatase, affects parasitophorous vacuole effector export."
PMC7793307,PLoS Genet,2020,cc by,ok,26,2,1,0,22,dataset_large,mixed;omics,Differential effects of RASA3 mutations on hematopoiesis are profoundly influenced by genetic background and molecular variant.
PMC7773179,PLoS One,2020,cc by,ok,2,0,1,0,0,small_table,,Development and application of high-throughput screens for the discovery of compounds that disrupt ErbB4 signaling: Candidate cancer therapeutics.
PMC8013598,Ther Adv Med Oncol,2020,cc by-nc,ok,1,1,0,0,0,dataset_medium,clinical,ATR and p-ATR are emerging prognostic biomarkers and DNA damage response targets in ovarian cancer.
PMC7755916,Nat Commun,2020,cc by,ok,15,1,1,0,4,dataset_medium,mixed,The iron-dependent repressor YtgR is a tryptophan-dependent attenuator of the trpRBA operon in Chlamydia trachomatis.
PMC7813545,Elife,2020,cc by,ok,15,14,0,0,1,dataset_large,mixed;numeric;omics,"Re-expression of SMARCA4/BRG1 in small cell carcinoma of ovary, hypercalcemic type (SCCOHT) promotes an epithelial-like gene signature through an AP-1-dependent mechanism."
PMC7755919,Nat Commun,2020,cc by,ok,16,9,1,0,3,dataset_large,mixed;numeric;omics,MaTAR25 lncRNA regulates the Tensin1 gene to impact breast cancer progression.
PMC7746297,PLoS One,2020,cc by,ok,6,1,3,0,2,dataset_medium,numeric,"Site-specific targeting of a light activated dCas9-KillerRed fusion protein generates transient, localized regions of oxidative DNA damage."
PMC7784494,Cold Spring Harb Mol Case Stud,2020,cc by-nc,ok,3,0,0,0,1,tables_only,,Prolonged survival and response to tepotinib in a non-small-cell lung cancer patient with brain metastases harboring &lt;i&gt;MET&lt;/i&gt; exon 14 mutation: a research report.
PMC7745008,Sci Rep,2020,cc by,ok,2,1,0,0,1,dataset_medium,omics,ProbeDealer is a convenient tool for designing probes for highly multiplexed fluorescence in situ hybridization.
PMC7927818,Antimicrob Agents Chemother,2020,cc by,ok,2,1,0,0,1,dataset_medium,omics,<i>In Vitro</i> Exposure of Leukocytes to HIV Preexposure Prophylaxis Decreases Mitochondrial Function and Alters Gene Expression Profiles.
PMC7745469,BMC Med,2020,cc by,ok,2,1,0,0,1,dataset_large,mixed,"Adiposity, metabolites, and colorectal cancer risk: Mendelian randomization study."
PMC7736583,Commun Biol,2020,cc by,ok,5,1,0,0,4,dataset_large,mixed,"Genetic ancestry, skin pigmentation, and the risk of cutaneous squamous cell carcinoma in Hispanic/Latino and non-Hispanic white populations."
PMC7784493,Cold Spring Harb Mol Case Stud,2020,cc by-nc,ok,4,0,1,0,2,small_table,,Treatment response and tumor evolution: lessons from an extended series of multianalyte liquid biopsies in a metastatic breast cancer patient.
PMC7744081,Sci Adv,2020,cc by-nc,ok,6,3,0,0,2,dataset_large,numeric;omics,The nuclear DICER-circular RNA complex drives the deregulation of the glioblastoma cell microRNAome.
PMC7732368,PLoS One,2020,cc by,ok,4,1,0,0,3,dataset_medium,numeric,RNAi-based screens uncover a potential new role for the orphan neuropeptide receptor Moody in Drosophila female germline stem cell maintenance.
PMC7729705,BMC Med Genomics,2020,cc by,ok,4,3,0,0,1,dataset_medium,mixed;numeric,Identification of biological correlates associated with respiratory failure in COVID-19.
PMC7737294,BMC Bioinformatics,2020,cc by,ok,3,0,1,0,1,small_table,,"annoFuse: an R Package to annotate, prioritize, and interactively explore putative oncogenic RNA fusions."
PMC7767991,Front Comput Neurosci,2020,cc by,ok,1,1,0,0,0,dataset_medium,clinical,Can Tumor Location on Pre-treatment MRI Predict Likelihood of Pseudo-Progression vs. Tumor Recurrence in Glioblastoma?-A Feasibility Study.
PMC7767971,Front Microbiol,2020,cc by,ok,6,3,2,1,0,dataset_medium,mixed;numeric,Identification of New <i>Helicobacter pylori</i> Subpopulations in Native Americans and Mestizos From Peru.
PMC7769603,PLoS Genet,2020,cc by,ok,1,1,0,0,0,dataset_medium,numeric,A viral guide RNA delivery system for CRISPR-based transcriptional activation and heritable targeted DNA demethylation in Arabidopsis thaliana.
PMC7732843,Nat Commun,2020,cc by,ok,3,1,0,0,2,dataset_medium,numeric,Ferroptotic damage promotes pancreatic tumorigenesis through a TMEM173/STING-dependent DNA sensor pathway.
PMC7733499,Nat Commun,2020,cc by,ok,9,1,4,0,4,dataset_medium,mixed,Deep learning-based cross-classifications reveal conserved spatial behaviors within tumor histological images.
PMC7727197,BMC Med Res Methodol,2020,cc by,ok,2,0,2,0,0,small_table,,Variable selection in social-environmental data: sparse regression and tree ensemble machine learning approaches.
PMC7746230,Elife,2020,cc by,ok,9,2,1,0,1,dataset_medium,numeric,The role of extracellular matrix phosphorylation on energy dissipation in bone.
PMC7722725,Nat Commun,2020,cc by,ok,7,3,0,0,4,dataset_large,mixed;numeric,Tumor derived UBR5 promotes ovarian cancer growth and metastasis through inducing immunosuppressive macrophages.
PMC7726150,Sci Rep,2020,cc by,ok,3,1,0,0,1,dataset_large,omics,Wnt-inducible Lrp6-APEX2 interacting proteins identify ESCRT machinery and Trk-fused gene as components of the Wnt signaling pathway.
PMC7732979,Nat Commun,2020,cc by,ok,3,1,0,0,2,dataset_large,numeric,Estrogen-sensitive medial preoptic area neurons coordinate torpor in mice.
PMC7733475,NPJ Genom Med,2020,cc by,ok,20,11,6,0,2,dataset_large,clinical;mixed;numeric;omics,Intron retention is a robust marker of intertumoral heterogeneity in pancreatic ductal adenocarcinoma.
PMC7730811,Clin Epigenetics,2020,cc by,ok,2,1,0,0,0,dataset_large,mixed,Global hypermethylation of intestinal epithelial cells is a hallmark feature of neonatal surgical necrotizing enterocolitis.
PMC7744095,Elife,2020,cc by,ok,10,4,1,0,3,dataset_large,numeric,XLF acts as a flexible connector during non-homologous end joining.
PMC7720039,J Hematol Oncol,2020,cc by,ok,7,6,0,0,1,dataset_large,numeric;omics,Proteomic signatures of 16 major types of human cancer reveal universal and cancer-type-specific proteins for the identification of potential therapeutic targets.
PMC7763268,Cancers (Basel),2020,cc by,ok,1,1,0,0,0,dataset_medium,clinical,NDRG1 Expression Is an Independent Prognostic Factor in Inflammatory Breast Cancer.
PMC7721883,Nat Commun,2020,cc by,ok,13,9,1,0,3,dataset_large,mixed;numeric;omics,Heat Shock Factor 1-dependent extracellular matrix remodeling mediates the transition from chronic intestinal inflammation to colon cancer.
PMC7721697,Nat Commun,2020,cc by,ok,8,3,1,0,4,dataset_large,numeric,Thymic iNKT single cell analyses unmask the common developmental program of mouse innate T cells.
PMC7746308,PLoS Genet,2020,cc by,ok,5,0,0,0,4,tables_only,,"CAF-1 and Rtt101p function within the replication-coupled chromatin assembly network to promote H4 K16ac, preventing ectopic silencing."
PMC7752094,PLoS Genet,2020,cc by,ok,1,1,0,0,0,dataset_medium,numeric,Exploiting codon usage identifies intensity-specific modifiers of Ras/MAPK signaling in vivo.
PMC7722722,Nat Commun,2020,cc by,ok,11,5,1,0,4,dataset_medium,mixed;numeric;omics,Immune suppressive landscape in the human esophageal squamous cell carcinoma microenvironment.
PMC7721806,Nat Commun,2020,cc by,ok,4,1,1,0,2,dataset_medium,mixed,PD-L1 blockade in combination with inhibition of MAPK oncogenic signaling in patients with advanced melanoma.
PMC7721442,Elife,2020,cc by,ok,4,3,0,0,1,dataset_medium,omics,FLEXIQuant-LF to quantify protein modification extent in label-free proteomics data.
PMC7712786,Sci Rep,2020,cc by,ok,5,3,0,0,2,dataset_large,mixed;numeric,Poly(ADP-ribose) polymerase 1 in genome-wide expression control in Drosophila.
PMC7714394,Elife,2020,cc by,ok,17,4,9,0,3,dataset_medium,numeric,BAD inactivation exacerbates rheumatoid arthritis pathology by promoting survival of sublining macrophages.
PMC7714403,JCI Insight,2020,cc by,ok,3,2,0,0,1,dataset_medium,omics,TP-0903 is active in models of drug-resistant acute myeloid leukemia.
PMC7821887,Sci Adv,2020,cc by-nc,ok,5,2,0,0,2,dataset_large,numeric;omics,A novel cardiomyogenic role for Isl1&lt;sup&gt;+&lt;/sup&gt; neural crest cells in the inflow tract.
PMC7714356,PLoS One,2020,cc by,ok,10,1,1,0,8,dataset_medium,omics,DSAVE: Detection of misclassified cells in single-cell RNA-Seq data.
PMC7710766,Nat Commun,2020,cc by,ok,11,7,0,0,3,dataset_large,numeric;omics,Identification and characterization of constrained non-exonic bases lacking predictive epigenomic and transcription factor binding annotations.
PMC7563749,J Cell Biol,2020,cc by-nc-sa,ok,2,1,0,0,0,dataset_medium,omics,Nuclear envelope-vacuole contacts mitigate nuclear pore complex assembly stress.
PMC7728396,PLoS Genet,2020,cc by,ok,9,1,0,0,8,dataset_large,omics,A context-dependent bifurcation in the Pointed transcriptional effector network contributes specificity and robustness to retinal cell fate acquisition.
PMC7705703,Nat Commun,2020,cc by,ok,3,1,0,0,2,dataset_medium,numeric,Location-specific inhibition of Akt reveals regulation of mTORC1 activity in the nucleus.
PMC7829474,Neurooncol Adv,2020,cc by,ok,2,0,1,0,1,small_table,,"Multi-institutional noninvasive in vivo characterization of <i>IDH</i>, 1p/19q, and EGFRvIII in glioma using neuro-Cancer Imaging Phenomics Toolkit (neuro-CaPTk)."
PMC7744935,Comput Struct Biotechnol J,2020,cc by-nc-nd,ok,1,0,1,0,0,small_table,,Derivation of a nuclear heterogeneity image index to grade DCIS.
PMC7717582,Nat Cell Biol,2020,,ok,1,0,0,0,0,no_tabular_data,,Female human primordial germ cells display X-chromosome dosage compensation despite the absence of X-inactivation.
PMC7706234,BMC Cancer,2020,cc by,ok,4,1,0,0,2,dataset_medium,mixed,Eltrombopag inhibits the proliferation of Ewing sarcoma cells via iron chelation and impaired DNA replication.
PMC7710757,Nat Commun,2020,cc by,ok,4,1,0,0,3,dataset_medium,numeric,CD103<sup>+</sup> cDC1 and endogenous CD8<sup>+</sup> T cells are necessary for improved CD40L-overexpressing CAR T cell antitumor function.
PMC7821880,Sci Adv,2020,cc by-nc,ok,4,1,0,0,2,dataset_medium,mixed,Histone H3.3 beyond cancer: Germline mutations in <i>Histone 3 Family 3A and 3B</i> cause a previously unidentified neurodegenerative disorder in 46 patients.
PMC8086055,Nature,2020,,ok,1,0,0,0,1,no_tabular_data,,Galactosaminogalactan activates the inflammasome to provide host protection.
PMC7708487,Nat Commun,2020,cc by,ok,4,1,0,0,3,dataset_large,numeric,Gap junctions amplify spatial variations in cell volume in proliferating tumor spheroids.
PMC7706838,Mol Syst Biol,2020,cc by,ok,8,5,1,0,2,dataset_large,mixed;numeric;omics,Integrative proteomics reveals principles of dynamic phosphosignaling networks in human erythropoiesis.
PMC7733177,J Immunother Cancer,2020,cc by-nc,ok,5,3,0,0,2,dataset_large,numeric;omics,Mobilization of pre-existing polyclonal T cells specific to neoantigens but not self-antigens during treatment of a patient with melanoma with bempegaldesleukin and nivolumab.
PMC7708455,Nat Commun,2020,cc by,ok,7,3,1,0,3,dataset_large,clinical;numeric,Glycoproteomics-based signatures for tumor subtyping and clinical outcome prediction of high-grade serous ovarian cancer.
PMC7695829,Nat Commun,2020,cc by,ok,4,1,0,0,3,dataset_medium,mixed,Pan-cancer analysis demonstrates that integrating polygenic risk scores with modifiable risk factors improves risk prediction.
PMC7695707,Nat Commun,2020,cc by,ok,23,0,1,0,3,small_table,,β-Pix-dependent cellular protrusions propel collective mesoderm migration in the mouse embryo.
PMC7695730,Nat Commun,2020,cc by,ok,11,6,2,0,3,dataset_medium,mixed;omics,Tumor evolutionary trajectories during the acquisition of invasiveness in early stage lung adenocarcinoma.
PMC7704667,Nat Commun,2020,cc by,ok,8,4,0,0,4,dataset_large,numeric;omics,Identification of regulators of poly-ADP-ribose polymerase inhibitor response through complementary CRISPR knockout and activation screens.
PMC7728262,PLoS Biol,2020,cc0,ok,7,4,0,0,3,dataset_large,numeric;omics,Acetylation-mediated remodeling of the nucleolus regulates cellular acetyl-CoA responses.
PMC7728194,PLoS Comput Biol,2020,cc by,ok,12,2,5,4,0,dataset_large,omics,Identifying longevity associated genes by integrating gene expression and curated annotations.
PMC7695733,Nat Commun,2020,cc by,ok,6,2,0,0,3,dataset_medium,mixed,A multivariable Mendelian randomization analysis investigating smoking and alcohol consumption in oral and oropharyngeal cancer.
PMC7691523,Nat Commun,2020,cc by,ok,10,2,1,0,2,dataset_medium,mixed;omics,A stem cell reporter based platform to identify and target drug resistant stem cells in myeloid leukemia.
PMC7699643,Nat Commun,2020,cc by,ok,5,1,0,0,3,dataset_large,numeric,A systematic comprehensive longitudinal evaluation of dietary factors associated with acute myocardial infarction and fatal coronary heart disease.
PMC7691994,Nat Commun,2020,cc by,ok,10,3,2,0,4,dataset_large,mixed;numeric,Direct RNA sequencing reveals m&lt;sup&gt;6&lt;/sup&gt;A modifications on adenovirus RNA are necessary for efficient splicing.
PMC7756145,iScience,2020,cc by-nc-nd,ok,3,2,0,0,1,dataset_medium,mixed,Cell-free DNA (cfDNA) and Exosome Profiling from a Year-Long Human Spaceflight Reveals Circulating Biomarkers.
PMC7688136,PLoS One,2020,cc by,ok,4,3,0,0,1,dataset_medium,clinical;mixed;numeric,Correlation of genetic alterations by whole-exome sequencing with clinical outcomes of glioblastoma patients from the Lebanese population.
PMC9444344,Cell Rep,2020,cc by,ok,1,0,0,0,1,no_tabular_data,,"Multi-omic, Single-Cell, and Biochemical Profiles of Astronauts Guide Pharmacological Strategies for Returning to Gravity."
PMC8441986,Cell Rep,2020,cc by-nc-nd,ok,1,0,0,0,0,no_tabular_data,,Circulating miRNA Spaceflight Signature Reveals Targets for Countermeasure Development.
PMC7689502,Commun Biol,2020,cc by,ok,5,1,0,0,4,dataset_large,numeric,Large genome-wide association study identifies three novel risk variants for restless legs syndrome.
PMC7714393,Elife,2020,cc by,ok,3,2,0,0,1,dataset_medium,numeric,Autophagy compensates for Lkb1 loss to maintain adult mice homeostasis and survival.
PMC7699624,Nat Commun,2020,cc by,ok,3,1,0,0,2,dataset_medium,numeric,Tumor microenvironment-targeted nanoparticles loaded with bortezomib and ROCK inhibitor improve efficacy in multiple myeloma.
PMC7737610,EMBO J,2020,cc by,ok,11,3,0,0,6,dataset_large,numeric;omics,Receptor-mediated clustering of FIP200 bypasses the role of LC3 lipidation in autophagy.
PMC7682060,BMC Med Genet,2020,cc by,ok,5,1,2,0,1,dataset_medium,mixed,Genome-wide association study of prevalent and persistent cervical high-risk human papillomavirus (HPV) infection.
PMC7719760,Front Cell Dev Biol,2020,cc by,ok,8,1,0,0,7,dataset_medium,numeric,Ulcerative Colitis-Derived Colonoid Culture: A Multi-Mineral-Approach to Improve Barrier Protein Expression.
PMC7721552,JMIR Med Inform,2020,cc by,ok,1,0,0,0,0,no_tabular_data,,Measurement of Semantic Textual Similarity in Clinical Texts: Comparison of Transformer-Based Models.
PMC7925188,J Virol,2020,cc by,ok,2,1,0,0,1,dataset_medium,omics,Potential for Virus Endogenization in Humans through Testicular Germ Cell Infection: the Case of HIV.
PMC7687773,BMC Biol,2020,cc by,ok,5,4,0,0,0,dataset_large,numeric,CloneSifter: enrichment of rare clones from heterogeneous cell populations.
PMC7685479,PLoS One,2020,cc by,ok,5,1,1,0,3,dataset_large,omics,Discovering novel driver mutations from pan-cancer analysis of mutational and gene expression profiles.
PMC7679169,Sci Adv,2020,cc by-nc,ok,10,6,0,0,2,dataset_large,clinical;mixed;numeric;omics,Ancestry-dependent gene expression correlates with reprogramming to pluripotency and multiple dynamic biological processes.
PMC7684319,Nat Commun,2020,cc by,ok,15,11,0,0,4,dataset_large,mixed;numeric;omics,STRAP regulates alternative splicing fidelity during lineage commitment of mouse embryonic stem cells.
PMC7677389,Nat Commun,2020,cc by,ok,12,7,2,0,3,dataset_large,numeric,Functional compensation precedes recovery of tissue mass following acute liver injury.
PMC7679413,Sci Rep,2020,cc by,ok,6,3,2,0,0,dataset_medium,clinical;numeric,Disease-related Huntingtin seeding activities in cerebrospinal fluids of Huntington's disease patients.
PMC7717522,PLoS Pathog,2020,cc by,ok,7,2,0,0,2,dataset_medium,mixed;omics,Calcineurin phosphatase activity regulates Varicella-Zoster Virus induced cell-cell fusion.
PMC7676266,Nat Commun,2020,cc by,ok,4,0,1,0,3,small_table,,Endogenous antisense RNA curbs CD39 expression in Crohn's disease.
PMC7723410,Elife,2020,cc by,ok,4,1,2,0,1,dataset_medium,mixed,SMC5/6 is required for replication fork stability and faithful chromosome segregation during neurogenesis.
PMC8178986,Chem Sci,2020,cc by-nc,ok,3,2,0,0,0,dataset_large,omics,Ultrasensitive single-cell proteomics workflow identifies >1000 protein groups per mammalian cell.
PMC7672910,BMC Med Genomics,2020,cc by,ok,2,1,0,0,1,dataset_large,mixed,Mutational profiling of micro-dissected pre-malignant lesions from archived specimens.
PMC7691449,Cell Rep Med,2020,cc by-nc-nd,ok,15,10,2,0,2,dataset_large,mixed;numeric;omics,Metabolic Network Analysis Reveals Altered Bile Acid Synthesis and Metabolism in Alzheimer's Disease.
PMC7673123,Nat Commun,2020,cc by,ok,6,3,0,0,2,dataset_large,numeric;omics,Pogz deficiency leads to transcription dysregulation and impaired cerebellar activity underlying autism-like behavior in mice.
PMC7678866,NPJ Aging Mech Dis,2020,cc by,ok,6,3,1,0,2,dataset_medium,mixed;numeric,NQO1 protects obese mice through improvements in glucose and lipid metabolism.
PMC7707548,PLoS Genet,2020,cc by,ok,20,4,7,0,8,dataset_medium,numeric,Inhibition of the de novo pyrimidine biosynthesis pathway limits ribosomal RNA transcription causing nucleolar stress in glioblastoma cells.
PMC7677393,Nat Commun,2020,cc by,ok,3,1,0,0,2,dataset_large,numeric,PCM1 is necessary for focal ciliary integrity and is a candidate for severe schizophrenia.
PMC7673995,Nat Commun,2020,cc by,ok,11,4,1,0,4,dataset_large,clinical;mixed;numeric,Computationally predicting clinical drug combination efficacy with cancer cell line screens and independent drug action.
PMC7673035,Nat Commun,2020,cc by,ok,3,1,0,0,2,dataset_medium,numeric,Polycarbonate-based ultra-pH sensitive nanoparticles improve therapeutic window.
PMC7685705,Elife,2020,cc by,ok,12,2,6,0,1,dataset_large,mixed;numeric,Genome-wide CRISPR screen identifies noncanonical NF-κB signaling as a regulator of density-dependent proliferation.
PMC7665790,PLoS One,2020,cc0,ok,8,0,6,0,1,small_table,,Genetic loci associated with prevalent and incident myocardial infarction and coronary heart disease in the Cohorts for Heart and Aging Research in Genomic Epidemiology (CHARGE) Consortium.
PMC7695457,Elife,2020,cc by,ok,3,1,0,0,2,dataset_medium,numeric,Rdh54/Tid1 inhibits Rad51-Rad54-mediated D-loop formation and limits D-loop length.
PMC7732244,Ann Clin Transl Neurol,2020,cc by,ok,5,1,0,0,4,dataset_medium,numeric,Elevated levels of extracellular vesicles in progranulin-deficient mice and FTD-GRN Patients.
PMC7668614,PLoS One,2020,cc by,ok,75,29,39,0,6,dataset_large,mixed;numeric;omics,Divergent organ-specific isogenic metastatic cell lines identified using multi-omics exhibit differential drug sensitivity.
PMC7721438,Elife,2020,cc by,ok,18,2,14,1,1,dataset_medium,mixed;numeric,Sepsis impedes EAE disease development and diminishes autoantigen-specific naive CD4 T cells.
PMC7661543,Nat Commun,2020,cc by,ok,16,7,3,0,3,dataset_large,mixed;numeric;omics,Quantitative and multiplexed chemical-genetic phenotyping in mammalian cells with QMAP-Seq.
PMC7657535,PLoS One,2020,cc by,ok,2,1,1,0,0,dataset_large,mixed,Lower abdominal and pelvic radiation and testicular germ cell tumor risk.
PMC7707623,J Med Chem,2020,,ok,4,2,1,0,1,dataset_large,numeric;omics,A Multipronged Approach Establishes Covalent Modification of β-Tubulin as the Mode of Action of Benzamide Anti-cancer Toxins.
PMC7673741,Sci Adv,2020,cc by-nc,ok,5,2,0,0,2,dataset_large,omics,DORGE: Discovery of Oncogenes and tumoR suppressor genes using Genetic and Epigenetic features.
PMC7673759,Sci Adv,2020,cc by-nc,ok,8,3,0,0,2,dataset_large,numeric;omics,Plasma-derived extracellular vesicle analysis and deconvolution enable prediction and tracking of melanoma checkpoint blockade outcome.
PMC7695462,Elife,2020,cc by,ok,5,1,0,0,1,dataset_large,numeric,"Bisulfite treatment and single-molecule real-time sequencing reveal D-loop length, position, and distribution."
PMC7652891,Nat Commun,2020,cc by,ok,3,1,0,0,2,dataset_large,numeric,Co-administered antibody improves penetration of antibody-dye conjugate into human cancers with implications for antibody-drug conjugates.
PMC7653036,Oncogenesis,2020,cc by,ok,4,2,0,0,2,dataset_large,omics,Triptolide targets super-enhancer networks in pancreatic cancer cells and cancer-associated fibroblasts.
PMC7703647,Proc Natl Acad Sci U S A,2020,cc by-nc-nd,ok,3,2,0,0,1,dataset_large,mixed,Oncogenic allelic interaction in <i>Xiphophorus</i> highlights hybrid incompatibility.
PMC7661216,Acta Neuropathol Commun,2020,cc by,ok,2,1,0,0,1,dataset_medium,numeric,Bexarotene normalizes chemotherapy-induced myelin decompaction and reverses cognitive and sensorimotor deficits in mice.
PMC7760465,ACS Cent Sci,2020,,ok,2,1,0,0,1,dataset_large,omics,Formation of Biomolecular Condensates in Bacteria by Tuning Protein Electrostatics.
PMC7664998,Nat Commun,2020,cc by,ok,4,1,1,0,2,dataset_medium,mixed,Akt1 and dCIZ1 promote cell survival from apoptotic caspase activation during regeneration and oncogenic overgrowth.
PMC7653963,Blood Cancer J,2020,cc by,ok,3,1,0,0,2,dataset_medium,omics,Targeted genomic analysis of cutaneous T cell lymphomas identifies a subset with aggressive clinicopathological features.
PMC7658252,Sci Data,2020,cc by,ok,2,1,0,0,1,dataset_medium,numeric,"SAVI, in silico generation of billions of easily synthesizable compounds through expert-system type rules."
PMC7655942,Nat Commun,2020,cc by,ok,3,2,0,0,1,dataset_medium,numeric,Concordant peripheral lipidome signatures in two large clinical studies of Alzheimer's disease.
PMC7661039,Elife,2020,cc by,ok,5,4,0,0,1,dataset_large,numeric,Increased mTOR activity and metabolic efficiency in mouse and human cells containing the African-centric tumor-predisposing p53 variant Pro47Ser.
PMC7655953,Nat Commun,2020,cc by,ok,4,0,1,0,2,small_table,,Biomaterial-based scaffold for in situ chemo-immunotherapy to treat poorly immunogenic tumors.
PMC7646068,BMC Biol,2020,cc by,ok,2,1,1,0,0,dataset_large,omics,Spontaneous regression of micro-metastases following primary tumor excision: a critical role for primary tumor secretome.
PMC7643275,Mol Cancer,2020,cc by,ok,3,1,1,0,1,dataset_large,numeric,"The PVT1 lncRNA is a novel epigenetic enhancer of MYC, and a promising risk-stratification biomarker in colorectal cancer."
PMC7640699,Genome Biol,2020,cc by,ok,3,1,0,0,2,dataset_large,mixed,Multiomics profiling of primary lung cancers and distant metastases reveals immunosuppression as a common characteristic of tumor cells with metastatic plasticity.
PMC7677028,JMIR Public Health Surveill,2020,cc by,ok,1,1,0,0,0,dataset_medium,mixed,Electronic Cigarette-Related Contents on Instagram: Observational Study and Exploratory Analysis.
PMC7710283,JCI Insight,2020,cc by,ok,10,9,1,0,0,dataset_medium,mixed;numeric,"In utero human intestine harbors unique metabolome, including bacterial metabolites."
PMC7643076,Commun Biol,2020,cc by,too_large,0,0,0,0,0,no_supp_retrieved,,De novo necroptosis creates an inflammatory environment mediating tumor susceptibility to immune checkpoint inhibitors.
PMC7642382,Nat Commun,2020,cc by,ok,7,3,0,0,3,dataset_large,clinical;mixed,Discovery of driver non-coding splice-site-creating mutations in cancer.
PMC7641353,PLoS Med,2020,cc by,ok,19,6,2,0,10,dataset_medium,mixed;numeric,Bone marrow microenvironments that contribute to patient outcomes in newly diagnosed multiple myeloma: A cohort study of patients in the Total Therapy clinical trials.
PMC7641226,Nat Commun,2020,cc by,too_large,0,0,0,0,0,no_supp_retrieved,,Broad genic repression domains signify enhanced silencing of oncogenes.
PMC7646827,Oncotarget,2020,cc by,ok,2,1,0,0,1,dataset_large,omics,MEK is a promising target in the basal subtype of bladder cancer.
PMC8445225,Cancer Drug Resist,2020,cc by,ok,1,1,0,0,0,dataset_large,mixed,Genomic stability at the coding regions of the multidrug transporter gene &lt;i&gt;ABCB1&lt;/i&gt;: insights into the development of alternative drug resistance mechanisms in human leukemia cells.
PMC7642344,Nat Commun,2020,cc by,ok,10,6,0,0,4,dataset_large,numeric;omics,Expanding the genetic architecture of nicotine dependence and its shared genetics with multiple traits.
PMC7643955,PLoS One,2020,cc by,ok,8,3,1,0,3,dataset_large,numeric;omics,Single-cell analysis of transcriptome and DNA methylome in human oocyte maturation.
PMC7660927,PLoS Genet,2020,cc by,ok,8,5,2,0,1,dataset_large,numeric;omics,Dual genome-wide CRISPR knockout and CRISPR activation screens identify mechanisms that regulate the resistance to multiple ATR inhibitors.
PMC7688343,Cell Rep,2020,cc by,ok,1,0,0,0,0,no_tabular_data,,GDF6-CD99 Signaling Regulates Src and Ewing Sarcoma Growth.
PMC7545361,J Cell Biol,2020,cc by-nc-sa,ok,11,0,1,0,0,small_table,,MICOS subcomplexes assemble independently on the mitochondrial inner membrane in proximity to ER contact sites.
PMC7534926,J Cell Biol,2020,cc by-nc-sa,ok,1,1,0,0,0,dataset_medium,numeric,Novel phospho-switch function of delta-catenin in dendrite development.
PMC7706730,Genome Res,2020,cc by,ok,3,0,1,0,1,small_table,,Complex mosaic structural variations in human fetal brains.
PMC7591908,Commun Biol,2020,cc by,ok,5,1,0,0,4,dataset_medium,numeric,Lysosomal trafficking mediated by Arl8b and BORC promotes invasion of cancer cells that survive radiation.
PMC7603486,Nat Commun,2020,cc by,ok,4,0,0,0,3,no_tabular_data,,SDE2 integrates into the TIMELESS-TIPIN complex to protect stalled replication forks.
PMC7681063,Aging Cell,2020,cc by,ok,5,3,1,0,1,dataset_large,mixed,Genetic differences and longevity-related phenotypes influence lifespan and lifespan variation in a sex-specific manner in mice.
PMC7588077,PLoS One,2020,cc by,ok,10,1,6,0,3,dataset_medium,omics,"Targeted detection and quantitation of histone modifications from 1,000 cells."
PMC7891089,Nat Genet,2020,,ok,1,0,0,0,1,no_tabular_data,,Cancer therapy shapes the fitness landscape of clonal hematopoiesis.
PMC7591247,Elife,2020,cc by,ok,8,1,6,0,1,dataset_medium,numeric,SARM1 depletion rescues NMNAT1-dependent photoreceptor cell death and retinal degeneration.
PMC7591262,Elife,2020,cc by,ok,5,2,2,0,1,dataset_large,mixed,The <i>wtf4</i> meiotic driver utilizes controlled protein aggregation to generate selective cell death.
PMC7595271,PLoS One,2020,cc by,ok,4,0,2,0,2,small_table,,Mesenchymal stem cells promote metastasis through activation of an ABL-MMP9 signaling axis in lung cancer cells.
PMC7706707,Genes Dev,2020,cc by,ok,6,4,0,0,1,dataset_large,numeric;omics,Replication stress conferred by POT1 dysfunction promotes telomere relocalization to the nuclear pore.
PMC7589468,Commun Biol,2020,cc by,ok,16,3,7,0,2,dataset_large,numeric,Affinity enrichment of extracellular vesicles from plasma reveals mRNA changes associated with acute ischemic stroke.
PMC7591536,Nat Commun,2020,cc by,ok,4,0,1,0,3,small_table,,Neutrophil-induced ferroptosis promotes tumor necrosis in glioblastoma progression.
PMC7592056,Nat Commun,2020,cc by,ok,9,6,0,0,3,dataset_large,numeric,Overcoming primary and acquired resistance to anti-PD-L1 therapy by induction and activation of tumor-residing cDC1s.
PMC7585425,Nat Commun,2020,cc by,ok,3,0,0,0,2,tables_only,,Shortwave-infrared meso-patterned imaging enables label-free mapping of tissue water and lipid content.
PMC7586670,Genome Biol,2020,cc by,ok,3,1,0,0,2,dataset_medium,omics,RNA editing in cancer impacts mRNA abundance in immune response pathways.
PMC7579926,BMC Med Genomics,2020,cc by,ok,3,2,0,0,1,dataset_medium,mixed;numeric,Improving lung cancer risk stratification leveraging whole transcriptome RNA sequencing and machine learning across multiple cohorts.
PMC7644088,PLoS Genet,2020,cc by,ok,10,7,2,0,0,dataset_large,mixed;numeric,"Modeling epistasis in mice and yeast using the proportion of two or more distinct genetic backgrounds: Evidence for ""polygenic epistasis""."
PMC7609837,Front Physiol,2020,cc by,ok,3,2,1,0,0,dataset_medium,mixed,Acute Effect of Electronic Cigarette-Generated Aerosol From Flavored CBD-Containing Refill Solutions on Human Bronchial Epithelial Cells.
PMC7584603,Nat Commun,2020,cc by,ok,12,6,0,0,4,dataset_large,mixed;numeric;omics,Gene expression and functional deficits underlie TREM2-knockout microglia responses in human models of Alzheimer's disease.
PMC7667684,Theranostics,2020,cc by,ok,1,1,0,0,0,dataset_large,numeric,Urinary glycoproteins associated with aggressive prostate cancer.
PMC7577998,Nat Commun,2020,cc by,ok,5,2,0,0,3,dataset_large,omics,Vestigial-like 1 is a shared targetable cancer-placenta antigen expressed by pancreatic and basal-like breast cancers.
PMC7577981,Nat Commun,2020,cc by,ok,6,2,0,0,4,dataset_medium,numeric;omics,Clonal evolution of acute myeloid leukemia revealed by high-throughput single-cell genomics.
PMC7576608,Nat Commun,2020,cc by,ok,3,0,1,0,2,small_table,,Mechanisms of telomerase inhibition by oxidized and therapeutic dNTPs.
PMC7575552,Nat Commun,2020,cc by,ok,3,0,0,0,2,no_tabular_data,,CHIP phosphorylation by protein kinase G enhances protein quality control and attenuates cardiac ischemic injury.
PMC7574538,Genome Biol,2020,cc by,ok,7,0,4,0,2,small_table,,High throughput single-cell detection of multiplex CRISPR-edited gene modifications.
PMC7576690,Cell Rep Med,2020,cc by,ok,4,2,0,0,2,dataset_medium,mixed,Tumor-Educated Platelet RNA for the Detection and (Pseudo)progression Monitoring of Glioblastoma.
PMC7659504,Cell Rep Med,2020,cc by,ok,9,6,1,0,2,dataset_large,omics,The Clinical Kinase Index: A Method to Prioritize Understudied Kinases as Drug Targets for the Treatment of Cancer.
PMC7576125,Cell Death Discov,2020,cc by,ok,3,2,0,0,1,dataset_large,numeric;omics,MEKK3-MEK5-ERK5 signaling promotes mitochondrial degradation.
PMC7595638,PLoS Pathog,2020,cc by,ok,3,1,0,0,1,dataset_medium,numeric,Analysis of KSHV B lymphocyte lineage tropism in human tonsil reveals efficient infection of CD138+ plasma cells.
PMC7646741,Lancet Digit Health,2020,cc by-nc-nd,ok,1,0,0,0,1,no_tabular_data,,"A prognostic model for overall survival of patients with early-stage non-small cell lung cancer: a multicentre, retrospective study."
PMC7592917,PLoS Genet,2020,cc by,ok,7,3,1,0,3,dataset_large,numeric,The Ccr4-Not complex regulates TORC1 signaling and mitochondrial metabolism by promoting vacuole V-ATPase activity.
PMC7576205,Cell Death Dis,2020,cc by,ok,5,1,0,0,4,dataset_medium,numeric,Inhibiting insulin and mTOR signaling by afatinib and crizotinib combination fosters broad cytotoxic effects in cutaneous malignant melanoma.
PMC7568560,Sci Rep,2020,cc by,ok,3,2,1,0,0,dataset_large,mixed,Seven decades of chemotherapy clinical trials: a pan-cancer social network analysis.
PMC7558751,Genome Biol,2020,cc by,ok,6,4,0,0,2,dataset_large,numeric;omics,Multiplex enCas12a screens detect functional buffering among paralogs otherwise masked in monogenic Cas9 knockout screens.
PMC7566641,Nat Commun,2020,cc by,ok,23,12,5,0,4,dataset_large,mixed;numeric;omics,Aberrant methylation underlies insulin gene expression in human insulinoma.
PMC7567094,Sci Rep,2020,cc by,ok,3,1,0,0,2,dataset_large,numeric,A site-specific map of the human plasma glycome and its age and gender-associated alterations.
PMC7644594,iScience,2020,cc by-nc-nd,ok,3,0,1,0,1,small_table,,Activation of EPHA2-ROBO1 Heterodimer by SLIT2 Attenuates Non-canonical Signaling and Proliferation in Squamous Cell Carcinomas.
PMC7944936,Nature,2020,,ok,1,0,0,0,0,no_tabular_data,,"Inherited causes of clonal haematopoiesis in 97,691 whole genomes."
PMC7593571,Front Immunol,2020,cc by,ok,3,0,2,0,0,small_table,,VISTA Re-programs Macrophage Biology Through the Combined Regulation of Tolerance and Anti-inflammatory Pathways.
PMC7559192,Genome Biol,2020,cc by,ok,6,3,0,0,2,dataset_large,numeric;omics,Clonal tracing reveals diverse patterns of response to immune checkpoint blockade.
PMC7553774,Elife,2020,cc by,ok,7,4,2,0,1,dataset_large,numeric;omics,Dynamics of nevus development implicate cell cooperation in the growth arrest of transformed melanocytes.
PMC7561725,Nat Commun,2020,cc by,too_large,0,0,0,0,0,no_supp_retrieved,,Pan-cancer analysis reveals TAp63-regulated oncogenic lncRNAs that promote cancer progression through AKT activation.
PMC7671683,Elife,2020,cc by,ok,3,2,0,0,1,dataset_large,numeric;omics,Cytoprotection by a naturally occurring variant of ATP5G1 in Arctic ground squirrel neural progenitor cells.
PMC7568553,Nat Commun,2020,cc by,ok,11,5,2,0,3,dataset_large,mixed;numeric;omics,Standardization and harmonization of distributed multi-center proteotype analysis supporting precision medicine studies.
PMC7588055,PLoS Genet,2020,cc by,ok,27,2,3,0,19,dataset_medium,numeric,Comparing DNA replication programs reveals large timing shifts at centromeres of endocycling cells in maize roots.
PMC7546489,PLoS One,2020,cc by,ok,4,0,0,0,3,tables_only,,Development and optimization of a simian immunodeficiency virus (SIV) droplet digital PCR (ddPCR) assay.
PMC7548007,Cell Death Dis,2020,cc by,ok,7,0,0,0,5,no_tabular_data,,Splicing factor SF3B1 promotes endometrial cancer progression via regulating KSR2 RNA maturation.
PMC7575323,Elife,2020,cc by,ok,9,4,4,0,1,dataset_large,numeric;omics,Rapid purification and metabolomic profiling of synaptic vesicles from mammalian brain.
PMC7681068,Aging Cell,2020,cc by,ok,2,1,0,0,1,dataset_large,numeric,Data mining of human plasma proteins generates a multitude of highly predictive aging clocks that reflect different aspects of aging.
PMC7546708,Sci Adv,2020,cc by-nc,ok,3,2,0,0,1,dataset_large,numeric,Dietary thiamine influences l-asparaginase sensitivity in a subset of leukemia cells.
PMC7544503,Elife,2020,cc by,ok,12,0,5,0,2,small_table,,Cadherin preserves cohesion across involuting tissues during &lt;i&gt;C. elegans&lt;/i&gt; neurulation.
PMC7542910,BMC Public Health,2020,cc by,ok,1,1,0,0,0,dataset_medium,mixed,An audit tool for longitudinal assessment of the health-related characteristics of urban neighborhoods: implementation methods and reliability results.
PMC7540894,PLoS One,2020,cc by,ok,3,1,0,0,2,dataset_medium,numeric,"The SRG rat, a Sprague-Dawley Rag2/Il2rg double-knockout validated for human tumor oncology studies."
PMC7542116,BMC Cancer,2020,cc by,ok,5,0,1,4,0,small_table,,Increased canonical NF-kappaB signaling specifically in macrophages is sufficient to limit tumor progression in syngeneic murine models of ovarian cancer.
PMC7542457,Nat Commun,2020,cc by,ok,4,1,0,0,3,dataset_medium,numeric,"In primary airway epithelial cells, the unjamming transition is distinct from the epithelial-to-mesenchymal transition."
PMC7547012,Nat Commun,2020,cc by,ok,4,1,0,0,3,dataset_medium,mixed,Identification of 31 loci for mammographic density phenotypes and their associations with breast cancer risk.
PMC7538584,Nat Commun,2020,cc by,ok,9,4,1,0,4,dataset_large,mixed,p50 mono-ubiquitination and interaction with BARD1 regulates cell cycle progression and maintains genome stability.
PMC7545111,Nat Commun,2020,cc by,too_large,0,0,0,0,0,no_supp_retrieved,,Prostate cancer evolution from multilineage primary to single lineage metastases with implications for liquid biopsy.
PMC7542392,Epigenetics Chromatin,2020,cc by,ok,6,3,2,0,1,dataset_large,numeric,Efficient and accurate determination of genome-wide DNA methylation patterns in Arabidopsis thaliana with enzymatic methyl sequencing.
PMC7581540,Nature,2020,,ok,1,0,0,0,0,no_tabular_data,,The genomic landscapes of individual melanocytes from human skin.
PMC7682987,Elife,2020,cc by,ok,4,2,0,0,1,dataset_medium,mixed,A versatile system to record cell-cell interactions.
PMC7539014,Nat Commun,2020,cc by,ok,11,4,2,1,4,dataset_large,numeric,Adaptation and selection shape clonal evolution of tumors during residual disease and recurrence.
PMC7542356,mBio,2020,cc by,ok,1,1,0,0,0,dataset_medium,numeric,ISG15 Connects Autophagy and IFN-γ-Dependent Control of Toxoplasma gondii Infection in Human Cells.
PMC7532150,Nat Commun,2020,cc by,ok,5,2,0,0,3,dataset_medium,numeric;omics,Real-world data from a molecular tumor board demonstrates improved outcomes with a precision N-of-One strategy.
PMC7532116,BMC Bioinformatics,2020,cc by,ok,4,3,0,0,1,dataset_medium,omics,PALMER: improving pathway annotation based on the biomedical literature mining with a constrained latent block model.
PMC7666752,Cancer Med,2020,cc by,ok,1,0,1,0,0,small_table,,"Reducing nihilism in metastatic pancreatic ductal adenocarcinoma: Treatment, sequencing, and effects on survival outcomes."
PMC7529776,Sci Rep,2020,cc by,ok,2,1,0,0,1,dataset_medium,clinical,Untargeted longitudinal analysis of a wellness cohort identifies markers of metastatic cancer years prior to diagnosis.
PMC7529901,Nat Commun,2020,cc by,ok,5,1,1,0,2,dataset_large,numeric,Non-invasive molecularly-specific millimeter-resolution manipulation of brain circuits by ultrasound-mediated aggregation and uncaging of drug carriers.
PMC7528058,Commun Biol,2020,cc by,ok,4,0,0,0,3,tables_only,,Micromanipulation of prophase I chromosomes from mouse spermatocytes reveals high stiffness and gel-like chromatin organization.
PMC7533735,Transl Vis Sci Technol,2020,cc by,ok,2,1,0,0,0,dataset_medium,numeric,Cell-Free DNA Tumor Fraction in the Aqueous Humor Is Associated With Therapeutic Response in Retinoblastoma Patients.
PMC7546477,PLoS Comput Biol,2020,cc by,ok,4,0,1,0,2,small_table,,Minimizing the number of optimizations for efficient community dynamic flux balance analysis.
PMC7566711,JCI Insight,2020,cc by,ok,4,3,0,0,1,dataset_large,numeric;omics,Solving an MHC allele-specific bias in the reported immunopeptidome.
PMC7675001,Am J Hum Genet,2020,cc by-nc-nd,ok,3,1,0,0,2,dataset_large,mixed,Cancer PRSweb: An Online Repository with Polygenic Risk Scores for Major Cancer Traits and Their Evaluation in Two Independent Biobanks.
PMC7568240,Proc Natl Acad Sci U S A,2020,cc by,ok,4,2,0,0,1,dataset_large,numeric,Metabolic precision labeling enables selective probing of O-linked &lt;i&gt;N&lt;/i&gt;-acetylgalactosamine glycosylation.
PMC7521675,PLoS One,2020,cc by,ok,5,1,1,0,3,dataset_medium,numeric,Development of a measurement tool to assess local public health implementation climate and capacity for equity-oriented practice: Application to obesity prevention in a local public health system.
PMC7852393,Sci Adv,2020,cc by-nc,ok,2,1,0,0,1,dataset_medium,numeric,"Proteomic analysis of circulating extracellular vesicles identifies potential markers of breast cancer progression, recurrence, and response."
PMC7530719,Commun Biol,2020,cc by,ok,6,1,1,0,4,dataset_large,mixed,FUBP1 and FUBP2 enforce distinct epigenetic setpoints for MYC expression in primary single murine cells.
PMC7527645,Heliyon,2020,cc by-nc-nd,ok,1,1,0,0,0,dataset_medium,numeric,ATM inhibition synergizes with fenofibrate in high grade serous ovarian cancer cells.
PMC7519071,Nat Commun,2020,cc by,ok,4,0,0,0,3,tables_only,,Radiogenomic signatures reveal multiscale intratumour heterogeneity associated with biological functions and survival in breast cancer.
PMC7610456,Nat Genet,2020,,ok,6,4,2,0,0,dataset_large,mixed;numeric,The mutational signature profile of known and suspected human carcinogens in mice.
PMC7519119,NPJ Genom Med,2020,cc by,ok,13,10,1,0,1,dataset_large,mixed;numeric,Association of CNVs with methylation variation.
PMC7518429,Nat Commun,2020,cc by,ok,7,1,1,0,4,dataset_large,numeric,Raman-guided subcellular pharmaco-metabolomics for metastatic melanoma cells.
PMC7536825,Life Sci Alliance,2020,cc by,ok,9,0,4,0,2,small_table,,Gene selection for optimal prediction of cell position in tissues from single-cell transcriptomics data.
PMC7522247,Sci Rep,2020,cc by,ok,1,1,0,0,0,dataset_medium,mixed,SV-HotSpot: detection and visualization of hotspots targeted by structural variants associated with gene expression.
PMC7553775,Elife,2020,cc by,ok,5,4,0,0,1,dataset_large,clinical;mixed;omics,Characterization of the mechanism by which the RB/E2F pathway controls expression of the cancer genomic DNA deaminase APOBEC3B.
PMC7511813,EBioMedicine,2020,cc by-nc-nd,ok,3,1,0,0,2,dataset_large,omics,The Pseudomonas aeruginosa protease LasB directly activates IL-1β.
PMC7511348,Nat Commun,2020,cc by,ok,5,1,0,0,3,dataset_large,numeric,Efficacy of anti-CD147 chimeric antigen receptors targeting hepatocellular carcinoma.
PMC7560214,EMBO J,2020,cc by-nc-nd,ok,10,3,0,0,6,dataset_medium,mixed;numeric,m<sup>6</sup> A RNA methyltransferases METTL3/14 regulate immune responses to anti-PD-1 therapy.
PMC7511976,Nat Commun,2020,cc by,ok,11,5,2,0,2,dataset_large,numeric;omics,Multiplatform genomic profiling and magnetic resonance imaging identify mechanisms underlying intratumor heterogeneity in meningioma.
PMC7511405,Nat Commun,2020,cc by,ok,3,0,1,0,2,small_table,,Repurposing anti-inflammasome NRTIs for improving insulin sensitivity and reducing type 2 diabetes development.
PMC7546467,PLoS Comput Biol,2020,cc by,ok,4,2,0,0,2,dataset_medium,mixed;numeric,Epiclomal: Probabilistic clustering of sparse single-cell DNA methylation data.
PMC7518871,Sci Adv,2020,cc by-nc,ok,2,1,0,0,1,dataset_medium,mixed,Platform for micro-invasive membrane-free biochemical sampling of brain interstitial fluid.
PMC7519529,Epigenetics Chromatin,2020,cc by,ok,2,1,0,0,1,dataset_medium,mixed,UTX/KDM6A suppresses AP-1 and a gliogenesis program during neural differentiation of human pluripotent stem cells.
PMC7505971,Nat Commun,2020,cc by,ok,9,4,3,0,2,dataset_medium,mixed;omics,Retrospective evaluation of whole exome and genome mutation calls in 746 cancer samples.
PMC7507726,Respir Res,2020,cc by,ok,5,0,1,0,3,small_table,,Identification of lipid biomarker from serum in patients with chronic obstructive pulmonary disease.
PMC7505960,Nat Commun,2020,cc by,ok,3,0,0,0,2,no_tabular_data,,Telomere dysfunction activates YAP1 to drive tissue inflammation.
PMC7510160,BMC Cancer,2020,cc by,ok,2,0,1,0,1,small_table,,"AHRR methylation in heavy smokers: associations with smoking, lung cancer risk, and lung cancer mortality."
PMC7546737,Elife,2020,cc by,too_large,0,0,0,0,0,no_supp_retrieved,,The transcriptomic response of cells to a drug combination is more than the sum of the responses to the monotherapies.
PMC7499251,Sci Rep,2020,cc by,ok,5,5,0,0,0,dataset_large,numeric,Transcriptomic sex differences in sensory neuronal populations of mice.
PMC8162401,Chem Sci,2020,cc by-nc,ok,3,1,1,0,1,dataset_medium,numeric,Nanoscale battery cathode materials induce DNA damage in bacteria.
PMC7500937,Sci Adv,2020,cc by-nc,ok,2,0,0,0,1,tables_only,,USP15 suppresses tumor immunity via deubiquitylation and inactivation of TET2.
PMC7494928,Sci Rep,2020,cc by,ok,3,3,0,0,0,dataset_medium,numeric,A membrane transporter determines the spectrum of activity of a potent platinum-acridine hybrid anticancer agent.
PMC7493976,Genome Biol,2020,cc by,ok,9,5,1,0,2,dataset_large,mixed;numeric;omics,Cancer-specific CTCF binding facilitates oncogenic transcriptional dysregulation.
PMC7499884,Skelet Muscle,2020,cc by,ok,9,1,2,0,6,dataset_medium,numeric,High-throughput screening identifies modulators of sarcospan that stabilize muscle cells and exhibit activity in the mouse model of Duchenne muscular dystrophy.
PMC7490264,Nat Commun,2020,cc by,ok,4,1,0,0,3,dataset_medium,numeric,Dual blockade of CD47 and HER2 eliminates radioresistant breast cancer cells.
PMC7494913,Nat Commun,2020,cc by,ok,12,3,3,0,4,dataset_large,mixed;numeric,Glioma-initiating cells at tumor edge gain signals from tumor core cells to promote their malignancy.
PMC7494839,mSphere,2020,cc by,ok,4,1,0,0,3,dataset_medium,omics,Neurotropic Lineage III Strains of Listeria monocytogenes Disseminate to the Brain without Reaching High Titer in the Blood.
PMC7486102,Sci Adv,2020,cc by-nc,ok,2,1,0,0,0,dataset_large,omics,Diversification of reprogramming trajectories revealed by parallel single-cell transcriptome and chromatin accessibility sequencing.
PMC7493904,Nat Commun,2020,cc by,ok,4,1,0,0,3,dataset_medium,numeric,Pharmacophore hybridisation and nanoscale assembly to discover self-delivering lysosomotropic new-chemical entities for cancer therapy.
PMC7488769,Clin Epigenetics,2020,cc by,ok,10,7,3,0,0,dataset_large,mixed;numeric,"Epigenetic stratification of head and neck cancer survivors reveals differences in lycopene levels, alcohol consumption, and methylation of immune regulatory genes."
PMC7490375,Sci Rep,2020,cc by,ok,2,0,1,0,0,small_table,,Histopathological imaging features- versus molecular measurements-based cancer prognosis modeling.
PMC7494450,EBioMedicine,2020,cc by,ok,3,1,0,1,1,dataset_medium,clinical,Lipid laden macrophages and electronic cigarettes in healthy adults.
PMC7488681,Respir Res,2020,cc by,ok,4,0,2,2,0,small_table,,Presence of heat shock protein 47-positive fibroblasts in cancer stroma is associated with increased risk of postoperative recurrence in patients with lung cancer.
PMC7529456,Elife,2020,cc by,ok,5,2,0,0,1,dataset_large,numeric,Vascular dimorphism ensured by regulated proteoglycan dynamics favors rapid umbilical artery closure at birth.
PMC8601010,Clin Mass Spectrom,2020,cc by-nc-nd,ok,3,2,1,0,0,dataset_large,numeric;omics,A proposal for score assignment to characterize biological processes from mass spectral analysis of serum.
PMC7519254,Proc Natl Acad Sci U S A,2020,cc by-nc-nd,ok,7,2,1,0,1,dataset_large,numeric;omics,A bilateral tumor model identifies transcriptional programs associated with patient response to immune checkpoint blockade.
PMC7528705,Genes Dev,2020,cc by-nc,ok,3,2,0,0,0,dataset_large,mixed;omics,AMPK regulation of Raptor and TSC2 mediate metformin effects on transcriptional control of anabolism and inflammation.
PMC7482063,mBio,2020,cc by,ok,3,2,0,0,1,dataset_medium,numeric,Staphylococcus aureus ATP Synthase Promotes Biofilm Persistence by Influencing Innate Immunity.
PMC7559291,Pharmaceutics,2020,cc by,ok,1,1,0,0,0,dataset_medium,mixed,Role of OATP1B1 and OATP1B3 in Drug-Drug Interactions Mediated by Tyrosine Kinase Inhibitors.
PMC7519245,Proc Natl Acad Sci U S A,2020,cc by-nc-nd,ok,5,4,0,0,1,dataset_large,mixed;numeric,Radiation induces dynamic changes to the T cell repertoire in renal cell carcinoma patients.
PMC7477119,NPJ Breast Cancer,2020,cc by,too_large,0,0,0,0,0,no_supp_retrieved,,Unique cellular protrusions mediate breast cancer cell migration by tethering to osteogenic cells.
PMC7565142,Biology (Basel),2020,cc by,ok,1,1,0,0,0,dataset_large,omics,Essentiality and Transcriptome-Enriched Pathway Scores Predict Drug-Combination Synergy.
PMC7565356,Cell Syst,2020,cc by-nc-nd,ok,1,0,0,0,0,no_tabular_data,,SYLARAS: A Platform for the Statistical Analysis and Visual Display of Systemic Immunoprofiling Data and Its Application to Glioblastoma.
PMC7477555,NPJ Breast Cancer,2020,cc by,ok,3,1,0,0,2,dataset_medium,numeric,Polygenic risk score for the prediction of breast cancer is related to lesser terminal duct lobular unit involution of the breast.
PMC7473862,Nat Commun,2020,cc by,ok,11,7,2,0,2,dataset_medium,mixed;numeric,Pan-cancer study detects genetic risk variants and shared genetic basis in two large cohorts.
PMC7477161,Nat Commun,2020,cc by,ok,4,1,0,0,3,dataset_medium,omics,Purification of HCC-specific extracellular vesicles on nanosubstrates for early HCC detection by digital scoring.
PMC7545144,Genome Res,2020,cc by-nc,ok,5,0,2,0,1,small_table,,Reconstruction of clone- and haplotype-specific cancer genome karyotypes from bulk tumor samples.
PMC7479443,Mol Genet Metab Rep,2020,cc by-nc-nd,ok,4,3,1,0,0,dataset_large,mixed;omics,The CRISPR-Cas9 crATIC HeLa transcriptome: Characterization of a novel cellular model of ATIC deficiency and ZMP accumulation.
PMC7494096,PLoS Biol,2020,cc by,ok,2,2,0,0,0,dataset_large,mixed;numeric,Histamine-induced biphasic activation of RhoA allows for persistent RhoA signaling.
PMC7463020,Commun Biol,2020,cc by,ok,4,1,0,0,3,dataset_medium,mixed,Analysis of muntjac deer genome and chromatin architecture reveals rapid karyotype evolution.
PMC7516378,Mol Syst Biol,2020,cc by,ok,5,2,0,0,3,dataset_medium,omics,Integrated regulatory models for inference of subtype-specific susceptibilities in glioblastoma.
PMC7610388,Nat Genet,2020,,too_large,0,0,0,0,0,no_supp_retrieved,,Subclonal reconstruction of tumors by using machine learning and population genetics.
PMC7463263,Nat Commun,2020,cc by,ok,4,0,1,0,3,small_table,,Dual roles of neutrophils in metastatic colonization are governed by the host NK cell status.
PMC7480098,J Cell Biol,2020,cc by-nc-sa,ok,1,1,0,0,0,dataset_large,mixed,PTEN dephosphorylates Abi1 to promote epithelial morphogenesis.
PMC7466815,J Neuroinflammation,2020,cc by,ok,3,1,0,2,0,dataset_medium,numeric,Neuroinvasive Listeria monocytogenes infection triggers accumulation of brain CD8<sup>+</sup> tissue-resident memory T cells in a miR-155-dependent fashion.
PMC7507350,Front Immunol,2020,cc by,ok,1,0,1,0,0,small_table,,Tumor-Derived cGAMP Regulates Activation of the Vasculature.
PMC7487954,Immun Ageing,2020,cc by,ok,2,1,0,0,0,dataset_medium,clinical,Genetic and environmental determinants of human TCR repertoire diversity.
PMC7650295,Breast Cancer Res,2020,cc by,ok,1,0,1,0,0,small_table,,Aspirin use and risk of breast cancer in African American women.
PMC7462977,Sci Rep,2020,cc by,ok,3,1,1,0,1,dataset_medium,mixed,Differential contribution of bone marrow-derived infiltrating monocytes and resident macrophages to persistent lung inflammation in chronic air pollution exposure.
PMC7463033,Nat Commun,2020,cc by,ok,10,4,2,0,4,dataset_large,mixed;numeric;omics,AmpliconReconstructor integrates NGS and optical mapping to resolve the complex structures of focal amplifications.
PMC7479492,EBioMedicine,2020,cc by-nc-nd,ok,2,2,0,0,0,dataset_medium,numeric,"Optimal co-clinical radiomics: Sensitivity of radiomic features to tumour volume, image noise and resolution in co-clinical T1-weighted and T2-weighted magnetic resonance imaging."
PMC7571617,Cell Rep,2020,cc by-nc-nd,ok,1,0,0,0,1,no_tabular_data,,Divergent Roles of PI3K Isoforms in PTEN-Deficient Glioblastomas.
PMC7465409,J Transl Med,2020,cc by,ok,2,1,0,0,1,dataset_large,omics,High expression of MKK3 is associated with worse clinical outcomes in African American breast cancer patients.
PMC7488786,J Immunother Cancer,2020,cc by-nc,ok,4,1,0,0,3,dataset_large,mixed,Neoadjuvant nivolumab plus ipilimumab in resectable non-small cell lung cancer.
PMC7455732,Oncogenesis,2020,cc by,ok,9,7,0,0,2,dataset_large,mixed;numeric;omics,LIMK2 promotes the metastatic progression of triple-negative breast cancer by activating SRPK1.
PMC7455744,Nat Commun,2020,cc by,ok,14,4,6,0,4,dataset_large,numeric;omics,Sex differences in oncogenic mutational processes.
PMC7455564,Sci Rep,2020,cc by,ok,4,2,1,0,1,dataset_medium,numeric;omics,XRN2 interactome reveals its synthetic lethal relationship with PARP1 inhibition.
PMC7455722,Nat Commun,2020,cc by,ok,10,1,0,0,4,dataset_medium,numeric,Fast and multiplexed superresolution imaging with DNA-PAINT-ERS.
PMC7499694,Open Forum Infect Dis,2020,cc by-nc-nd,ok,1,1,0,0,0,dataset_medium,mixed,Considerations for the Selection and Use of Disinfectants Against SARS-CoV-2 in a Health Care Setting.
PMC7644276,Nat Cell Biol,2020,,ok,1,0,0,0,0,no_tabular_data,,Ferroptosis occurs through an osmotic mechanism and propagates independently of cell rupture.
PMC7458344,PLoS One,2020,cc by,ok,5,1,0,0,4,dataset_large,omics,Transcriptional and immunohistological assessment of immune infiltration in pancreatic cancer.
PMC7553384,J Phys Chem B,2020,,ok,2,1,0,0,1,dataset_medium,numeric,Capturing Biologically Complex Tissue-Specific Membranes at Different Levels of Compositional Complexity.
PMC7453003,Nat Commun,2020,cc by,ok,4,1,0,0,3,dataset_large,numeric,RNA-binding proteins Musashi and tau soluble aggregates initiate nuclear dysfunction.
PMC7529583,Oncogene,2020,cc by,ok,1,0,0,0,0,no_tabular_data,,"HPV E2, E4, E5 drive alternative carcinogenic pathways in HPV positive cancers."
PMC7453025,Nat Commun,2020,cc by,ok,8,4,1,0,3,dataset_medium,clinical;mixed;numeric,Caveolin-1-mediated sphingolipid oncometabolism underlies a metabolic vulnerability of prostate cancer.
PMC7448285,mBio,2020,cc by,ok,2,2,0,0,0,dataset_large,omics,The Viral Polymerase Complex Mediates the Interaction of Viral Ribonucleoprotein Complexes with Recycling Endosomes during Sendai Virus Assembly.
PMC7449383,PLoS One,2020,cc by,ok,3,1,0,0,2,dataset_medium,numeric,Response to hepatitis B virus vaccination in individuals with chronic hepatitis C virus infection.
PMC7445288,Nat Commun,2020,cc by,ok,15,12,1,0,2,dataset_large,numeric;omics,Integrated genomic analysis reveals mutated ELF3 as a potential gallbladder cancer vaccine candidate.
PMC7455733,Nat Commun,2020,cc by,ok,9,5,0,0,4,dataset_large,mixed;numeric,Defining the ATPome reveals cross-optimization of metabolic pathways.
PMC7445256,Sci Rep,2020,cc by,ok,2,1,0,0,1,dataset_large,numeric,Comparative analysis of racial differences in breast tumor microbiome.
PMC7444084,Genome Biol,2020,cc by,ok,3,1,1,0,1,dataset_medium,omics,GBAT: a gene-based association test for robust detection of trans-gene regulation.
PMC7482571,J R Soc Interface,2020,cc by,ok,7,2,0,0,1,dataset_medium,mixed;numeric,Mathematical modelling of breast cancer cells in response to endocrine therapy and Cdk4/6 inhibition.
PMC7473590,PLoS Pathog,2020,cc by,ok,3,2,1,0,0,dataset_large,omics,Profiling of immune related genes silenced in EBV-positive gastric carcinoma identified novel restriction factors of human gammaherpesviruses.
PMC7447818,Nat Commun,2020,cc by,ok,4,1,0,0,3,dataset_medium,numeric,Use of ratiometrically designed nanocarrier targeting CDK4/6 and autophagy pathways for effective pancreatic cancer treatment.
PMC7441562,Genome Med,2020,cc by,ok,6,1,4,0,1,dataset_medium,omics,A population-based gene expression signature of molecular clock phase from a single epidermal sample.
PMC7446794,PLoS One,2020,cc by,ok,1,1,0,0,0,dataset_large,mixed,Raman chemometric urinalysis (Rametrix) as a screen for bladder cancer.
PMC7571259,Nat Chem,2020,,ok,1,0,0,0,0,no_tabular_data,,Design of a small molecule that stimulates vascular endothelial growth factor A enabled by screening RNA fold-small molecule interactions.
PMC7484425,Nat Cell Biol,2020,,ok,1,0,0,0,0,no_tabular_data,,Epigenetic silencing of the ubiquitin ligase subunit FBXL7 impairs c-SRC degradation and promotes epithelial-to-mesenchymal transition and metastasis.
PMC7467325,PLoS Pathog,2020,cc by,ok,2,1,0,0,1,dataset_large,numeric,Modulation of hepatitis B virus pregenomic RNA stability and splicing by histone deacetylase 5 enhances viral biosynthesis.
PMC7462268,PLoS Comput Biol,2020,cc by,ok,7,1,0,0,6,dataset_medium,numeric,Tumor vascular status controls oxygen delivery facilitated by infused polymerized hemoglobins with varying oxygen affinity.
PMC7462063,Genes Dev,2020,cc by-nc,ok,12,3,2,0,6,dataset_large,omics,Functional loss of a noncanonical BCOR-PRC1.1 complex accelerates SHH-driven medulloblastoma formation.
PMC7435201,Nat Commun,2020,cc by,ok,4,0,0,0,3,tables_only,,Gene editing and elimination of latent herpes simplex virus in vivo.
PMC7431578,Nat Commun,2020,cc by,ok,4,1,0,0,3,dataset_medium,numeric,Enhancing chemotherapy response through augmented synthetic lethality by co-targeting nucleotide excision repair and cell-cycle checkpoints.
PMC7441922,PeerJ,2020,cc by,ok,13,7,1,0,4,dataset_large,mixed;numeric,Exploring the classification of cancer cell lines from multiple omic views.
PMC7441393,Nat Commun,2020,cc by,ok,3,1,0,0,2,dataset_large,numeric,Inhibition of inflammatory CCR2 signaling promotes aged muscle regeneration and strength recovery after injury.
PMC7474624,Proc Natl Acad Sci U S A,2020,cc by,ok,2,1,0,0,1,dataset_medium,mixed,Defined microbiota transplant restores Th17/RORγt<sup>+</sup> regulatory T cell balance in mice colonized with inflammatory bowel disease microbiotas.
PMC7435197,Sci Rep,2020,cc by,ok,2,1,0,0,1,dataset_large,numeric,The ubiquitin ligase Cullin-1 associates with chromatin and regulates transcription of specific c-MYC target genes.
PMC7462073,Genome Res,2020,cc by-nc,ok,18,4,0,0,7,dataset_medium,mixed;numeric;omics,A pedigree-based prediction model identifies carriers of deleterious de novo mutations in families with Li-Fraumeni syndrome.
PMC7428044,Nat Commun,2020,cc by,ok,11,7,0,0,4,dataset_large,mixed;numeric;omics,Genomic characterization of malignant progression in neoplastic pancreatic cysts.
PMC7441524,Life Sci Alliance,2020,cc by,ok,33,7,9,0,1,dataset_large,mixed;numeric;omics,DDX5 promotes oncogene C3 and FABP1 expressions and drives intestinal inflammation and tumorigenesis.
PMC7476754,Elife,2020,cc by,ok,8,2,1,0,1,dataset_large,numeric,Mitochondrial pyruvate carrier is required for optimal brown fat thermogenesis.
PMC7427086,Breast Cancer Res,2020,cc by,ok,9,3,3,3,0,dataset_large,mixed;numeric;omics,Targeting activated PI3K/mTOR signaling overcomes acquired resistance to CDK4/6-based therapies in preclinical models of hormone receptor-positive breast cancer.
PMC7426874,Nat Commun,2020,cc by,ok,4,1,0,0,3,dataset_large,numeric,Pancreatic cancers suppress negative feedback of glucose transport to reprogram chromatin for metastasis.
PMC7423924,Nat Commun,2020,cc by,ok,8,1,1,0,3,dataset_medium,numeric,A fluorogenic cyclic peptide for imaging and quantification of drug-induced apoptosis.
PMC7426425,Nat Commun,2020,cc by,ok,7,3,1,0,3,dataset_large,mixed;numeric,Identification of modified peptides using localization-aware open search.
PMC7606299,Nature,2020,,ok,1,0,0,0,0,no_tabular_data,,Serine restriction alters sphingolipid diversity to constrain tumour growth.
PMC7426094,Elife,2020,cc by,ok,17,0,11,0,5,small_table,,Atypical meiosis can be adaptive in outcrossed <i>Schizosaccharomyces pombe</i> due to <i>wtf</i> meiotic drivers.
PMC7429505,Commun Biol,2020,cc by,ok,14,4,5,0,4,dataset_large,clinical;omics,Genetic alterations in the 3q26.31-32 locus confer an aggressive prostate cancer phenotype.
PMC7429498,Sci Rep,2020,cc by,ok,2,1,0,0,1,dataset_medium,numeric,Chemogenomic screening identifies the Hsp70 co-chaperone DNAJA1 as a hub for anticancer drug resistance.
PMC7418333,Epigenetics Chromatin,2020,cc by,ok,4,1,1,0,2,dataset_large,numeric,Distinct and overlapping roles of STAG1 and STAG2 in cohesin localization and gene expression in embryonic stem cells.
PMC7477012,Am J Hum Genet,2020,cc by-nc-nd,ok,6,2,0,0,2,dataset_medium,omics,Detecting Allele-Specific Alternative Splicing from Population-Scale RNA-Seq Data.
PMC7426916,Nat Commun,2020,cc by,ok,4,1,0,0,3,dataset_medium,numeric,A high-throughput neutralizing antibody assay for COVID-19 diagnosis and vaccine evaluation.
PMC7423392,Sci Adv,2020,cc by-nc,ok,2,1,0,0,1,dataset_large,mixed,Cellular diversity of the regenerating caudal fin.
PMC7437923,PLoS Comput Biol,2020,cc by,ok,9,4,1,0,1,dataset_large,mixed;numeric,A machine learning and network framework to discover new indications for small molecules.
PMC7414858,Nat Commun,2020,cc by,ok,10,5,1,0,3,dataset_large,mixed;numeric;omics,Multiscale causal networks identify VGF as a key regulator of Alzheimer's disease.
PMC7416949,PLoS One,2020,cc by,ok,7,0,5,0,1,small_table,,A new perspective on transient characteristics of quiet stance postural control.
PMC7479520,Cell,2020,cc by,ok,2,1,0,0,1,dataset_medium,numeric,Coordinated Cellular Neighborhoods Orchestrate Antitumoral Immunity at the Colorectal Cancer Invasive Front.
PMC7417590,Nat Commun,2020,cc by,too_large,0,0,0,0,0,no_supp_retrieved,,Cosmc controls B cell homing.
PMC7540414,Prostate,2020,cc by-nc-nd,ok,5,5,0,0,0,dataset_large,omics,Predicting new drug indications for prostate cancer: The integration of an in silico proteochemometric network pharmacology platform with patient-derived primary prostate cells.
PMC7446913,PLoS Biol,2020,cc by,ok,2,0,1,1,0,small_table,,Radiation causes tissue damage by dysregulating inflammasome-gasdermin D signaling in both host and transplanted cells.
PMC7415402,Oncotarget,2020,cc by,ok,5,4,0,0,1,dataset_large,numeric;omics,Ewing sarcoma family of tumors-derived small extracellular vesicle proteomics identify potential clinical biomarkers.
PMC7530783,Mol Oncol,2020,cc by,ok,4,1,0,0,1,dataset_large,numeric,KDM3A/Ets1 epigenetic axis contributes to PAX3/FOXO1-driven and independent disease-promoting gene expression in fusion-positive Rhabdomyosarcoma.
PMC7458798,Immune Netw,2020,cc by-nc,ok,2,2,0,0,0,dataset_medium,mixed,The Antitumor Potentials of Benzimidazole Anthelmintics as Repurposing Drugs.
PMC7414135,Nat Commun,2020,cc by,ok,21,15,2,0,4,dataset_large,mixed;numeric,GWAS of thyroid stimulating hormone highlights pleiotropic effects and inverse association with thyroid cancer.
PMC7403583,Sci Rep,2020,cc by,ok,6,4,0,0,2,dataset_large,mixed;numeric;omics,Selective dysregulation of ROCK2 activity promotes aberrant transcriptional networks in ABC diffuse large B-cell lymphoma.
PMC7398333,BMC Cancer,2020,cc by,ok,1,1,0,0,0,dataset_medium,omics,Identification of a protein signature for predicting overall survival of hepatocellular carcinoma: a study based on data mining.
PMC7400592,NPJ Precis Oncol,2020,cc by,ok,6,1,1,0,2,dataset_medium,numeric,Small cell transformation of <i>ROS1</i> fusion-positive lung cancer resistant to ROS1 inhibition.
PMC7398910,Nat Commun,2020,cc by,ok,4,1,0,0,3,dataset_large,numeric,Engineered immunological niches to monitor disease activity and treatment efficacy in relapsing multiple sclerosis.
PMC7406367,Sci Adv,2020,cc by-nc,ok,6,4,0,0,1,dataset_medium,mixed;numeric;omics,Daxx maintains endogenous retroviral silencing and restricts cellular plasticity in vivo.
PMC7395097,Commun Biol,2020,cc by,ok,5,1,0,0,3,dataset_large,mixed,Non-disruptive collagen characterization in clinical histopathology using cross-modality image synthesis.
PMC7395776,Nat Commun,2020,cc by,ok,6,2,1,0,3,dataset_medium,mixed;numeric,European polygenic risk score for prediction of breast cancer shows similar performance in Asian women.
PMC7406537,Behav Res Methods,2020,cc by,ok,2,1,0,0,1,dataset_large,clinical,MixWILD: A program for examining the effects of variance and slope of time-varying variables in intensive longitudinal data.
PMC7395362,Breast Cancer Res,2020,cc by,ok,5,4,0,1,0,dataset_large,mixed;numeric;omics,A risk-associated Active transcriptome phenotype expressed by histologically normal human breast tissue and linked to a pro-tumorigenic adipocyte population.
PMC7400754,Commun Biol,2020,cc by,ok,8,1,3,0,3,dataset_large,mixed,Mutational signature SBS8 predominantly arises due to late replication errors in cancer.
PMC7410828,Nature,2020,cc by,ok,25,15,7,0,2,dataset_large,mixed;numeric;omics,Expanded encyclopaedias of DNA elements in the human and mouse genomes.
PMC7668224,Blood Cancer Discov,2020,,ok,1,1,0,0,0,dataset_medium,mixed,COVID-19 Infections and Clinical Outcomes in Patients with Multiple Myeloma in New York City: A Cohort Study from Five Academic Centers.
PMC7399195,Transl Oncol,2020,cc by-nc-nd,ok,1,1,0,0,0,dataset_medium,clinical,"A combined FAK, c-MET, and MST1R three-protein panel risk-stratifies colorectal cancer patients."
PMC7393176,Nat Commun,2020,cc by,ok,5,1,1,0,2,dataset_large,omics,Identification of relevant genetic alterations in cancer using topological data analysis.
PMC7393069,Nat Commun,2020,cc by,ok,5,2,0,0,3,dataset_large,numeric,A molecular map of murine lymph node blood vascular endothelium at single cell resolution.
PMC7404570,Redox Biol,2020,cc by,ok,2,2,0,0,0,dataset_medium,mixed;omics,Increased glutathione utilization augments tumor cell proliferation in Waldenstrom Macroglobulinemia.
PMC7385955,Malar J,2020,cc by,ok,1,0,1,0,0,small_table,,"Endemic Burkitt lymphoma: a complication of asymptomatic malaria in sub-Saharan Africa based on published literature and primary data from Uganda, Tanzania, and Kenya."
PMC7401808,J Cell Biol,2020,cc by-nc-sa,ok,3,2,0,0,1,dataset_large,numeric;omics,Fission yeast Pak1 phosphorylates anillin-like Mid1 for spatial control of cytokinesis.
PMC7395761,Nat Commun,2020,cc by,ok,9,3,2,0,4,dataset_medium,omics,Distinct genetic architectures and environmental factors associate with host response to the γ2-herpesvirus infections.
PMC7995735,Nat Metab,2020,,ok,1,0,0,0,0,no_tabular_data,,Dihydroxyacetone phosphate signals glucose availability to mTORC1.
PMC7393113,Nat Commun,2020,cc by,ok,8,2,2,0,4,dataset_medium,numeric;omics,STAT3 serine phosphorylation is required for TLR4 metabolic reprogramming and IL-1β expression.
PMC7384425,Cell Syst,2020,,ok,5,2,1,0,2,dataset_large,mixed;omics,Computationally Optimized SARS-CoV-2 MHC Class I and II Vaccine Formulations Predicted to Target Human Haplotype Distributions.
PMC7393131,Nat Commun,2020,cc by,ok,7,3,0,0,4,dataset_large,numeric,Purine metabolism regulates DNA repair and therapy resistance in glioblastoma.
PMC7384409,Radiother Oncol,2020,,ok,3,2,1,0,0,dataset_medium,mixed;numeric,Practice recommendations for risk-adapted head and neck cancer radiotherapy during the COVID-19 pandemic: An ASTRO-ESTRO consensus statement.
PMC7385112,Nat Commun,2020,cc by,ok,7,3,0,0,4,dataset_large,numeric,Comprehensive molecular comparison of BRCA1 hypermethylated and BRCA1 mutated triple negative breast cancers.
PMC7382148,Mol Neurodegener,2020,cc by,ok,2,1,0,0,1,dataset_large,numeric,"Integrated analysis of ultra-deep proteomes in cortex, cerebrospinal fluid and serum reveals a mitochondrial signature in Alzheimer's disease."
PMC7397875,Genome Res,2020,cc by-nc,ok,17,10,4,0,2,dataset_large,mixed;numeric;omics,A limited set of transcriptional programs define major cell types.
PMC7685144,Cancer Rep (Hoboken),2020,cc by-nc,ok,5,2,1,0,2,dataset_large,omics,A simple and highly efficient method for multi-allelic CRISPR-Cas9 editing in primary cell cultures.
PMC7439310,Sci Adv,2020,cc by-nc,ok,2,1,0,0,1,dataset_large,mixed,Diverse noncoding mutations contribute to deregulation of cis-regulatory landscape in pediatric cancers.
PMC7439406,Sci Adv,2020,cc by-nc,ok,5,1,0,0,1,dataset_large,numeric,Epigenetically heterogeneous tumor cells direct collective invasion through filopodia-driven fibronectin micropatterning.
PMC7513828,Elife,2020,cc by,ok,14,0,3,0,1,small_table,,Growth-factor-mediated coupling between lineage size and cell fate choice underlies robustness of mammalian development.
PMC7381609,Nat Commun,2020,cc by,ok,3,1,0,0,2,dataset_large,numeric,Combining PARP with ATR inhibition overcomes PARP inhibitor and platinum resistance in ovarian cancer models.
PMC7398121,Front Genet,2020,cc by,ok,2,1,0,0,1,dataset_medium,omics,Contribution of mRNA Splicing to Mismatch Repair Gene Sequence Variant Interpretation.
PMC7431096,Proc Natl Acad Sci U S A,2020,cc by-nc-nd,ok,2,1,0,0,1,dataset_large,omics,FEN1 endonuclease as a therapeutic target for human cancers with defects in homologous recombination.
PMC7385396,Sci Adv,2020,cc by,ok,2,2,0,0,0,dataset_medium,numeric,Mapping of host-parasite-microbiome interactions reveals metabolic determinants of tropism and tolerance in Chagas disease.
PMC7378255,Sci Rep,2020,cc by,ok,6,5,0,0,1,dataset_large,omics,Transcriptomic comparison of human and mouse brain microvessels.
PMC7376194,Nat Commun,2020,cc by,ok,11,5,2,0,4,dataset_large,numeric;omics,Multi-faceted epigenetic dysregulation of gene expression promotes esophageal squamous cell carcinoma.
PMC7374956,Breast Cancer Res,2020,cc by,ok,2,1,1,0,0,dataset_medium,mixed,Erythrocyte membrane fatty acids and breast cancer risk by tumor tissue expression of immuno-inflammatory markers and fatty acid synthase: a nested case-control study.
PMC7385479,Sci Adv,2020,cc by,ok,2,1,1,0,0,dataset_medium,mixed,The clonal repopulation of HSPC gene modified with anti-HIV-1 RNAi is not affected by preexisting HIV-1 infection.
PMC7371635,Nat Commun,2020,cc by,ok,4,1,0,0,3,dataset_medium,numeric,Magnetic field boosted ferroptosis-like cell death and responsive MRI using hybrid vesicles for cancer immunotherapy.
PMC7382469,Nat Commun,2020,cc by,ok,4,0,1,0,3,small_table,,Spinal cord injury causes chronic bone marrow failure.
PMC7374162,Nat Commun,2020,cc by,ok,10,6,1,0,3,dataset_large,clinical;mixed;numeric,Non-invasive early detection of cancer four years before conventional diagnosis using a blood test.
PMC7371703,Nat Commun,2020,cc by,ok,10,6,0,0,4,dataset_large,mixed;omics,Landscape of somatic single nucleotide variants and indels in colorectal cancer and impact on survival.
PMC7414171,Proc Natl Acad Sci U S A,2020,cc by-nc-nd,ok,2,1,1,0,0,dataset_large,numeric,Last step in the path of LDL cholesterol from lysosome to plasma membrane to ER is governed by phosphatidylserine.
PMC7368016,Nat Commun,2020,cc by,ok,6,2,1,0,3,dataset_medium,numeric,Accelerated single cell seeding in relapsed multiple myeloma.
PMC7390454,PLoS Genet,2020,cc by,ok,20,10,2,0,3,dataset_large,mixed;numeric;omics,Protein-Protein interactions uncover candidate 'core genes' within omnigenic disease networks.
PMC7370519,Acta Neuropathol Commun,2020,cc by,ok,2,1,0,0,1,dataset_medium,numeric,Meningioma cells express primary cilia but do not transduce ciliary Hedgehog signals.
PMC7368085,Sci Rep,2020,cc by,ok,2,1,0,0,1,dataset_medium,omics,"Analysis of the ""centrosome-ome"" identifies MCPH1 deletion as a cause of centrosome amplification in human cancer."
PMC7476827,Cancer Med,2020,cc by,ok,6,4,0,0,2,dataset_medium,mixed;numeric;omics,Factors associated with mammography use: A side-by-side comparison of results from two national surveys.
PMC7364471,Diagn Pathol,2020,cc by,ok,1,0,1,0,0,small_table,,Semantic segmentation to identify bladder layers from H&amp;E Images.
PMC7521995,Genet Med,2020,cc by,ok,2,1,0,0,1,dataset_medium,numeric,Polygenic risk scores and breast and epithelial ovarian cancer risks for carriers of BRCA1 and BRCA2 pathogenic variants.
PMC7384681,PLoS Comput Biol,2020,cc by,ok,14,1,1,11,1,dataset_medium,numeric,Perturbation biology links temporal protein changes to drug responses in a melanoma cell line.
PMC7357749,PLoS One,2020,cc by,ok,7,1,2,0,4,dataset_medium,mixed,Systems-level barriers to treatment in a cervical cancer prevention program in Kenya: Several observational studies.
PMC7359337,Sci Rep,2020,cc by,ok,9,6,2,0,1,dataset_large,numeric;omics,Proteomic and transcriptomic profiling identifies mediators of anchorage-independent growth and roles of inhibitor of differentiation proteins in invasive lobular carcinoma.
PMC7424231,Mol Ther Methods Clin Dev,2020,cc by-nc-nd,ok,10,8,0,0,2,dataset_large,omics,Purification of Human CD34&lt;sup&gt;+&lt;/sup&gt;CD90&lt;sup&gt;+&lt;/sup&gt; HSCs Reduces Target Cell Population and Improves Lentiviral Transduction for Gene Therapy.
PMC7364565,Genome Biol,2020,cc by,ok,4,0,2,0,2,small_table,,Single-cell lineage analysis reveals genetic and epigenetic interplay in glioblastoma drug resistance.
PMC7363864,Nat Commun,2020,cc by,ok,3,1,0,0,2,dataset_medium,mixed,Tumor response and endogenous immune reactivity after administration of HER2 CAR T cells in a child with metastatic rhabdomyosarcoma.
PMC7353784,Clin Proteomics,2020,cc by,ok,1,1,0,0,0,dataset_medium,mixed,Using phosphoproteomics data to understand cellular signaling: a comprehensive guide to bioinformatics resources.
PMC7359028,Nat Commun,2020,cc by,ok,4,1,1,0,2,dataset_medium,numeric,The choline transporter Slc44a2 controls platelet activation and thrombosis by regulating mitochondrial function.
PMC7350591,Genome Biol,2020,cc by,ok,9,6,0,0,3,dataset_large,mixed;omics,Genes adapt to outsmart gene-targeting strategies in mutant mouse strains by skipping exons to reinitiate transcription and translation.
PMC7351205,PLoS One,2020,cc by,ok,7,1,1,0,5,dataset_medium,numeric,Intranasal fentanyl spray versus intravenous opioids for the treatment of severe pain in patients with cancer in the emergency department setting: A randomized controlled trial.
PMC7347218,PLoS One,2020,cc by,ok,5,2,1,0,2,dataset_medium,numeric,Metabolic pathway alterations in microvascular endothelial cells in response to hypoxia.
PMC7674190,Proteomics Clin Appl,2020,cc by,ok,2,1,1,0,0,dataset_large,mixed,Targeted Mass Spectrometry of a Clinically Relevant PSA Variant from Post-DRE Urines for Quantitation and Genotype Determination.
PMC7381302,Front Genet,2020,cc by,ok,7,5,1,0,1,dataset_large,numeric,A Probabilistic Approach to Explore Signal Execution Mechanisms With Limited Experimental Data.
PMC7476838,Cancer Med,2020,cc by,ok,2,0,1,0,1,small_table,,Cell-free DNA profiling in retinoblastoma patients with advanced intraocular disease: An MSKCC experience.
PMC7350744,Genome Biol,2020,cc by,too_large,0,0,0,0,0,no_supp_retrieved,,Genome-wide studies reveal the essential and opposite roles of ARID1A in controlling human cardiogenesis and neurogenesis from pluripotent stem cells.
PMC7350675,Crit Care,2020,cc by,ok,5,2,0,0,3,dataset_large,numeric,The effect of short-course antibiotics on the resistance profile of colonizing gut bacteria in the ICU: a prospective cohort study.
PMC7338408,Nat Commun,2020,cc by,ok,5,1,0,0,3,dataset_medium,numeric,Uncovering mutation-specific morphogenic phenotypes and paracrine-mediated vessel dysfunction in a biomimetic vascularized mammary duct platform.
PMC7347915,Sci Rep,2020,cc by,ok,2,1,0,0,1,dataset_large,numeric,Inhalation exposure to cigarette smoke and inflammatory agents induces epigenetic changes in the lung.
PMC7350570,Genome Med,2020,cc by,ok,2,1,0,0,0,dataset_large,mixed,Angiosarcoma heterogeneity and potential therapeutic vulnerability to immune checkpoint blockade: insights from genomic sequencing.
PMC7423464,Proc Biol Sci,2020,cc by,ok,5,3,0,0,2,dataset_large,numeric,"Idiosyncratic perception: a link between acuity, perceived position and apparent size."
PMC7455496,Sci Adv,2020,cc by-nc,ok,4,2,2,0,0,dataset_large,mixed;omics,Single-cell transcriptomics identifies multiple pathways underlying antitumor function of TCR- and CD8αβ-engineered human CD4&lt;sup&gt;+&lt;/sup&gt; T cells.
PMC7341758,Nat Commun,2020,cc by,ok,6,2,0,0,4,dataset_large,mixed;omics,IgCaller for reconstructing immunoglobulin gene rearrangements and oncogenic translocations from whole-genome sequencing in lymphoid neoplasms.
PMC7331733,Sci Rep,2020,cc by,ok,3,1,0,0,2,dataset_medium,numeric,Altered iron metabolism in cystic fibrosis macrophages: the impact of CFTR modulators and implications for Pseudomonas aeruginosa survival.
PMC7350406,Front Oncol,2020,cc by,ok,1,0,1,0,0,small_table,,Proteomic Analysis of the Air-Way Fluid in Lung Cancer. Detection of Periostin in Bronchoalveolar Lavage (BAL).
PMC7335163,Nat Commun,2020,cc by,too_large,0,0,0,0,0,no_supp_retrieved,,Intellectual disability-associated UNC80 mutations reveal inter-subunit interaction and dendritic function of the NALCN channel complex.
PMC7339439,BMC Genomics,2020,cc by,ok,11,2,4,0,5,dataset_medium,omics,Genome-wide association analysis of canine T zone lymphoma identifies link to hypothyroidism and a shared association with mast-cell tumors.
PMC7331155,BMC Genomics,2020,cc by,ok,5,2,1,0,2,dataset_medium,mixed;numeric,Dual indexed library design enables compatibility of in-Drop single-cell RNA-sequencing with exAMP chemistry sequencing platforms.
PMC7335172,Nat Commun,2020,cc by,ok,3,1,0,0,2,dataset_medium,omics,Dietary glutamine supplementation suppresses epigenetically-activated oncogenic pathways to inhibit melanoma tumour growth.
PMC7369630,Immunity,2020,cc by,too_large,0,0,0,0,0,no_supp_retrieved,,An Integrated Multi-omic Single-Cell Atlas of Human B Cell Identity.
PMC7329117,PLoS One,2020,cc by,ok,11,2,0,0,9,dataset_medium,numeric,Mass spectrometry-based absolute quantification of amyloid proteins in pathology tissue specimens: Merits and limitations.
PMC7336313,J Exp Med,2020,cc by-nc-sa,ok,4,4,0,0,0,dataset_large,mixed;numeric;omics,Hdac3 is an epigenetic inhibitor of the cytotoxicity program in CD8 T cells.
PMC7329334,Sci Adv,2020,cc by,too_large,0,0,0,0,0,no_supp_retrieved,,Esophageal extracellular matrix hydrogel mitigates metaplastic change in a dog model of Barrett's esophagus.
PMC7400780,Mol Oncol,2020,cc by,ok,6,0,2,0,4,small_table,,An unbiased high-throughput drug screen reveals a potential therapeutic vulnerability in the most lethal molecular subtype of pancreatic cancer.
PMC7329086,PLoS One,2020,cc by,ok,1,1,0,0,0,dataset_medium,numeric,Comparison of efficacy and toxicity of intravitreal melphalan formulations for retinoblastoma.
PMC7359770,Carcinogenesis,2020,cc by-nc,ok,3,2,1,0,0,dataset_medium,numeric;omics,Differences in gene-expression profiles in breast cancer between African and European-ancestry women.
PMC7334855,BMC Biol,2020,cc by,ok,2,1,1,0,0,dataset_medium,mixed,Epigenomics and genotype-phenotype association analyses reveal conserved genetic architecture of complex traits in cattle and human.
PMC7322865,Genome Biol,2020,cc by,ok,14,10,2,0,2,dataset_large,mixed;numeric,Allele-specific DNA methylation is increased in cancers and its dense mapping in normal plus neoplastic cells increases the yield of disease-associated regulatory SNPs.
PMC7335061,Nat Commun,2020,cc by,ok,4,2,0,0,2,dataset_large,omics,Pancreatic circulating tumor cell profiling identifies LIN28B as a metastasis driver and drug target.
PMC7367489,PLoS Genet,2020,cc by,ok,27,8,4,0,13,dataset_medium,mixed;numeric,Age-of-onset information helps identify 76 genetic variants associated with allergic disease.
PMC7320137,Nat Commun,2020,cc by,ok,3,1,0,0,2,dataset_large,clinical,Spermine synthase and MYC cooperate to maintain colorectal cancer cell survival by repressing Bim expression.
PMC7319293,PLoS One,2020,cc by,ok,5,2,1,0,2,dataset_medium,mixed,"Systematic review of the use of ""magnitude-based inference"" in sports science and medicine."
PMC7316726,Commun Biol,2020,cc by,ok,5,0,0,0,4,tables_only,,Robust detection of oncometabolic aberrations by <sup>1</sup>H-<sup>13</sup>C heteronuclear single quantum correlation in intact biological specimens.
PMC7355023,Proc Natl Acad Sci U S A,2020,cc by,ok,2,1,0,0,1,dataset_large,numeric,Mass measurements during lymphocytic leukemia cell polyploidization decouple cell cycle- and cell size-dependent growth.
PMC7413857,Am J Hum Genet,2020,cc by-nc-nd,ok,8,5,3,0,0,dataset_large,omics,Regional Variation of Splicing QTLs in Human Brain.
PMC7314847,Nat Commun,2020,cc by,ok,5,1,1,0,3,dataset_large,omics,Synergism between IL7R and CXCR4 drives BCR-ABL induced transformation in Philadelphia chromosome-positive acute lymphoblastic leukemia.
PMC7314766,Nat Commun,2020,cc by,ok,4,1,0,0,3,dataset_medium,numeric,Oncolytic virus-derived type I interferon restricts CAR T cell therapy.
PMC7313200,BMC Cancer,2020,cc by,ok,2,1,0,0,1,dataset_medium,omics,Development of a precision medicine pipeline to identify personalized treatments for colorectal cancer.
PMC7310723,PLoS One,2020,cc by,ok,11,2,2,0,5,dataset_large,numeric;omics,Perm1 regulates cardiac energetics as a downstream target of the histone methyltransferase Smyd1.
PMC7320194,Nat Commun,2020,cc by,ok,9,1,0,0,4,dataset_medium,omics,Exploiting metabolic acidosis in solid cancers using a tumor-agnostic pH-activatable nanoprobe for fluorescence-guided surgery.
PMC7311411,Nat Commun,2020,cc by,ok,4,1,0,0,3,dataset_medium,numeric,Using arterial-venous analysis to characterize cancer metabolic consumption in patients.
PMC7320157,Nat Commun,2020,cc by,ok,3,0,1,0,2,small_table,,Systemic nanoparticle delivery of CRISPR-Cas9 ribonucleoproteins for effective tissue specific genome editing.
PMC7340505,Elife,2020,cc by,ok,8,1,3,0,4,dataset_medium,omics,Unsupervised machine learning reveals risk stratifying glioblastoma tumor cells.
PMC7310008,Genome Biol,2020,cc by,ok,5,1,1,0,2,dataset_large,omics,Approaches for integrating heterogeneous RNA-seq data reveal cross-talk between microbes and genes in asthmatic patients.
PMC7314803,Nat Commun,2020,cc by,ok,15,4,7,0,4,dataset_medium,numeric;omics,Genome-wide association meta-analysis identifies GP2 gene risk variants for pancreatic cancer.
PMC7334594,iScience,2020,cc by-nc-nd,ok,2,0,1,0,1,small_table,,Sustained Adrenergic Activation of YAP1 Induces Anoikis Resistance in Cervical Cancer Cells.
PMC7688486,Leukemia,2020,,ok,1,0,0,0,1,no_tabular_data,,CARM1 inhibition reduces histone acetyltransferase activity causing synthetic lethality in CREBBP/EP300-mutated lymphomas.
PMC7311460,Sci Rep,2020,cc by,ok,2,1,0,0,1,dataset_medium,mixed,Comparison of differential accessibility analysis strategies for ATAC-seq data.
PMC7329146,PLoS Genet,2020,cc by,ok,4,1,1,0,1,dataset_medium,numeric,"A conserved, N-terminal tyrosine signal directs Ras for inhibition by Rabex-5."
PMC7310532,Breast Cancer Res,2020,cc by,ok,2,1,0,0,1,dataset_large,omics,New generation breast cancer cell lines developed from patient-derived xenografts.
PMC7351491,Elife,2020,cc by,ok,5,1,3,0,1,dataset_medium,omics,A trans-eQTL network regulates osteoclast multinucleation and bone mass.
PMC7340504,Elife,2020,cc by,ok,2,0,0,0,1,tables_only,,The Wg and Dpp morphogens regulate gene expression by modulating the frequency of transcriptional bursts.
PMC7305608,Alzheimers Res Ther,2020,cc by,ok,19,3,5,0,11,dataset_large,omics,Diverse proteins aggregate in mild cognitive impairment and Alzheimer's disease brain.
PMC7299931,Nat Commun,2020,cc by,ok,13,8,0,0,5,dataset_large,mixed;numeric;omics,The integrated genomic and epigenomic landscape of brainstem glioma.
PMC7299936,Sci Rep,2020,cc by,ok,2,1,0,0,1,dataset_medium,numeric,CRISPR/Cas9 knockout of human arylamine N-acetyltransferase 1 in MDA-MB-231 breast cancer cells suggests a role in cellular metabolism.
PMC7316346,PLoS Pathog,2020,cc by,ok,3,1,0,0,1,dataset_medium,numeric,"EBNA2-deleted Epstein-Barr virus (EBV) isolate, P3HR1, causes Hodgkin-like lymphomas and diffuse large B cell lymphomas with type II and Wp-restricted latency types in humanized mice."
PMC7416451,Diabetologia,2020,cc by,ok,1,0,0,0,0,no_tabular_data,,Metabolomic and genetic associations with insulin resistance in pregnancy.
PMC7301982,Cancer Cell Int,2020,cc by,ok,1,1,0,0,0,dataset_medium,numeric,Exploiting collateral sensitivity controls growth of mixed culture of sensitive and resistant cells and decreases selection for resistant cells in a cell line model.
PMC7302379,Clin Epigenetics,2020,cc by,ok,1,0,1,0,0,small_table,,G9a regulates tumorigenicity and stemness through genome-wide DNA methylation reprogramming in non-small cell lung cancer.
PMC7293259,Nat Commun,2020,cc by,ok,9,3,2,0,4,dataset_large,mixed;numeric;omics,Quantification of ongoing APOBEC3A activity in tumor cells by monitoring RNA editing at hotspots.
PMC7322100,Neuroimage Clin,2020,cc by-nc-nd,ok,2,0,1,0,0,small_table,,Hippocampal stiffness in mesial temporal lobe epilepsy measured with MR elastography: Preliminary comparison with healthy participants.
PMC7294658,Cancer Metab,2020,cc by,ok,8,4,0,0,4,dataset_medium,mixed;numeric,PHGDH supports liver ceramide synthesis and sustains lipid homeostasis.
PMC7295765,Nat Commun,2020,cc by,ok,4,1,0,0,3,dataset_medium,numeric,Dual Role of WISP1 in maintaining glioma stem cells and tumor-supportive macrophages in glioblastoma.
PMC7293279,Nat Commun,2020,cc by,ok,4,2,0,0,2,dataset_large,omics,CRISPR artificial splicing factors.
PMC7294649,Breast Cancer Res,2020,cc by,ok,14,1,2,0,11,dataset_medium,clinical,Age-associated genes in human mammary gland drive human breast cancer progression.
PMC7371628,Nat Metab,2020,cc by,ok,1,0,0,0,1,no_tabular_data,,Inosine is an alternative carbon source for CD8&lt;sup&gt;+&lt;/sup&gt;-T-cell function under glucose restriction.
PMC7295786,Nat Commun,2020,cc by,ok,4,1,0,0,3,dataset_medium,numeric,Rab11b-mediated integrin recycling promotes brain metastatic adaptation and outgrowth.
PMC7316356,PLoS Genet,2020,cc by,ok,57,4,4,0,49,dataset_medium,numeric,Estimation of non-null SNP effect size distributions enables the detection of enriched genes underlying complex traits.
PMC7290032,Nat Commun,2020,cc by,ok,9,3,3,0,2,dataset_medium,mixed;numeric;omics,MCM8IP activates the MCM8-9 helicase to promote DNA synthesis and homologous recombination upon DNA damage.
PMC7307791,PLoS Genet,2020,cc by,ok,3,1,0,0,2,dataset_medium,numeric,NRF2 loss recapitulates heritable impacts of paternal cigarette smoke exposure.
PMC7287053,Sci Rep,2020,cc by,ok,2,1,1,0,0,dataset_medium,numeric,Clinical relevance and functional significance of cell-free microRNA-1260b expression profiles in infiltrative myxofibrosarcoma.
PMC7285578,Acta Neuropathol Commun,2020,cc by,ok,1,1,0,0,0,dataset_large,omics,DNA methylation profiling demonstrates superior diagnostic classification to RNA-sequencing in a case of metastatic meningioma.
PMC7322011,Proc Natl Acad Sci U S A,2020,cc by-nc-nd,ok,3,1,1,0,1,dataset_medium,numeric,Peripheral myelin protein 22 preferentially partitions into ordered phase membrane domains.
PMC7278147,Genome Biol,2020,cc by,ok,10,2,6,0,2,dataset_large,clinical;omics,Analysis of 1321 Eubacterium rectale genomes from metagenomes uncovers complex phylogeographic population structure and subspecies functional adaptations.
PMC7297950,Front Oncol,2020,cc by,ok,2,0,2,0,0,small_table,,Maspin as a Prognostic Marker for Early Stage Colorectal Cancer With Microsatellite Instability.
PMC7286679,Sci Adv,2020,cc by-nc,ok,4,1,0,0,2,dataset_medium,omics,The clonal evolution of metastatic colorectal cancer.
PMC7274770,Sci Adv,2020,cc by-nc,ok,4,2,1,0,1,dataset_large,numeric;omics,Estrogen induces dynamic ERα and RING1B recruitment to control gene and enhancer activities in luminal breast cancer.
PMC7280530,Sci Rep,2020,cc by,ok,2,1,1,0,0,dataset_medium,numeric,In-depth Mendelian randomization analysis of causal factors for coronary artery disease.
PMC7302867,PLoS Comput Biol,2020,cc by,ok,6,1,3,0,2,dataset_large,mixed,Non-canonical RNA-DNA differences and other human genomic features are enriched within very short tandem repeats.
PMC7272400,Nat Commun,2020,cc by,ok,8,0,1,0,4,small_table,,Invasion of vaginal epithelial cells by uropathogenic Escherichia coli.
PMC7273721,Mol Syst Biol,2020,cc by,ok,13,5,2,0,3,dataset_large,mixed;numeric;omics,"High-throughput, microscope-based sorting to dissect cellular heterogeneity."
PMC7264211,Nat Commun,2020,cc by,ok,6,1,1,0,3,dataset_medium,omics,Suppression of unwanted CRISPR-Cas9 editing by co-administration of catalytically inactivating truncated guide RNAs.
PMC7272425,NPJ Breast Cancer,2020,cc by,ok,5,3,0,0,2,dataset_large,numeric;omics,Skeletal muscle reprogramming by breast cancer regardless of treatment history or tumor molecular subtype.
PMC7271881,PeerJ,2020,cc by,ok,7,0,0,0,4,tables_only,,Prognostic significance of PI3K/AKT/ mTOR signaling pathway members in clear cell renal cell carcinoma.
PMC7297528,Elife,2020,cc by,ok,10,2,3,0,1,dataset_large,numeric,Tissue-resident macrophages promote extracellular matrix homeostasis in the mammary gland stroma of nulliparous mice.
PMC7265307,J Cell Biol,2020,cc by-nc-sa,ok,2,0,2,0,0,small_table,,Protein exchange is reduced in calcium-independent epithelial junctions.
PMC7343486,Aging (Albany NY),2020,cc by,ok,3,1,0,0,2,dataset_large,numeric,Serum metabolites associate with physical performance among middle-aged adults: Evidence from the Bogalusa Heart Study.
PMC7263601,PLoS One,2020,cc by,ok,3,1,0,0,2,dataset_medium,numeric,"Plasma glucocorticogenic activity, race/ethnicity and alcohol intake among San Francisco Bay Area women."
PMC7289446,PLoS Negl Trop Dis,2020,cc0,ok,4,1,0,0,3,dataset_large,mixed,Chikungunya in Indonesia: Epidemiology and diagnostic challenges.
PMC7260371,Commun Biol,2020,cc by,ok,4,1,0,0,3,dataset_medium,numeric,High-content fluorescence imaging with the metabolic flux assay reveals insights into mitochondrial properties and functions.
PMC7265461,Nat Commun,2020,cc by,ok,10,5,2,0,3,dataset_large,omics,Multiplexed relative and absolute quantitative immunopeptidomics reveals MHC I repertoire alterations induced by CDK4/6 inhibition.
PMC7260207,Oncogenesis,2020,cc by,ok,4,1,0,0,3,dataset_large,numeric,"Ovarian BDNF promotes survival, migration, and attachment of tumor precursors originated from p53 mutant fallopian tube epithelial cells."
PMC7264245,Nat Commun,2020,cc by,ok,7,3,0,0,4,dataset_large,numeric;omics,Defective NADPH production in mitochondrial disease complex I causes inflammation and cell death.
PMC7264300,Nat Commun,2020,cc by,ok,14,5,5,0,3,dataset_large,numeric;omics,Inactivation of Arid1a in the endometrium is associated with endometrioid tumorigenesis through transcriptional reprogramming.
PMC7260738,Genome Med,2020,cc by,ok,2,1,0,0,1,dataset_large,numeric,Ancestry-specific predisposing germline variants in cancer.
PMC7286520,PLoS Genet,2020,cc by,ok,9,3,1,0,5,dataset_medium,numeric,Saccharomyces cerevisiae Mus81-Mms4 prevents accelerated senescence in telomerase-deficient cells.
PMC7251690,BMC Plant Biol,2020,cc by,ok,3,2,0,0,1,dataset_large,omics,Spaceflight induces novel regulatory responses in Arabidopsis seedling as revealed by combined proteomic and transcriptomic analyses.
PMC7282676,PLoS Genet,2020,cc by,ok,2,1,1,0,0,dataset_medium,mixed,The Mediator CDK8-Cyclin C complex modulates Dpp signaling in Drosophila by stimulating Mad-dependent transcription.
PMC7253607,J Bacteriol,2020,cc by,ok,2,1,1,0,0,dataset_medium,numeric,"YjbH Requires Its Thioredoxin Active Motif for the Nitrosative Stress Response, Cell-to-Cell Spread, and Protein-Protein Interactions in Listeria monocytogenes."
PMC7430667,RNA,2020,cc by-nc,ok,8,0,3,0,2,small_table,,A combinatorially regulated RNA splicing signature predicts breast cancer EMT states and patient survival.
PMC7305988,Oncogene,2020,,ok,1,0,0,0,0,no_tabular_data,,EZH2 has a non-catalytic and PRC2-independent role in stabilizing DDB2 to promote nucleotide excision repair.
PMC7253423,Commun Biol,2020,cc by,ok,7,2,1,0,4,dataset_large,numeric;omics,Quassinoid analogs with enhanced efficacy for treatment of hematologic malignancies target the PI3Kγ isoform.
PMC7260222,Nat Commun,2020,cc by,ok,3,1,0,0,2,dataset_large,omics,A network of RNA-binding proteins controls translation efficiency to activate anaerobic metabolism.
PMC7260243,Nat Commun,2020,cc by,ok,10,6,1,0,3,dataset_large,mixed;numeric;omics,Evolution and structure of clinically relevant gene fusions in multiple myeloma.
PMC7297529,Elife,2020,cc by,ok,7,0,6,0,1,small_table,,Type I interferon underlies severe disease associated with Junín virus infection in mice.
PMC7325161,Genome Biol,2020,cc by,ok,4,2,0,0,2,dataset_large,mixed;numeric,CICERO: a versatile method for detecting complex and diverse driver fusions using cancer RNA sequencing data.
PMC7343604,Nat Cell Biol,2020,,ok,1,0,0,0,0,no_tabular_data,,Extracellular serine controls epidermal stem cell fate and tumour initiation.
PMC7408807,Transl Vis Sci Technol,2020,cc by-nc-nd,ok,1,0,1,0,0,small_table,,A Mitochondrial Genome-Wide Association Study of Cataract in a Latino Population.
PMC7289600,Elife,2020,cc by,ok,6,4,0,0,0,dataset_medium,numeric,Signaling diversity enabled by Rap1-regulated plasma membrane ERK with distinct temporal dynamics.
PMC7402819,Cancer Med,2020,cc by,ok,2,1,0,0,1,dataset_medium,mixed,Incidence and survival of rare cancers in the US and Europe.
PMC7339218,J Cell Mol Med,2020,cc by,ok,3,1,1,0,1,dataset_large,omics,Classic and targeted anti-leukaemic agents interfere with the cholesterol biogenesis metagene in acute myeloid leukaemia: Therapeutic implications.
PMC7241804,PLoS One,2020,cc by,ok,14,4,3,0,6,dataset_medium,mixed;numeric;omics,Aberrant expression of CPSF1 promotes head and neck squamous cell carcinoma via regulating alternative splicing.
PMC7237447,Nat Commun,2020,cc by,ok,6,1,1,0,4,dataset_medium,mixed,Precise phylogenetic analysis of microbial isolates and genomes from metagenomes using PhyloPhlAn 3.0.
PMC7276299,Nat Genet,2020,,ok,1,0,0,0,0,no_tabular_data,,Quantifying genetic effects on disease mediated by assayed gene expression levels.
PMC7275757,Proc Natl Acad Sci U S A,2020,cc by-nc-nd,ok,2,0,1,0,1,small_table,,Polygenic risk for skin autoimmunity impacts immune checkpoint blockade in bladder cancer.
PMC7808397,Nat Genet,2020,,ok,1,0,0,0,0,no_tabular_data,,Genome-wide association study identifies 32 novel breast cancer susceptibility loci from overall and subtype-specific analyses.
PMC7265065,Neoplasia,2020,cc by-nc-nd,ok,3,2,0,0,1,dataset_medium,numeric;omics,WHSC1 monomethylates histone H1 and induces stem-cell like features in squamous cell carcinoma of the head and neck.
PMC7248411,Front Bioeng Biotechnol,2020,cc by,ok,2,1,0,0,1,dataset_medium,numeric,Development of a Multi-Pulse Conductivity Model for Liver Tissue Treated With Pulsed Electric Fields.
PMC7222439,BMC Med Genomics,2020,cc by,ok,2,1,0,1,0,dataset_medium,mixed,ERα-related chromothripsis enhances concordant gene transcription on chromosome 17q11.1-q24.1 in luminal breast cancer.
PMC7255804,Elife,2020,cc by,ok,5,4,0,0,1,dataset_large,numeric,Single-cell transcriptome reveals the novel role of T-bet in suppressing the immature NK gene signature.
PMC7275746,Proc Natl Acad Sci U S A,2020,cc by-nc-nd,ok,2,1,0,0,1,dataset_large,omics,"Transcriptional profiling identifies an androgen receptor activity-low, stemness program associated with enzalutamide resistance."
PMC7228970,Nat Commun,2020,cc by,ok,4,1,0,0,3,dataset_medium,numeric,DNA polymerase ε relies on a unique domain for efficient replisome assembly and strand synthesis.
PMC7275739,Proc Natl Acad Sci U S A,2020,cc by-nc-nd,ok,3,2,0,0,1,dataset_medium,numeric,Host nutrient milieu drives an essential role for aspartate biosynthesis during invasive <i>Staphylococcus aureus</i> infection.
PMC7341081,Adv Sci (Weinh),2020,cc by,ok,2,1,0,0,1,dataset_medium,omics,Sulfoxide-Containing Polymer-Coated Nanoparticles Demonstrate Minimal Protein Fouling and Improved Blood Circulation.
PMC7217969,Nat Commun,2020,cc by,ok,13,6,1,0,4,dataset_medium,mixed;numeric;omics,Integration of multiple biological contexts reveals principles of synthetic lethality that affect reproducibility.
PMC7327492,EMBO J,2020,cc by,ok,10,6,1,0,2,dataset_large,numeric;omics,Mechanisms of site-specific dephosphorylation and kinase opposition imposed by PP2A regulatory subunits.
PMC7214433,Nat Commun,2020,cc by,ok,16,4,6,0,3,dataset_large,mixed;omics,ORF Capture-Seq as a versatile method for targeted identification of full-length isoforms.
PMC7214418,Nat Commun,2020,cc by,ok,3,1,0,0,2,dataset_large,numeric,Multi-omic single-cell snapshots reveal multiple independent trajectories to drug tolerance in a melanoma cell line.
PMC7214452,Blood Cancer J,2020,cc by,ok,10,9,1,0,0,dataset_large,mixed;numeric;omics,"""Direct to Drug"" screening as a precision medicine tool in multiple myeloma."
PMC7212617,Genome Biol,2020,cc by,ok,5,1,1,0,3,dataset_large,numeric,Defining the relative and combined contribution of CTCF and CTCFL to genomic regulation.
PMC7241832,PLoS Genet,2020,cc by,ok,6,5,0,0,0,dataset_large,omics,ASEP: Gene-based detection of allele-specific expression across individuals in a population by RNA sequencing.
PMC7214407,Nat Commun,2020,cc by,ok,3,1,0,0,2,dataset_large,mixed,Protein-altering germline mutations implicate novel genes related to lung cancer development.
PMC7212609,Genome Biol,2020,cc by,ok,5,1,0,0,4,dataset_medium,numeric,Chromatin topology reorganization and transcription repression by PML-RARα in acute promyeloid leukemia.
PMC7210311,Nat Commun,2020,cc by,too_large,0,0,0,0,0,no_supp_retrieved,,p85β regulates autophagic degradation of AXL to activate oncogenic signaling.
PMC7210260,Nat Commun,2020,cc by,ok,3,1,0,0,2,dataset_large,numeric,Epigenome environment interactions accelerate epigenomic aging and unlock metabolically restricted epigenetic reprogramming in adulthood.
PMC7218227,Neoplasia,2020,cc by-nc-nd,ok,5,2,0,0,1,dataset_large,mixed;omics,Alternative splicing of LSD1+8a in neuroendocrine prostate cancer is mediated by SRRM4.
PMC7219112,Life Sci Alliance,2020,cc by,ok,9,4,2,0,3,dataset_large,mixed;numeric;omics,MAPK pathway mutations in head and neck cancer affect immune microenvironments and ErbB3 signaling.
PMC7206028,Cell Death Dis,2020,cc by,ok,9,5,3,0,1,dataset_medium,mixed,The HMGB1-RAGE axis modulates the growth of autophagy-deficient hepatic tumors.
PMC7292783,Nature,2020,,ok,1,0,0,0,1,no_tabular_data,,"Identification of type 2 diabetes loci in 433,540 East Asian individuals."
PMC7203895,Biotechnol Biofuels,2020,cc by,ok,3,2,0,0,1,dataset_medium,numeric;omics,Acyl-lipid desaturases and Vipp1 cooperate in cyanobacteria to produce novel omega-3 PUFA-containing glycolipids.
PMC7210316,Nat Commun,2020,cc by,ok,6,2,0,0,4,dataset_medium,numeric,Systematically optimized BCMA/CS1 bispecific CAR-T cells robustly control heterogeneous multiple myeloma.
PMC7200670,Nat Commun,2020,cc by,ok,21,14,2,0,5,dataset_large,mixed;numeric;omics,Demographic and genetic factors influence the abundance of infiltrating immune cells in human tissues.
PMC7197183,Acta Neuropathol Commun,2020,cc by,ok,2,2,0,0,0,dataset_large,mixed;numeric,Differential gene methylation and expression of HOX transcription factor family in orbitofacial neurofibroma.
PMC7202871,Sci Adv,2020,cc by-nc,ok,2,1,0,0,1,dataset_medium,mixed,CRISPR-based gene editing enables &lt;i&gt;FOXP3&lt;/i&gt; gene repair in IPEX patient cells.
PMC7204029,BMC Gastroenterol,2020,cc by,ok,4,2,1,0,1,dataset_medium,mixed;numeric,Exosomal miRNA signatures of pancreatic lesions.
PMC7195451,Nat Commun,2020,cc by,too_large,0,0,0,0,0,no_supp_retrieved,,Estrogen receptor-α expressing neurons in the ventrolateral VMH regulate glucose balance.
PMC7198545,Nat Commun,2020,cc by,ok,3,1,0,0,2,dataset_medium,numeric,TRAF3IP3 negatively regulates cytosolic RNA induced anti-viral signaling by promoting TBK1 K48 ubiquitination.
PMC7193585,Nat Commun,2020,cc by,ok,3,0,1,0,2,small_table,,Dysregulation of bile acids increases the risk for preterm birth in pregnant women.
PMC7195461,Nat Commun,2020,cc by,ok,4,1,0,0,3,dataset_large,numeric,Ubiquitinated-PCNA protects replication forks from DNA2-mediated degradation by regulating Okazaki fragment maturation and chromatin assembly.
PMC7245117,Proc Natl Acad Sci U S A,2020,cc by-nc-nd,ok,2,0,0,0,1,tables_only,,"Facultative protein selenation regulates redox sensitivity, adipose tissue thermogenesis, and obesity."
PMC7195420,Nat Commun,2020,cc by,ok,4,1,0,0,3,dataset_large,omics,PBRM1 loss defines a nonimmunogenic tumor phenotype associated with checkpoint inhibitor resistance in renal carcinoma.
PMC7188842,Oncogenesis,2020,cc by,ok,5,3,0,0,0,dataset_medium,omics,Desmoplastic small round cell tumor is dependent on the EWS-WT1 transcription factor.
PMC7190647,NPJ Breast Cancer,2020,cc by,ok,4,1,1,0,2,dataset_large,numeric,Prediction of the functional impact of missense variants in BRCA1 and BRCA2 with BRCA-ML.
PMC7197401,PeerJ,2020,cc by,ok,4,0,3,0,0,small_table,,Enhanced genome editing in human iPSCs with CRISPR-CAS9 by co-targeting <i>ATP1a1</i>.
PMC7198724,Front Cell Dev Biol,2020,cc by,ok,6,0,1,0,4,small_table,,Recent Advances in Computer-Assisted Algorithms for Cell Subtype Identification of Cytometry Data.
PMC7187508,Genome Biol,2020,cc by,ok,3,1,0,0,2,dataset_medium,mixed,REPIC: a database for exploring the N<sup>6</sup>-methyladenosine methylome.
PMC7372585,SLAS Discov,2020,cc by-nc,ok,2,1,0,0,1,dataset_medium,mixed,Comparison of Cell and Organoid-Level Analysis of Patient-Derived 3D Organoids to Evaluate Tumor Cell Growth Dynamics and Drug Response.
PMC7255059,Nat Genet,2020,,ok,1,0,0,0,0,no_tabular_data,,Genome-wide association meta-analyses combining multiple risk phenotypes provide insights into the genetic architecture of cutaneous melanoma susceptibility.
PMC7190832,Nat Commun,2020,cc by,ok,26,20,2,0,3,dataset_large,mixed;numeric;omics,LSD1-mediated enhancer silencing attenuates retinoic acid signalling during pancreatic endocrine cell development.
PMC7183122,BMC Genomics,2020,cc by,ok,2,1,0,0,1,dataset_medium,numeric,A cost-sensitive online learning method for peptide identification.
PMC7198827,Front Chem,2020,cc by,ok,4,2,0,0,1,dataset_large,omics,O-Acetylated Chemical Reporters of Glycosylation Can Display Metabolism-Dependent Background Labeling of Proteins but Are Generally Reliable Tools for the Identification of Glycoproteins.
PMC7189549,Acta Neuropathol Commun,2020,cc by,ok,2,0,1,0,1,small_table,,Validation of machine learning models to detect amyloid pathologies across institutions.
PMC7181640,Nat Commun,2020,cc by,ok,3,1,0,0,2,dataset_large,omics,Modeling biological and genetic diversity in upper tract urothelial carcinoma with patient derived xenografts.
PMC7183124,BMC Cancer,2020,cc by,ok,1,0,1,0,0,small_table,,Altered ARID1A expression in colorectal cancer.
PMC7179894,PLoS One,2020,cc by,ok,3,1,0,0,2,dataset_medium,numeric,Early life exposures associated with risk of small intestinal neuroendocrine tumors.
PMC7200154,Elife,2020,cc by,ok,6,3,1,0,1,dataset_large,omics,Squamous trans-differentiation of pancreatic cancer cells promotes stromal inflammation.
PMC7184728,Nat Commun,2020,cc by,ok,3,0,1,0,2,small_table,,Endothelial E-selectin inhibition improves acute myeloid leukaemia therapy by disrupting vascular niche-mediated chemoresistance.
PMC7181700,Nat Commun,2020,cc by,ok,4,2,0,0,2,dataset_medium,numeric,The vaginal microbiota associates with the regression of untreated cervical intraepithelial neoplasia 2 lesions.
PMC7176420,Sci Adv,2020,cc by-nc,ok,2,1,0,0,1,dataset_medium,mixed,Metagenomic growth rate inferences of strains in situ.
PMC7174303,Nat Commun,2020,cc by,ok,3,1,0,0,1,dataset_medium,numeric,A kinome-wide screen identifies a CDKL5-SOX9 regulatory axis in epithelial cell death and kidney injury.
PMC7212467,Front Immunol,2020,cc by,ok,1,0,0,0,0,tables_only,,Lipid-Mediated Insertion of Toll-Like Receptor (TLR) Ligands for Facile Immune Cell Engineering.
PMC7353136,Mol Biol Cell,2020,cc by-nc-sa,ok,2,1,0,0,1,dataset_large,mixed,High-throughput gene screen reveals modulators of nuclear shape.
PMC7176429,Sci Adv,2020,cc by-nc,ok,8,1,4,0,1,dataset_medium,mixed,A facile technology for the high-throughput sequencing of the paired VH:VL and TCRβ:TCRα repertoires.
PMC7176739,Nat Commun,2020,cc by,ok,10,5,0,0,4,dataset_large,mixed;numeric;omics,Proteasome inhibitor-induced modulation reveals the spliceosome as a specific therapeutic vulnerability in multiple myeloma.
PMC7170957,Sci Rep,2020,cc by,ok,4,0,4,0,0,small_table,,Spatially-resolved quantification of proteins in triple negative breast cancers reveals differences in the immune microenvironment associated with prognosis.
PMC7171100,Nat Commun,2020,cc by,ok,4,1,0,0,3,dataset_large,numeric,Scavenger receptor-A is a biomarker and effector of rheumatoid arthritis: A large-scale multicenter study.
PMC7174377,Nat Commun,2020,cc by,ok,9,3,1,0,4,dataset_large,mixed;omics,Exploiting evolutionary steering to induce collateral drug sensitivity in cancer.
PMC7181646,NPJ Breast Cancer,2020,cc by,ok,4,2,0,0,2,dataset_large,numeric;omics,BCL9/STAT3 regulation of transcriptional enhancer networks promote DCIS progression.
PMC7181647,Nat Commun,2020,cc by,ok,5,1,0,0,4,dataset_large,mixed,Non-coding somatic mutations converge on the PAX8 pathway in ovarian cancer.
PMC7181745,Nat Commun,2020,cc by,ok,9,4,0,0,4,dataset_large,mixed;numeric;omics,HyperTRIBE uncovers increased MUSASHI-2 RNA binding activity and differential regulation in leukemic stem cells.
PMC7181703,Nat Commun,2020,cc by,ok,3,1,0,0,2,dataset_medium,mixed,Using proteolysis-targeting chimera technology to reduce navitoclax platelet toxicity and improve its senolytic activity.
PMC7179840,PLoS One,2020,cc by,ok,1,1,0,0,0,dataset_large,clinical,Assessment of enrollment characteristics for Children's Oncology Group (COG) upfront therapeutic clinical trials 2004-2015.
PMC7180227,Front Chem,2020,cc by,ok,6,4,1,0,1,dataset_large,mixed;numeric,One-Step Enrichment of Intact Glycopeptides From Glycoengineered Chinese Hamster Ovary Cells.
PMC7293582,Alzheimers Dement,2020,cc by-nc-nd,ok,2,1,0,0,1,dataset_large,numeric,Proteomic and biological profiling of extracellular vesicles from Alzheimer's disease human brain tissues.
PMC7161982,PLoS One,2020,cc by,ok,1,1,0,0,0,dataset_medium,numeric,"Interest in linkage to PrEP among people who inject drugs accessing syringe services; Miami, Florida."
PMC7171147,Cell Death Dis,2020,cc by,ok,2,1,0,0,1,dataset_medium,omics,Inhibition of collagen XI alpha 1-induced fatty acid oxidation triggers apoptotic cell death in cisplatin-resistant ovarian cancer.
PMC7192511,PLoS Genet,2020,cc by,ok,3,1,2,0,0,dataset_large,mixed,The genomic landscape of undifferentiated embryonal sarcoma of the liver is typified by C19MC structural rearrangement and overexpression combined with TP53 mutation or loss.
PMC7239769,Oncogene,2020,cc by,ok,5,1,0,0,4,dataset_large,omics,Somatic mutations in the DNA repairome in prostate cancers in African Americans and Caucasians.
PMC7317572,New Phytol,2020,cc by,ok,2,1,0,0,1,dataset_medium,omics,Comprehensive 3D phenotyping reveals continuous morphological variation across genetically diverse sorghum inflorescences.
PMC7162905,Sci Rep,2020,cc by,ok,3,2,0,0,1,dataset_large,mixed;numeric,Variations in cag pathogenicity island genes of Helicobacter pylori from Latin American groups may influence neoplastic progression to gastric cancer.
PMC7156519,Sci Rep,2020,cc by,ok,7,4,1,0,2,dataset_large,mixed;numeric,RNA-Seq of human whole blood: Evaluation of globin RNA depletion on Ribo-Zero library method.
PMC8052915,Nat Microbiol,2020,,ok,1,0,0,0,0,no_tabular_data,,Bacterial colonization reprograms the neonatal gut metabolome.
PMC7156492,Nat Commun,2020,cc by,ok,6,1,0,0,4,dataset_large,numeric,Quantifying the heterogeneity of macromolecular machines by mass photometry.
PMC7156724,Nat Commun,2020,cc by,ok,4,1,1,0,2,dataset_medium,numeric,Potent BRD4 inhibitor suppresses cancer cell-macrophage interaction.
PMC7189366,J Chem Inf Model,2020,,ok,2,1,0,0,1,dataset_medium,numeric,AMPL: A Data-Driven Modeling Pipeline for Drug Discovery.
PMC7160135,Nat Commun,2020,cc by,ok,3,1,0,0,2,dataset_medium,numeric,A rationally enhanced red fluorescent protein expands the utility of FRET biosensors.
PMC7170496,Oncotarget,2020,cc by,ok,4,2,1,0,1,dataset_medium,numeric,Zebrafish B cell acute lymphoblastic leukemia: new findings in an old model.
PMC7156731,Nat Commun,2020,cc by,ok,4,1,2,0,1,dataset_medium,numeric,Adrenergic stress constrains the development of anti-tumor immunity and abscopal responses following local radiation.
PMC7156420,Nat Commun,2020,cc by,ok,12,8,1,0,3,dataset_medium,mixed;numeric,Capturing the primordial Kras mutation initiating urethane carcinogenesis.
PMC7156643,Sci Rep,2020,cc by,ok,2,1,0,0,1,dataset_large,numeric,R-loop-forming Sequences Analysis in Thousands of Viral Genomes Identify A New Common Element in Herpesviruses.
PMC7145007,PLoS One,2020,cc by,ok,1,1,0,0,0,dataset_large,clinical,Increased reporting but decreased mortality associated with adverse events in patients undergoing lung cancer surgery: Competing forces in an era of heightened focus on care quality?
PMC7164953,Elife,2020,cc by,ok,4,1,1,0,2,dataset_medium,omics,Differential expression of MAGEA6 toggles autophagy to promote pancreatic cancer progression.
PMC7136203,Nat Commun,2020,cc by,ok,4,1,0,0,3,dataset_medium,omics,Organoid cultures from normal and cancer-prone human breast tissues preserve complex epithelial lineages.
PMC7138853,Nat Commun,2020,cc by,ok,8,4,0,0,4,dataset_large,numeric,Quantitative proteomic landscape of metaplastic breast carcinoma pathological subtypes and their relationship to triple-negative tumors.
PMC7311243,Nat Chem Biol,2020,,ok,1,0,0,0,1,no_tabular_data,,Drug antagonism and single-agent dominance result from differences in death kinetics.
PMC7145864,Nat Commun,2020,cc by,ok,15,9,2,0,2,dataset_large,mixed;omics,Cancer neoantigen prioritization through sensitive and reliable proteogenomics analysis.
PMC7127986,Nat Genet,2020,cc by,ok,3,1,0,0,2,dataset_large,mixed,A harmonized meta-knowledgebase of clinical interpretations of somatic genomic variants in cancer.
PMC7125161,Nat Commun,2020,cc by,ok,4,2,0,0,2,dataset_medium,numeric,RXRs control serous macrophage neonatal expansion and identity and contribute to ovarian cancer progression.
PMC7159235,PLoS Genet,2020,cc by,ok,3,3,0,0,0,dataset_large,mixed;omics,Loss-of-function tolerance of enhancers in the human genome.
PMC7186589,EBioMedicine,2020,cc by-nc-nd,ok,5,1,2,0,2,dataset_medium,omics,Clinical and genomic insights into circulating tumor DNA-based alterations across the spectrum of metastatic hormone-sensitive and castrate-resistant prostate cancer.
PMC7117665,PLoS Pathog,2020,cc by,ok,1,1,0,0,0,dataset_large,omics,Chemical intervention of influenza virus mRNA nuclear export.
PMC7204805,J Immunother Cancer,2020,cc by-nc,ok,4,1,2,0,1,dataset_medium,omics,"Viral status, immune microenvironment and immunological response to checkpoint inhibitors in hepatocellular carcinoma."
PMC7177985,Mol Ther Oncolytics,2020,cc by-nc-nd,ok,3,0,1,0,2,small_table,,"Stomatin-like Protein 2 Promotes Tumor Cell Survival by Activating the JAK2-STAT3-PIM1 Pathway, Suggesting a Novel Therapy in CRC."
PMC7194135,Nat Cell Biol,2020,,ok,1,0,0,0,0,no_tabular_data,,Cystine transporter regulation of pentose phosphate pathway dependency and disulfide stress exposes a targetable metabolic vulnerability in cancer.
PMC7160360,Stem Cell Reports,2020,cc by-nc-nd,ok,5,2,0,0,2,dataset_large,mixed,Memory of Divisional History Directs the Continuous Process of Primitive Hematopoietic Lineage Commitment.
PMC7163294,Comput Struct Biotechnol J,2020,cc by-nc-nd,ok,3,0,1,0,1,small_table,,A comparison of methods accounting for batch effects in differential expression analysis of UMI count based single cell RNA sequencing.
PMC7254113,J Immunother Cancer,2020,cc by,ok,2,1,0,0,1,dataset_large,omics,Lifting the innate immune barriers to antitumor immunity.
PMC7155233,iScience,2020,cc by-nc-nd,ok,3,1,1,0,1,dataset_medium,mixed,UBC13-Mediated Ubiquitin Signaling Promotes Removal of Blocking Adducts from DNA Double-Strand Breaks.
PMC7178546,iScience,2020,cc by-nc-nd,ok,3,1,0,0,1,dataset_medium,mixed,ERK Activation in CAR T Cells Is Amplified by CD28-Mediated Increase in CD3ζ Phosphorylation.
PMC7101401,Sci Rep,2020,cc by,ok,2,1,0,0,1,dataset_medium,numeric,Mitochondrial dysfunction and DNA damage accompany enhanced levels of formaldehyde in cultured primary human fibroblasts.
PMC7101362,Nat Commun,2020,cc by,ok,4,1,0,0,3,dataset_medium,numeric,Differential regulation of breast cancer bone metastasis by PARP1 and PARP2.
PMC7098555,PLoS One,2020,cc by,ok,4,1,0,0,3,dataset_medium,numeric,EpCAM-independent isolation of circulating tumor cells with epithelial-to-mesenchymal transition and cancer stem cell phenotypes using ApoStream® in patients with breast cancer treated with primary systemic therapy.
PMC7101319,Commun Biol,2020,cc by,ok,5,1,1,0,3,dataset_large,numeric,Analysis of mitochondrial m1A/G RNA modification reveals links to nuclear genetic variants and associated disease processes.
PMC7101390,Nat Commun,2020,cc by,ok,11,1,2,0,4,dataset_large,mixed,Mapping the breast cancer metastatic cascade onto ctDNA using genetic and epigenetic clonal tracking.
PMC7100932,PLoS One,2020,cc by,ok,17,1,0,0,15,dataset_medium,clinical,Image-based metric of invasiveness predicts response to adjuvant temozolomide for primary glioblastoma.
PMC7098574,PLoS Pathog,2020,cc0,ok,7,1,0,0,3,dataset_medium,numeric,Cervicovaginal microbiome and natural history of HPV in a longitudinal study.
PMC7237067,Nat Med,2020,cc by,ok,4,1,0,0,2,dataset_large,mixed,Integrated single-cell analysis of multicellular immune dynamics during hyperacute HIV-1 infection.
PMC7093467,Nat Commun,2020,cc by,ok,12,6,2,0,4,dataset_large,numeric;omics,Genomic analysis of male puberty timing highlights shared genetic basis with hair colour and lifespan.
PMC7083921,Nat Commun,2020,cc by,ok,13,4,5,0,3,dataset_large,numeric;omics,Reproductive tract extracellular vesicles are sufficient to transmit intergenerational stress and program neurodevelopment.
PMC7416516,Nature,2020,,ok,1,0,0,0,0,no_tabular_data,,Dietary fructose feeds hepatic lipogenesis via microbiota-derived acetate.
PMC7081234,Nat Commun,2020,cc by,ok,5,1,1,0,3,dataset_large,omics,Immunogenomic profiling determines responses to combined PARP and PD-1 inhibition in ovarian cancer.
PMC7080807,Nat Commun,2020,cc by,ok,10,4,1,0,3,dataset_large,numeric,Full-length transcript characterization of SF3B1 mutation in chronic lymphocytic leukemia reveals downregulation of retained introns.
PMC7176151,PLoS Genet,2020,cc by,ok,21,3,14,0,4,dataset_medium,numeric,A Snf1-related nutrient-responsive kinase antagonizes endocytosis in yeast.
PMC7078208,Commun Biol,2020,cc by,ok,5,1,0,0,4,dataset_large,numeric,Interaction of SHP-2 SH2 domains with PD-1 ITSM induces PD-1 dimerization and SHP-2 activation.
PMC7083893,Nat Commun,2020,cc by,ok,4,1,0,0,3,dataset_medium,numeric,Therapeutic modulation of phagocytosis in glioblastoma can activate both innate and adaptive antitumour immunity.
PMC7077981,Elife,2020,cc by,ok,1,1,0,0,0,dataset_medium,mixed,Wikidata as a knowledge graph for the life sciences.
PMC7083881,Nat Commun,2020,cc by,ok,3,0,1,0,2,small_table,,Lipid analogs reveal features critical for hemolysis and diminish granadaene mediated Group B Streptococcus infection.
PMC7075969,Commun Biol,2020,cc by,ok,14,6,1,0,7,dataset_large,mixed;numeric;omics,Transcriptome signature analysis repurposes trifluoperazine for the treatment of fragile X syndrome in mouse model.
PMC7081316,Sci Rep,2020,cc by,ok,7,3,0,0,1,dataset_large,clinical;mixed;numeric,Whole genome analysis identifies the association of TP53 genomic deletions with lower survival in Stage III colorectal cancer.
PMC7080821,Nat Commun,2020,cc by,ok,6,1,0,0,4,dataset_medium,mixed,Latent periodic process inference from single-cell RNA-seq data.
PMC7078236,Nat Commun,2020,cc by,ok,20,1,0,0,3,dataset_medium,numeric,Rap1-GTPases control mTORC1 activity by coordinating lysosome organization with amino acid availability.
PMC7109368,Comput Struct Biotechnol J,2020,cc by-nc-nd,ok,5,2,0,0,1,dataset_large,numeric;omics,The landscape of bacterial presence in tumor and adjacent normal tissue across 9 major cancer types using TCGA exome sequencing.
PMC7076002,Nat Commun,2020,cc by,ok,12,5,3,0,4,dataset_medium,omics,Chromatin accessibility promotes hematopoietic and leukemia stem cell activity.
PMC7145421,Elife,2020,cc by,ok,5,2,2,0,1,dataset_medium,mixed;numeric,PACT-mediated PKR activation acts as a hyperosmotic stress intensity sensor weakening osmoadaptation and enhancing inflammation.
PMC7067841,Nat Commun,2020,cc by,ok,6,2,0,0,4,dataset_large,mixed;numeric,Lipidomic and biophysical homeostasis of mammalian membranes counteracts dietary lipid perturbations to maintain cellular fitness.
PMC7306192,JNCI Cancer Spectr,2020,cc by-nc,ok,1,1,0,0,0,dataset_medium,numeric,Evaluating the Utility of Polygenic Risk Scores in Identifying High-Risk Individuals for Eight Common Cancers.
PMC7065908,Elife,2020,cc by,ok,5,2,1,0,1,dataset_large,mixed;omics,Losing Dnmt3a dependent methylation in inhibitory neurons impairs neural function by a mechanism impacting Rett syndrome.
PMC7076123,Front Oncol,2020,cc by,ok,2,1,0,0,1,dataset_large,omics,Integrative Analysis of Breast Cancer Cells Reveals an Epithelial-Mesenchymal Transition Role in Adaptation to Acidic Microenvironment.
PMC7136958,EMBO Mol Med,2020,cc by,ok,15,1,4,0,7,dataset_medium,numeric,Targeting the pregnane X receptor using microbial metabolite mimicry.
PMC7064570,Commun Biol,2020,cc by,ok,10,1,5,0,4,dataset_medium,mixed,Spatial and temporal tracking of cardiac exosomes in mouse using a nano-luciferase-CD63 fusion protein.
PMC7064533,Sci Rep,2020,cc by,ok,2,2,0,0,0,dataset_medium,numeric,MicroRNA-mRNA networks define translatable molecular outcome phenotypes in osteosarcoma.
PMC7104257,Proc Natl Acad Sci U S A,2020,cc by-nc-nd,ok,5,4,0,0,1,dataset_large,mixed;numeric,An MXD1-derived repressor peptide identifies noncoding mediators of MYC-driven cell proliferation.
PMC7062237,PLoS One,2020,cc by,ok,2,1,0,0,1,dataset_medium,omics,Multi-panel immunofluorescence analysis of tumor infiltrating lymphocytes in triple negative breast cancer: Evolution of tumor immune profiles and patient prognosis.
PMC7282053,Clin Epigenetics,2020,cc by,ok,3,1,0,0,1,dataset_medium,mixed,Estimating breast tissue-specific DNA methylation age using next-generation sequencing data.
PMC7062901,Nat Commun,2020,cc by,ok,5,1,0,0,4,dataset_medium,numeric,Minimal barriers to invasion during human colorectal tumor growth.
PMC7266157,RNA,2020,cc by,ok,6,1,3,0,1,dataset_medium,numeric,Reciprocal monoallelic expression of ASAR lncRNA genes controls replication timing of human chromosome 6.
PMC7060184,Sci Rep,2020,cc by,ok,1,1,0,0,0,dataset_medium,mixed,Rapid Pyrazinamide Drug Susceptibility Testing using a Closed-Tube PCR Assay of the Entire pncA gene.
PMC7060223,Nat Commun,2020,cc by,ok,4,2,0,0,2,dataset_medium,mixed;numeric,Electron transport chain activity is a predictor and target for venetoclax sensitivity in multiple myeloma.
PMC7188673,Br J Cancer,2020,cc by,ok,3,0,1,0,1,small_table,,Mitochondrial division inhibitor (mdivi-1) decreases oxidative metabolism in cancer.
PMC7092187,Front Immunol,2020,cc by,ok,7,2,2,0,1,dataset_large,numeric;omics,Immunogenicity and Immune Silence in Human Cancer.
PMC7069355,Front Genet,2020,cc by,ok,7,4,0,0,1,dataset_medium,mixed;numeric,Testing Proximity of Genomic Regions to Transcription Start Sites and Enhancers Complements Gene Set Enrichment Testing.
PMC7082058,PLoS Comput Biol,2020,cc by,ok,1,1,0,0,0,dataset_large,numeric,ProteoClade: A taxonomic toolkit for multi-species and metaproteomic analysis.
PMC7057977,Sci Rep,2020,cc by,ok,2,2,0,0,0,dataset_medium,numeric,Functionally Enigmatic Genes in Cancer: Using TCGA Data to Map the Limitations of Annotations.
PMC7060328,Sci Rep,2020,cc by,ok,2,0,1,0,1,small_table,,Loss of Estrogen Receptors is Associated with Increased Tumor Aggression in Laryngeal Squamous Cell Carcinoma.
PMC7075692,Elife,2020,cc by,ok,2,1,0,0,1,dataset_large,omics,SLAMF6​ deficiency augments tumor killing and skews toward an effector phenotype revealing it as a novel T cell checkpoint.
PMC7483300,Leukemia,2020,cc by,ok,3,2,0,0,1,dataset_large,mixed;omics,Evaluating the efficacy of multiple myeloma cell lines as models for patient tumors via transcriptomic correlation analysis.
PMC7090291,Endocrinol Metab (Seoul),2020,cc by-nc,ok,1,1,0,0,0,dataset_medium,numeric,"Protein Expression of Cyclin B1, Transferrin Receptor, and Fibronectin Is Correlated with the Prognosis of Adrenal Cortical Carcinoma."
PMC7077871,PLoS Pathog,2020,cc0,ok,6,0,4,0,1,small_table,,African green monkeys avoid SIV disease progression by preventing intestinal dysfunction and maintaining mucosal barrier integrity.
PMC7346726,Mol Biol Cell,2020,cc by-nc-sa,ok,2,1,0,0,1,dataset_medium,omics,Wnt regulation: exploring Axin-Disheveled interactions and defining mechanisms by which the SCF E3 ubiquitin ligase is recruited to the destruction complex.
PMC7048872,Nat Commun,2020,cc by,ok,4,1,0,0,2,dataset_medium,numeric,Macropinocytosis confers resistance to therapies targeting cancer anabolism.
PMC7196584,Mol Cell Proteomics,2020,cc by,ok,3,1,0,0,1,dataset_medium,mixed,An Improved Boosting to Amplify Signal with Isobaric Labeling (iBASIL) Strategy for Precise Quantitative Single-cell Proteomics.
PMC7395059,Reprod Sci,2020,cc by,ok,2,1,0,0,1,dataset_medium,numeric,Expression of Stromal Progesterone Receptor and Differential Methylation Patterns in the Endometrium May Correlate with Response to Progesterone Therapy in Endometrial Complex Atypical Hyperplasia.
PMC7047409,Genome Biol,2020,cc by,ok,5,2,0,0,3,dataset_large,omics,Regenerating zebrafish fin epigenome is characterized by stable lineage-specific DNA methylation and dynamic chromatin accessibility.
PMC7136024,Elife,2020,cc0,ok,8,3,3,0,2,dataset_medium,numeric,A protein quality control pathway at the mitochondrial outer membrane.
PMC7052196,Sci Rep,2020,cc by,ok,2,1,0,0,1,dataset_large,numeric,Attractor Ranked Radial Basis Function Network: A Nonparametric Forecasting Approach for Chaotic Dynamic Systems.
PMC7066322,Stem Cell Reports,2020,cc by-nc-nd,ok,3,1,2,0,0,dataset_large,mixed,Aberrant Development Corrected in Adult-Onset Huntington's Disease iPSC-Derived Neuronal Cultures via WNT Signaling Modulation.
PMC7206964,J Immunother Cancer,2020,cc by-nc,ok,3,1,0,0,2,dataset_medium,mixed,"Characterization of tumor mutation burden, PD-L1 and DNA repair genes to assess relationship to immune checkpoint inhibitors response in metastatic renal cell carcinoma."
PMC7206971,J Immunother Cancer,2020,cc by-nc,ok,2,1,0,0,1,dataset_large,mixed,Complete response to anti-PD-L1 antibody in a metastatic bladder cancer associated with novel MSH4 mutation and microsatellite instability.
PMC7062285,PLoS Comput Biol,2020,cc0,ok,15,4,4,0,7,dataset_large,mixed;omics,"Individualized genetic network analysis reveals new therapeutic vulnerabilities in 6,700 cancer genomes."
PMC7160060,Oncogene,2020,cc by,ok,1,0,0,0,0,no_tabular_data,,Stromal Hedgehog pathway activation by IHH suppresses lung adenocarcinoma growth and metastasis by limiting reactive oxygen species.
PMC7093176,Aging (Albany NY),2020,cc by,ok,1,0,1,0,0,small_table,,Obstructive sleep apnea syndrome and causal relationship with female breast cancer: a mendelian randomization study.
PMC7048847,Sci Rep,2020,cc by,ok,2,1,0,0,1,dataset_medium,numeric,Genomic alterations and abnormal expression of APE2 in multiple cancers.
PMC7046218,PLoS One,2020,cc by,ok,5,2,0,0,1,dataset_large,mixed;numeric,Machine learning on genome-wide association studies to predict the risk of radiation-associated contralateral breast cancer in the WECARE Study.
PMC7043923,Sci Adv,2020,cc by-nc,ok,6,2,2,0,1,dataset_large,omics,Multi-omics characterization of molecular features of gastric cancer correlated with response to neoadjuvant chemotherapy.
PMC7044427,Cell Death Dis,2020,cc by,ok,2,1,0,0,1,dataset_medium,mixed,Identifying conserved molecular targets required for cell migration of glioblastoma cancer stem cells.
PMC7035357,Nat Commun,2020,cc by,ok,8,1,0,0,3,dataset_medium,numeric,Klf5 acetylation regulates luminal differentiation of basal progenitors in prostate development and regeneration.
PMC7039929,Sci Rep,2020,cc by,ok,6,4,0,0,2,dataset_medium,mixed;omics,Deconvoluting Wavelengths Leading to Fluorescent Light Induced Inflammation and Cellular Stress in Zebrafish (Danio rerio).
PMC7033911,Genome Biol,2020,cc by,ok,23,0,11,0,11,small_table,,Comprehensive assessment of computational algorithms in predicting cancer driver mutations.
PMC7033104,Nat Commun,2020,cc by,ok,5,1,0,0,3,dataset_large,numeric,Ultra-thermostable RNA nanoparticles for solubilizing and high-yield loading of paclitaxel for breast cancer therapy.
PMC7033178,Nat Commun,2020,cc by,ok,5,1,0,0,3,dataset_medium,numeric,Naturally-occurring cholesterol analogues in lipid nanoparticles induce polymorphic shape and enhance intracellular delivery of mRNA.
PMC7031616,mSphere,2020,cc by,ok,8,1,2,0,5,dataset_large,omics,Coimmunoprecipitation with MYR1 Identifies Three Additional Proteins within the Toxoplasma gondii Parasitophorous Vacuole Required for Translocation of Dense Granule Effectors into Host Cells.
PMC7031389,Nat Commun,2020,cc by,ok,4,0,1,0,3,small_table,,Topoisomerase 1 cleavage complex enables pattern recognition and inflammation during senescence.
PMC7048302,PLoS Comput Biol,2020,cc by,ok,4,3,0,0,0,dataset_large,mixed,Deep Learning-driven research for drug discovery: Tackling Malaria.
PMC7055924,PLoS Comput Biol,2020,cc by,ok,5,4,0,0,1,dataset_medium,numeric,Phenotype-based probabilistic analysis of heterogeneous responses to cancer drugs and their combination efficacy.
PMC7035358,Nat Commun,2020,cc by,ok,26,10,9,0,3,dataset_large,mixed;numeric;omics,Immuno-genomic landscape of osteosarcoma.
PMC7058343,PLoS Pathog,2020,cc by,ok,10,4,1,0,5,dataset_large,mixed;numeric,Comprehensive analysis of iron utilization by Mycobacterium tuberculosis.
PMC7028295,PLoS One,2020,cc by,ok,4,1,0,0,3,dataset_medium,clinical,Timing is everything: Early do-not-resuscitate orders in the intensive care unit and patient outcomes.
PMC7027124,Genome Med,2020,cc by,ok,5,3,1,0,1,dataset_large,mixed;numeric;omics,"The pan-cancer landscape of prognostic germline variants in 10,582 patients."
PMC7029137,mBio,2020,cc by,ok,7,2,0,0,5,dataset_medium,numeric,Fecal Metabolomic Signatures in Colorectal Adenoma Patients Are Associated with Gut Microbiota and Early Events of Colorectal Cancer Pathogenesis.
PMC7026138,Sci Rep,2020,cc by,ok,11,9,1,0,1,dataset_large,mixed;numeric;omics,Variability in estimated gene expression among commonly used RNA-seq pipelines.
PMC7030928,Sci Adv,2020,cc by-nc,ok,5,0,1,0,1,small_table,,Engineering light-controllable CAR T cells for cancer immunotherapy.
PMC7027068,Breast Cancer Res,2020,cc by,ok,5,1,1,2,0,dataset_large,numeric,"TBCRC 002: a phase II, randomized, open-label trial of preoperative letrozole with or without bevacizumab in postmenopausal women with newly diagnosed stage 2/3 hormone receptor-positive and HER2-negative breast cancer."
PMC7018822,Nat Commun,2020,cc by,ok,4,1,0,0,3,dataset_medium,numeric,A case report of multiple primary prostate tumors with differential drug sensitivity.
PMC7018795,Cell Death Dis,2020,cc by,ok,3,2,0,0,1,dataset_large,omics,"Low expression of pro-apoptotic proteins Bax, Bak and Smac indicates prolonged progression-free survival in chemotherapy-treated metastatic melanoma."
PMC7031496,Front Immunol,2020,cc by,ok,2,1,1,0,0,dataset_medium,omics,Transcriptomic Features of T Cell-Barren Tumors Are Conserved Across Diverse Tumor Types.
PMC7012442,PLoS One,2020,cc by,ok,6,1,0,0,4,dataset_medium,clinical,Precision medicine and actionable alterations in lung cancer: A single institution experience.
PMC7011231,Genome Biol,2020,cc by,ok,5,2,0,1,1,dataset_medium,omics,A post-transcriptional program of chemoresistance by AU-rich elements and TTP in quiescent leukemic cells.
PMC7012439,PLoS One,2020,cc by,ok,1,0,1,0,0,small_table,,Automatic registration of 2D MR cine images for swallowing motion estimation.
PMC7109044,Br J Cancer,2020,cc by,ok,2,1,1,0,0,dataset_medium,mixed,Development of prediction models for lymph node metastasis in endometrioid endometrial carcinoma.
PMC7018718,Sci Rep,2020,cc by,ok,2,1,0,0,1,dataset_medium,omics,TAK1 signaling regulates p53 through a mechanism involving ribosomal stress.
PMC7018060,PLoS One,2020,cc0,ok,2,0,1,0,1,small_table,,Detection and quantification of renal fibrosis by computerized tomography.
PMC7018801,Nat Commun,2020,cc by,ok,4,1,1,0,2,dataset_medium,numeric,Inference and effects of barcode multiplets in droplet-based single-cell assays.
PMC7498307,Surg Oncol,2020,cc by-nc-nd,ok,1,0,0,0,0,no_tabular_data,,A step towards personalizing next line therapy for resected pancreatic and related cancer patients: A single institution's experience.
PMC7005144,Nat Commun,2020,cc by,ok,8,1,1,0,4,dataset_medium,mixed,A combination strategy targeting enhancer plasticity exerts synergistic lethality against BETi-resistant leukemia cells.
PMC7005855,Nat Commun,2020,cc by,ok,5,2,0,0,3,dataset_large,omics,CD229 CAR T cells eliminate multiple myeloma and tumor propagating cells without fratricide.
PMC7005830,Nat Commun,2020,cc by,ok,8,2,2,0,2,dataset_medium,mixed,The COMET toolkit for composing customizable genetic programs in mammalian cells.
PMC7011040,Heliyon,2020,cc by-nc-nd,ok,1,1,0,0,0,dataset_medium,numeric,Annexin 2 protein expression is associated with breast cancer subtypes in African American women.
PMC8076016,Nat Genet,2020,cc by,ok,3,1,0,0,2,dataset_large,omics,The landscape of viral associations in human cancers.
PMC7013041,Front Chem,2020,cc by,ok,5,1,0,0,4,dataset_large,numeric,"Cell Line-, Protein-, and Sialoglycosite-Specific Control of Flux-Based Sialylation in Human Breast Cells: Implications for Cancer Progression."
PMC7002710,Nat Commun,2020,cc by,ok,5,1,2,0,2,dataset_large,omics,Genomic footprints of activated telomere maintenance mechanisms in cancer.
PMC7521856,Mol Biol Cell,2020,cc by-nc-sa,ok,9,0,1,0,1,small_table,,Quantifying topography-guided actin dynamics across scales using optical flow.
PMC7000409,Cell Death Dis,2020,cc by,ok,4,1,0,0,3,dataset_large,omics,Oncogene-dependent function of BRG1 in hepatocarcinogenesis.
PMC7190068,BMJ,2020,cc by-nc,ok,3,1,0,0,2,dataset_medium,mixed,Association between financial links to indoor tanning industry and conclusions of published studies on indoor tanning: systematic review.
PMC7025897,Nature,2020,cc by,ok,3,1,0,0,2,dataset_medium,numeric,Patterns of somatic structural variation in human cancer genomes.
PMC7002586,Nat Commun,2020,cc by,ok,10,2,4,0,4,dataset_large,mixed;omics,A deep learning system accurately classifies primary and metastatic cancers using passenger mutation patterns.
PMC7054214,Nature,2020,cc by,ok,4,1,0,0,3,dataset_large,mixed,"Analyses of non-coding somatic drivers in 2,658 cancer whole genomes."
PMC7002750,Nat Commun,2020,cc by,ok,8,2,2,0,4,dataset_large,mixed;numeric,Combined burden and functional impact tests for cancer driver discovery using DriverPower.
PMC7002553,Nat Commun,2020,cc by,ok,3,1,0,0,2,dataset_medium,mixed,mTORC1 coordinates an immediate unfolded protein response-related transcriptome in activated B cells preceding antibody secretion.
PMC7034442,J Extracell Vesicles,2020,cc by-nc,ok,1,0,1,0,0,small_table,,MIFlowCyt-EV: a framework for standardized reporting of extracellular vesicle flow cytometry experiments.
PMC7462037,Cancer Biother Radiopharm,2020,cc by,ok,7,2,0,0,5,dataset_medium,numeric,A Genomic Profile of Local Immunity in the Melanoma Microenvironment Following Treatment with α Particle-Emitting Ultrasmall Silica Nanoparticles.
PMC7006136,Cell Commun Signal,2020,cc by,ok,4,1,0,0,1,dataset_large,mixed,Extracellular vesicles originating from glioblastoma cells increase metalloproteinase release by astrocytes: the role of CD147 (EMMPRIN) and ionizing radiation.
PMC6997369,Nat Commun,2020,cc by,ok,5,3,0,0,2,dataset_large,numeric;omics,Chronic activation of endothelial MAPK disrupts hematopoiesis via NFKB dependent inflammatory stress reversible by SCGF.
PMC7002340,mBio,2020,cc by,ok,3,1,0,0,2,dataset_medium,numeric,The Toxoplasma gondii Cyst Wall Interactome.
PMC7005152,Sci Rep,2020,cc by,too_large,0,0,0,0,0,no_supp_retrieved,,Genome mining of biosynthetic and chemotherapeutic gene clusters in Streptomyces bacteria.
PMC6996832,PLoS One,2020,cc by,ok,9,2,2,0,5,dataset_large,numeric,Genome-wide analysis of HOXC4 and HOXC6 regulated genes and binding sites in prostate cancer cells.
PMC7135912,Nat Cell Biol,2020,,ok,1,0,0,0,0,no_tabular_data,,HSF1 phase transition mediates stress adaptation and cell fate decisions.
PMC7054212,Nature,2020,cc by,ok,14,5,2,0,3,dataset_large,mixed;numeric,"The evolutionary history of 2,658 cancers."
PMC7005316,Nat Commun,2020,cc by,too_large,0,0,0,0,0,no_supp_retrieved,,Sexual-dimorphism in human immune system aging.
PMC7058534,Nat Genet,2020,cc by,ok,9,2,1,0,6,dataset_large,mixed,"Comprehensive analysis of chromothripsis in 2,658 human cancers using whole-genome sequencing."
PMC7002524,Nat Commun,2020,cc by,ok,10,7,0,0,3,dataset_large,mixed;numeric;omics,High-coverage whole-genome analysis of 1220 cancers reveals hundreds of genes deregulated by rearrangement-mediated cis-regulatory alterations.
PMC7053236,Mol Oncol,2020,cc by,ok,14,5,1,0,8,dataset_large,clinical;omics,NOTCH and DNA repair pathways are more frequently targeted by genomic alterations in inflammatory than in non-inflammatory breast cancers.
PMC7002770,Nat Commun,2020,cc by,ok,4,1,1,0,2,dataset_large,numeric,Divergent mutational processes distinguish hypoxic and normoxic tumours.
PMC7058536,Nat Genet,2020,cc by,ok,3,1,0,0,2,dataset_large,omics,Pan-cancer analysis of whole genomes identifies driver rearrangements promoted by LINE-1 retrotransposition.
PMC7002574,Nat Commun,2020,cc by,ok,29,14,9,0,1,dataset_large,mixed;numeric;omics,Pathway and network analysis of more than 2500 whole cancer genomes.
PMC6994577,Nat Commun,2020,cc by,ok,3,1,0,0,2,dataset_medium,numeric,Bempegaldesleukin selectively depletes intratumoral Tregs and potentiates T cell-mediated cancer therapy.
PMC7014025,Stem Cell Reports,2020,cc by-nc-nd,ok,12,1,1,0,5,dataset_medium,mixed,Adult Human Glioblastomas Harbor Radial Glia-like Cells.
PMC7442418,Neuro Oncol,2020,cc by,ok,3,3,0,0,0,dataset_large,numeric,Lack of association between modifiable exposures and glioma risk: a Mendelian randomization analysis.
PMC6987220,Nat Commun,2020,cc by,ok,8,3,1,0,4,dataset_large,mixed;omics,Longitudinal assessment of tumor development using cancer avatars derived from genetically engineered pluripotent stem cells.
PMC6988966,PLoS One,2020,cc by,ok,2,1,0,0,1,dataset_large,numeric,Cost-effectiveness of pembrolizumab for advanced non-small cell lung cancer patients with varying comorbidity burden.
PMC6994528,Nat Commun,2020,cc by,ok,11,2,0,0,3,dataset_medium,mixed;numeric,Monitoring spatiotemporal changes in chaperone-mediated autophagy in vivo.
PMC6995064,BMC Cancer,2020,cc by,ok,2,1,0,0,1,dataset_medium,mixed,"Simplified molecular classification of lung adenocarcinomas based on EGFR, KRAS, and TP53 mutations."
PMC6985115,Nat Commun,2020,cc by,ok,13,10,0,0,3,dataset_medium,numeric;omics,White blood cell and cell-free DNA analyses for detection of residual disease in gastric cancer.
PMC6994533,Nat Commun,2020,cc by,ok,3,1,0,0,2,dataset_medium,numeric,Persistence of adoptively transferred T cells with a kinetically engineered IL-2 receptor agonist.
PMC7085458,Oncogene,2020,,ok,1,0,0,0,1,no_tabular_data,,Cytokeratin 5 alters β-catenin dynamics in breast cancer cells.
PMC6985110,Sci Rep,2020,cc by,ok,4,2,1,0,1,dataset_large,omics,"B4GALNT1 induces angiogenesis, anchorage independence growth and motility, and promotes tumorigenesis in melanoma by induction of ganglioside GM2/GD2."
PMC6987207,Nat Commun,2020,cc by,ok,2,1,1,0,0,dataset_large,numeric,Systemic infection facilitates transmission of Pseudomonas aeruginosa in mice.
PMC6984686,PLoS One,2020,cc by,ok,2,1,0,0,1,dataset_medium,numeric,The relationship between stress and vitiligo: Evaluating perceived stress and electronic medical record data.
PMC6992758,Sci Rep,2020,cc by,ok,2,1,0,0,1,dataset_large,omics,KANSL2 and MBNL3 are regulators of pancreatic ductal adenocarcinoma invasion.
PMC6985231,Nat Commun,2020,cc by,ok,7,2,2,0,3,dataset_medium,numeric,Genetically stable poliovirus vectors activate dendritic cells and prime antitumor CD8 T cell immunity.
PMC7044684,Mol Ther Nucleic Acids,2020,cc by-nc-nd,ok,3,1,0,0,2,dataset_large,numeric,Pan-Cancer Analysis Reveals the Diverse Landscape of Novel Sense and Antisense Fusion Transcripts.
PMC6981133,Nat Commun,2020,cc by,ok,8,4,0,0,4,dataset_large,mixed;omics,Single-cell analysis reveals new evolutionary complexity in uveal melanoma.
PMC6981153,Nat Commun,2020,cc by,ok,8,1,2,0,4,dataset_medium,numeric,Targeting glutamine metabolism slows soft tissue sarcoma growth.
PMC6981169,Nat Commun,2020,cc by,ok,4,1,0,0,3,dataset_medium,numeric,Interrogation of enhancer function by enhancer-targeting CRISPR epigenetic editing.
PMC6985126,Nat Commun,2020,cc by,ok,11,7,1,0,3,dataset_large,mixed;numeric;omics,Microscaled proteogenomic methods for precision oncology.
PMC6985113,Nat Commun,2020,cc by,ok,3,0,2,0,1,small_table,,Lymphatic endothelial cells prime naïve CD8<sup>+</sup> T cells into memory cells under steady-state conditions.
PMC6976289,Sci Adv,2020,cc by-nc,ok,4,2,0,0,1,dataset_large,numeric,Single-cell morphology encodes metastatic potential.
PMC6979384,Epigenetics Chromatin,2020,cc by,ok,5,3,0,0,2,dataset_medium,numeric;omics,Characterization of the plant homeodomain (PHD) reader family for their histone tail interactions.
PMC6997906,Redox Biol,2020,cc by,ok,3,2,0,0,1,dataset_medium,clinical,Inhibition of TXNRD or SOD1 overcomes NRF2-mediated resistance to β-lapachone.
PMC6978525,Nat Commun,2020,cc by,ok,7,0,1,0,4,small_table,,WASP family proteins regulate the mobility of the B cell receptor during signaling activation.
PMC6994152,PLoS Comput Biol,2020,cc by,ok,3,1,0,0,1,dataset_medium,clinical,Between-tumor and within-tumor heterogeneity in invasive potential.
PMC6974573,mBio,2020,cc by,ok,4,0,2,2,0,small_table,,An Oral Inoculation Infant Rabbit Model for <i>Shigella</i> Infection.
PMC6981147,Nat Commun,2020,cc by,ok,4,1,0,0,3,dataset_large,numeric,The proteasome 19S cap and its ubiquitin receptors provide a versatile recognition platform for substrates.
PMC7010298,PLoS Genet,2020,cc by,ok,26,7,0,0,12,dataset_large,numeric,Integrative QTL analysis of gene expression and chromatin accessibility identifies multi-tissue patterns of genetic regulation.
PMC6981224,Sci Rep,2020,cc by,ok,2,1,0,0,1,dataset_medium,mixed,Clonally selected primitive endothelial cells promote occlusive pulmonary arteriopathy and severe pulmonary hypertension in rats exposed to chronic hypoxia.
PMC6981190,Nat Commun,2020,cc by,too_large,0,0,0,0,0,no_supp_retrieved,,African-centric TP53 variant increases iron accumulation and bacterial pathogenesis but improves response to malaria toxin.
PMC6971072,Sci Rep,2020,cc by,ok,3,1,1,0,0,dataset_medium,mixed,Molecular characterization of sarcomatoid clear cell renal cell carcinoma unveils new candidate oncogenic drivers.
PMC6972743,Sci Data,2020,cc by,ok,3,2,0,0,1,dataset_medium,mixed,High-throughput identification of protein functional similarities using a gene-expression-based siRNA screen.
PMC7046471,Elife,2020,cc by,ok,5,0,3,0,1,small_table,,Receptor-based mechanism of relative sensing and cell memory in mammalian signaling networks.
PMC8744404,Int J Obes (Lond),2020,,ok,1,0,0,0,0,no_tabular_data,,Anthropometric measures of body fat and obesity-related cancer risk: sex-specific differences in Framingham Offspring Study adults.
PMC6971050,Nat Commun,2020,cc by,ok,7,3,1,0,3,dataset_medium,mixed,Mutational signatures in tumours induced by high and low energy radiation in Trp53 deficient mice.
PMC7007577,Proc Natl Acad Sci U S A,2020,cc by-nc-nd,ok,8,0,6,0,1,small_table,,"De novo mutations across 1,465 diverse genomes reveal mutational insights and reductions in the Amish founder population."
PMC6969155,Nat Commun,2020,cc by,too_large,0,0,0,0,0,no_supp_retrieved,,Rapid and deep-scale ubiquitylation profiling for biology and translational research.
PMC7078291,Br J Cancer,2020,cc by,ok,7,3,1,0,1,dataset_large,numeric;omics,MYC regulates fatty acid metabolism through a multigenic program in claudin-low triple negative breast cancer.
PMC6962460,Commun Biol,2020,cc by,ok,14,0,4,0,4,small_table,,Chemosensitization of prostate cancer stem cells in mice by angiogenin and plexin-B2 inhibitors.
PMC6962324,Nat Commun,2020,cc by,ok,11,6,0,0,4,dataset_large,mixed;numeric,"Acquisition, transmission and strain diversity of human gut-colonizing crAss-like phages."
PMC7010409,Elife,2020,cc by,ok,8,4,3,0,1,dataset_large,clinical;numeric;omics,"CNApp, a tool for the quantification of copy number alterations and integrative analysis revealing clinical implications."
PMC7329587,Mod Pathol,2020,,ok,1,0,0,0,0,no_tabular_data,,Poorly differentiated thyroid carcinoma of childhood and adolescence: a distinct entity characterized by DICER1 mutations.
PMC7014796,J R Soc Interface,2020,cc by,ok,8,3,0,0,4,dataset_medium,numeric,Mathematical deconvolution of CAR T-cell proliferation and exhaustion from real-time killing assay data.
PMC6959240,Nat Commun,2020,cc by,too_large,0,0,0,0,0,no_supp_retrieved,,Dynamic organelle distribution initiates actin-based spindle migration in mouse oocytes.
PMC7011134,J Cell Mol Med,2020,cc by,ok,4,1,0,0,3,dataset_medium,omics,The combination of FLT3 and SYK kinase inhibitors is toxic to leukaemia cells with CBL mutations.
PMC6961311,Genome Biol,2020,cc by,ok,7,1,2,0,3,dataset_medium,mixed,DENDRO: genetic heterogeneity profiling and subclone detection by single-cell RNA sequencing.
PMC6997593,iScience,2020,cc by-nc-nd,ok,4,0,1,0,1,small_table,,Exploration of Cell Development Pathways through High-Dimensional Single Cell Analysis in Trajectory Space.
PMC6965647,Nat Commun,2020,cc by,ok,11,6,0,0,4,dataset_large,numeric;omics,The epichaperome is a mediator of toxic hippocampal stress and leads to protein connectivity-based dysfunction.
PMC6959564,PLoS One,2020,cc by,ok,3,0,1,0,2,small_table,,Airway epithelial specific deletion of Jun-N-terminal kinase 1 attenuates pulmonary fibrosis in two independent mouse models.
PMC6980693,PLoS Negl Trop Dis,2020,cc by,ok,8,1,1,0,4,dataset_large,numeric,A novel histological index for evaluation of environmental enteric dysfunction identifies geographic-specific features of enteropathy among children with suboptimal growth.
PMC7050066,Cancer Med,2020,cc by,ok,2,2,0,0,0,dataset_large,mixed;numeric,End-of-life quality metrics among medicare decedents at minority-serving cancer centers: A retrospective study.
PMC6954302,Nat Commun,2020,cc by,ok,4,1,0,0,3,dataset_medium,omics,"Comparative therapeutic efficacy of remdesivir and combination lopinavir, ritonavir, and interferon beta against MERS-CoV."
PMC6977771,PLoS Negl Trop Dis,2020,cc0,ok,11,1,0,0,10,dataset_large,numeric,An observational prospective cohort study of the epidemiology of hospitalized patients with acute febrile illness in Indonesia.
PMC7065184,J Pathol,2020,cc by,ok,3,1,1,0,1,dataset_medium,mixed,Clinicopathological and molecular characterisation of 'multiple-classifier' endometrial carcinomas.
PMC6948732,PLoS One,2020,cc by,ok,6,5,0,0,0,dataset_large,numeric;omics,Concurrent lipidomics and proteomics on malignant plasma cells from multiple myeloma patients: Probing the lipid metabolome.
PMC6984821,Elife,2020,cc by,ok,15,5,5,0,2,dataset_large,mixed;omics,STRIPAK directs PP2A activity toward MAP4K4 to promote oncogenic transformation of human cells.
PMC6962690,Neuroimage Clin,2020,cc by-nc-nd,ok,4,1,1,0,1,dataset_medium,numeric,Anatomical assessment of trigeminal nerve tractography using diffusion MRI: A comparison of acquisition b-values and single- and multi-fiber tracking strategies.
PMC6946401,Elife,2020,cc by,ok,6,2,2,0,2,dataset_medium,numeric,Roles of C/EBP class bZip proteins in the growth and cell competition of <i>Rp</i> ('Minute') mutants in <i>Drosophila</i>.
PMC6950893,BMC Ecol,2020,cc by,ok,3,1,1,0,1,dataset_large,numeric,Enhanced inference of ecological networks by parameterizing ensembles of population dynamics models constrained with prior knowledge.
PMC6946810,Nat Commun,2020,cc by,ok,11,8,0,0,3,dataset_medium,mixed;numeric;omics,Immune-mediated genetic pathways resulting in pulmonary function impairment increase lung cancer susceptibility.
PMC6948745,PLoS One,2020,cc by,ok,6,0,4,0,2,small_table,,"Interleukin 6 is increased in preclinical HNSCC models of acquired cetuximab resistance, but is not required for maintenance of resistance."
PMC6953790,PLoS Genet,2020,cc by,ok,3,3,0,0,0,dataset_large,numeric;omics,"Autophagy gene haploinsufficiency drives chromosome instability, increases migration, and promotes early ovarian tumors."
PMC7000350,EBioMedicine,2020,cc by-nc-nd,ok,2,1,0,0,1,dataset_medium,omics,Contribution of synergism between PHF8 and HER2 signalling to breast cancer development and drug resistance.
PMC6974400,Nat Genet,2020,,ok,13,12,0,0,1,dataset_large,mixed;numeric;omics,Fine-mapping of 150 breast cancer risk regions identifies 191 likely target genes.
PMC6949263,Nat Commun,2020,cc by,ok,5,1,1,0,2,dataset_medium,mixed,Prox1-positive cells monitor and sustain the murine intestinal epithelial cholinergic niche.
PMC7212920,Neurooncol Adv,2020,cc by-nc,ok,3,2,1,0,0,dataset_large,numeric,Gliomas display distinct sex-based differential methylation patterns based on molecular subtype.
PMC7200594,Genet Med,2020,cc by,ok,2,1,0,0,1,dataset_large,omics,"Systematic misclassification of missense variants in BRCA1 and BRCA2 ""coldspots""."
PMC6977968,Elife,2020,cc by,ok,18,14,2,0,2,dataset_large,numeric;omics,Two roles for the yeast transcription coactivator SAGA and a set of genes redundantly regulated by TFIID and SAGA.
PMC6941991,Nat Commun,2020,cc by,ok,2,0,1,0,1,small_table,,Gastric squamous-columnar junction contains a large pool of cancer-prone immature osteopontin responsive Lgr5<sup>-</sup>CD44<sup>+</sup> cells.
PMC7286778,Mod Pathol,2020,,ok,1,0,0,0,0,no_tabular_data,,Spitz melanoma is a distinct subset of spitzoid melanoma.
PMC6946705,Nat Commun,2020,cc by,ok,9,1,0,0,4,dataset_large,numeric,Microparticle traction force microscopy reveals subcellular force exertion patterns in immune cell-target interactions.
PMC6940392,Nat Commun,2020,cc by,ok,3,1,0,0,2,dataset_medium,numeric,B cell-intrinsic epigenetic modulation of antibody responses by dietary fiber-derived short-chain fatty acids.
PMC6941958,Nat Commun,2020,cc by,ok,19,7,1,0,4,dataset_large,mixed;omics,Interpreting pathways to discover cancer driver genes with Moonlight.
PMC6939337,BMC Biol,2020,cc by,ok,7,4,0,0,1,dataset_large,omics,Evolutionary superscaffolding and chromosome anchoring to improve Anopheles genome assemblies.
PMC6938796,Blood Cancer J,2020,cc by,ok,5,0,1,0,1,small_table,,Enhancement of the Follicular Lymphoma International Prognostic Index (FLIPI) with lymphopenia (FLIPI-L): a predictor for overall survival and histologic transformation.
PMC6939312,Pac Symp Biocomput,2020,cc by,ok,1,0,0,0,0,no_tabular_data,,Exploring Relationships between the Density of Charged Tracts within Disordered Regions and Phase Separation.
PMC6959610,PLoS Biol,2020,cc by,ok,2,1,0,0,1,dataset_large,numeric,ATRX affects the repair of telomeric DSBs by promoting cohesion and a DAXX-dependent activity.
PMC7739048,Neurooncol Adv,2020,cc by-nc,ok,2,0,1,0,1,small_table,,"Clinical, radiologic, and genetic characteristics of histone H3 K27M-mutant diffuse midline gliomas in adults."
PMC7289905,Genes Cancer,2020,cc by,ok,2,1,0,0,1,dataset_large,numeric,KDM3A/Ets1/MCAM axis promotes growth and metastatic properties in Rhabdomyosarcoma.
PMC7039203,J Cell Biol,2020,cc by-nc-sa,ok,1,1,0,0,0,dataset_large,omics,Coupling APEX labeling to imaging mass spectrometry of single organelles reveals heterogeneity in lysosomal protein turnover.
PMC7039193,J Cell Biol,2020,cc by-nc-sa,ok,3,1,0,0,1,dataset_medium,numeric,A pair of E3 ubiquitin ligases compete to regulate filopodial dynamics and axon guidance.
PMC6937734,Mob DNA,2020,cc by,ok,6,1,1,0,4,dataset_large,omics,LINE-1 ORF2p expression is nearly imperceptible in human cancers.
PMC6969546,Proc Natl Acad Sci U S A,2020,cc by,ok,4,2,1,0,1,dataset_medium,numeric,Intratumoral injection of the seasonal flu shot converts immunologically cold tumors to hot and serves as an immunotherapy for cancer.
PMC6955235,Proc Natl Acad Sci U S A,2020,cc by-nc-nd,ok,4,3,0,0,1,dataset_large,numeric,CRISPR-mediated modeling and functional validation of candidate tumor suppressor genes in small cell lung cancer.
PMC6940713,SSM Popul Health,2020,cc by-nc-nd,ok,4,1,2,0,0,dataset_medium,mixed,Association of change in the neighborhood obesogenic environment with colorectal cancer risk: The Multiethnic Cohort Study.
PMC7118020,Genet Med,2020,cc by,ok,3,2,1,0,0,dataset_large,omics,Classification of variants of uncertain significance in BRCA1 and BRCA2 using personal and family history of cancer from individuals in a large hereditary cancer multigene panel testing cohort.
PMC7033618,iScience,2020,cc by-nc-nd,ok,9,5,0,0,1,dataset_medium,mixed;numeric;omics,6mer Seed Toxicity in Viral microRNAs.
PMC7028992,Br J Cancer,2020,cc by,ok,2,1,0,0,0,dataset_large,omics,"Nongenic cancer-risk SNPs affect oncogenes, tumour-suppressor genes, and immune function."
PMC6997075,Cancer Med,2020,cc by,ok,18,9,3,0,6,dataset_large,mixed;numeric;omics,Jupiter microtubule-associated homolog 1 (JPT1): A predictive and pharmacodynamic biomarker of metformin response in endometrial cancers.
PMC6947635,J Proteome Res,2020,,ok,3,2,0,0,1,dataset_large,numeric,Changes to the TDP-43 and FUS Interactomes Induced by DNA Damage.
PMC7496084,J Cell Biochem,2020,cc by,ok,1,1,0,0,0,dataset_medium,omics,From clinical specimens to human cancer preclinical models-a journey the NCI-cell line database-25 years later.
PMC6941881,iScience,2020,cc by-nc-nd,ok,8,5,2,0,1,dataset_large,mixed;omics,PRMT5 Cooperates with pICln to Function as a Master Epigenetic Activator of DNA Double-Strand Break Repair Genes.
PMC6988765,Stem Cells Transl Med,2020,cc by,ok,6,0,1,0,4,small_table,,Intranasal delivery of human umbilical cord Wharton's jelly mesenchymal stromal cells restores lung alveolarization and vascularization in experimental bronchopulmonary dysplasia.
PMC7556987,J Thorac Oncol,2020,cc by-nc-nd,ok,1,0,0,1,0,no_tabular_data,,SMARCA4-Deficient Thoracic Sarcomatoid Tumors Represent Primarily Smoking-Related Undifferentiated Carcinomas Rather Than Primary Thoracic Sarcomas.
PMC7426296,Cell Mol Life Sci,2020,cc by,ok,5,3,2,0,0,dataset_large,numeric,"Knockout of the non-essential gene SUGCT creates diet-linked, age-related microbiome disbalance with a diabetes-like metabolic syndrome phenotype."
PMC7196510,Prostate Cancer Prostatic Dis,2020,cc by,ok,2,1,0,0,1,dataset_large,omics,Hyperpolarized &lt;sup&gt;13&lt;/sup&gt;C-pyruvate MRI detects real-time metabolic flux in prostate cancer metastases to bone and liver: a clinical feasibility study.
PMC7026696,Lancet Gastroenterol Hepatol,2020,cc by,ok,2,1,0,0,1,dataset_large,numeric,Modifiable pathways for colorectal cancer: a mendelian randomisation analysis.
PMC7216900,Int J Cancer,2020,cc by,ok,7,5,1,0,1,dataset_medium,mixed;numeric,Plasma metabolites associated with colorectal cancer stage: Findings from an international consortium.
PMC6953777,Mol Ther,2020,cc by-nc-nd,ok,3,1,0,0,2,dataset_large,omics,RETRACTED: lncRNA RMST Enhances DNMT3 Expression through Interaction with HuR
PMC6920560,Lab Invest,2020,,ok,1,0,0,0,1,no_tabular_data,,Machine-based detection and classification for bone marrow aspirate differential counts: initial development focusing on nonneoplastic cells.
PMC6937212,Oncogene,2020,cc by,ok,3,2,0,0,1,dataset_large,omics,Inhibition of the transcriptional kinase CDK7 overcomes therapeutic resistance in HER2-positive breast cancers.
PMC6923575,Leukemia,2020,,ok,1,0,0,0,1,no_tabular_data,,MYC dysregulation in the progression of multiple myeloma.
PMC6916202,Wiley Interdiscip Rev Syst Biol Med,2020,cc by,ok,1,0,1,0,0,small_table,,"Skeletal muscle: A review of molecular structure and function, in health and disease."
PMC6883144,Leukemia,2020,cc by,ok,2,1,0,0,1,dataset_medium,omics,Targeting histone deacetylase 3 (HDAC3) in the bone marrow microenvironment inhibits multiple myeloma proliferation by modulating exosomes and IL-6 trans-signaling.
PMC6943247,Gut,2020,cc by-nc,ok,8,2,2,0,4,dataset_large,mixed;numeric,Cholesterol biosynthesis supports the growth of hepatocarcinoma lesions depleted of fatty acid synthase in mice and humans.
PMC6663662,Mol Psychiatry,2020,,ok,5,1,2,0,2,dataset_large,omics,A kinome-wide RNAi screen identifies ERK2 as a druggable regulator of Shank3 stability.
PMC8888422,Front Nutr,2021,cc by,ok,1,1,0,0,0,dataset_medium,numeric,Metabolomics of Rice Bran Differentially Impacted by Fermentation With Six Probiotics Demonstrates Key Nutrient Changes for Enhancing Gut Health.
PMC8886672,Front Oncol,2021,cc by,ok,13,10,1,0,2,dataset_large,clinical;mixed;numeric;omics,From Mouse to Human: Cellular Morphometric Subtype Learned From Mouse Mammary Tumors Provides Prognostic Value in Human Breast Cancer.
PMC8814529,Front Pharmacol,2021,cc by,ok,2,0,1,0,1,small_table,,Identification of an Aptamer With Binding Specificity to Tumor-Homing Myeloid-Derived Suppressor Cells.
PMC8790058,Front Immunol,2021,cc by,ok,10,5,0,0,5,dataset_large,clinical;mixed;numeric;omics,Metabolic and Immune Markers for Precise Monitoring of COVID-19 Severity and Treatment.
PMC8793865,Front Immunol,2021,cc by,ok,4,1,2,0,1,dataset_large,omics,Large-Scale Structure-Based Screening of Potential T Cell Cross-Reactivities Involving Peptide-Targets From BCG Vaccine and SARS-CoV-2.
PMC8798045,Elife,2021,cc by,ok,14,5,1,0,1,dataset_large,numeric,SSNA1 stabilizes dynamic microtubules and detects microtubule damage.
PMC8740313,Front Nutr,2021,cc by,ok,9,8,0,0,1,dataset_large,mixed;omics,Resolvin E1-ChemR23 Axis Regulates the Hepatic Metabolic and Inflammatory Transcriptional Landscape in Obesity at the Whole Genome and Exon Level.
PMC8729182,Front Genet,2021,cc by,ok,1,1,0,0,0,dataset_medium,omics,PathwayMultiomics: An R Package for Efficient Integrative Analysis of Multi-Omics Datasets With Matched or Un-matched Samples.
PMC8694476,PLoS One,2021,cc by,ok,2,2,0,0,0,dataset_large,numeric,Platelet microRNAs inhibit primary tumor growth via broad modulation of tumor cell mRNA expression in ectopic pancreatic cancer in mice.
PMC8688503,Cell Discov,2021,cc by,ok,7,4,2,0,1,dataset_medium,mixed;numeric;omics,Genome-wide association and functional interrogation identified a variant at 3p26.1 modulating ovarian cancer survival among Chinese women.
PMC8716558,Front Immunol,2021,cc by,ok,9,1,0,6,2,dataset_medium,numeric,Nonclassical Monocytes Are Prone to Migrate Into Tumor in Diffuse Large B-Cell Lymphoma.
PMC8675727,PLoS Genet,2021,cc by,ok,15,3,2,9,1,dataset_large,mixed;numeric,Sequencing of Argonaute-bound microRNA/mRNA hybrids reveals regulation of the unfolded protein response by microRNA-320a.
PMC8674281,Nat Commun,2021,cc by,ok,21,9,3,0,4,dataset_large,mixed;numeric;omics,Critical Assessment of MetaProteome Investigation (CAMPI): a multi-laboratory comparison of established workflows.
PMC8674326,Nat Commun,2021,cc by,too_large,0,0,0,0,0,no_supp_retrieved,,Epigenetic loss of heterogeneity from low to high grade localized prostate tumours.
PMC8673611,PLoS One,2021,cc by,ok,4,3,0,0,1,dataset_medium,numeric,"mAb Das-1 recognizes 3'-Sulfated Lewis A/C, which is aberrantly expressed during metaplastic and oncogenic transformation of several gastrointestinal Epithelia."
PMC8683505,Nat Commun,2021,cc by,ok,6,2,0,0,4,dataset_large,mixed;numeric,Investigating immune and non-immune cell interactions in head and neck tumors by single-cell RNA sequencing.
PMC8669025,Sci Rep,2021,cc by,ok,2,1,1,0,0,dataset_large,numeric,Genetic determinants of liking and intake of coffee and other bitter foods and beverages.
PMC8677732,Nat Commun,2021,cc by,ok,6,1,1,0,3,dataset_medium,numeric,Kaposi's sarcoma-associated herpesvirus T cell responses in HIV seronegative individuals from rural Uganda.
PMC8669028,Nat Commun,2021,cc by,ok,4,1,0,0,3,dataset_large,clinical,Clonal architecture predicts clinical outcomes and drug sensitivity in acute myeloid leukemia.
PMC8674260,Nat Commun,2021,cc by,ok,3,0,1,0,1,small_table,,Copper depletion modulates mitochondrial oxidative phosphorylation to impair triple negative breast cancer metastasis.
PMC8671594,Nat Commun,2021,cc by,ok,21,11,6,0,3,dataset_large,mixed;numeric;omics,Interleukin-7 receptor α mutational activation can initiate precursor B-cell acute lymphoblastic leukemia.
PMC8664939,Nat Commun,2021,cc by,ok,24,0,1,0,4,small_table,,KRas-transformed epithelia cells invade and partially dedifferentiate by basal cell extrusion.
PMC8656144,Nat Cell Biol,2021,cc by,ok,23,2,6,0,13,dataset_large,numeric,Supermeres are functional extracellular nanoparticles replete with disease biomarkers and therapeutic targets.
PMC8655031,Commun Biol,2021,cc by,ok,4,1,0,0,3,dataset_medium,numeric,Loss of peptidase D binding restores the tumor suppressor functions of oncogenic p53 mutants.
PMC8654964,Commun Biol,2021,cc by,ok,4,1,0,0,3,dataset_medium,numeric,Centrosome dysfunction associated with somatic expression of the synaptonemal complex protein TEX12.
PMC8660801,Commun Biol,2021,cc by,ok,11,6,2,0,3,dataset_large,numeric,Nrf2 plays a critical role in the metabolic response during and after spaceflight.
PMC8660777,NPJ Syst Biol Appl,2021,cc by,ok,2,1,0,0,1,dataset_medium,mixed,Constructing gene regulatory networks using epigenetic data.
PMC8903648,Clin Proteomics,2021,cc by,ok,4,3,0,1,0,dataset_large,omics,OmicsOne: associate omics data with phenotypes in one-click.
PMC8664884,Nat Commun,2021,cc by,ok,7,2,0,0,4,dataset_medium,numeric;omics,Proteomic profiling of MIS-C patients indicates heterogeneity relating to interferon gamma dysregulation and vascular endothelial dysfunction.
PMC8660260,Cell Rep,2021,cc by,ok,6,1,2,0,2,dataset_medium,mixed,HLA-A<sup>∗</sup>02:01 restricted T cell receptors against the highly conserved SARS-CoV-2 polymerase cross-react with human coronaviruses.
PMC8703172,Front Cell Dev Biol,2021,cc by,ok,5,2,0,0,1,dataset_medium,omics,Monitoring Spontaneous Quiescence and Asynchronous Proliferation-Quiescence Decisions in Prostate Cancer Cells.
PMC8685320,Front Neurosci,2021,cc by,ok,2,1,0,0,1,dataset_medium,numeric,Developmental Exposure to a Human-Relevant Polychlorinated Biphenyl Mixture Causes Behavioral Phenotypes That Vary by Sex and Genotype in Juvenile Mice Expressing Human Mutations That Modulate Neuronal Calcium.
PMC8648121,PLoS Pathog,2021,cc by,ok,1,0,1,0,0,small_table,,γδ T cell IFNγ production is directly subverted by Yersinia pseudotuberculosis outer protein YopJ in mice and humans.
PMC8647366,Genome Biol,2021,cc by,ok,9,1,4,0,2,dataset_medium,numeric,Single-cell characterization of CRISPR-modified transcript isoforms with nanopore sequencing.
PMC8642877,Genome Med,2021,cc by,ok,4,0,1,0,2,small_table,,A functionally impaired missense variant identified in French Canadian families implicates FANCI as a candidate ovarian cancer-predisposing gene.
PMC8685521,Front Immunol,2021,cc by,ok,3,2,1,0,0,dataset_medium,mixed;omics,Rhesus Macaque CODEX Multiplexed Immunohistochemistry Panel for Studying Immune Responses During Ebola Infection.
PMC8674878,Anal Chem,2021,cc by-nc-nd,ok,2,1,0,0,1,dataset_large,numeric,Cross-Laboratory Standardization of Preclinical Lipidomics Using Differential Mobility Spectrometry and Multiple Reaction Monitoring.
PMC8638091,BMC Med Genomics,2021,cc by,ok,1,1,0,0,0,dataset_large,numeric,Conditional transcriptional relationships may serve as cancer prognostic markers.
PMC8714713,Blood Adv,2021,cc by-nc-nd,ok,1,1,0,0,0,dataset_medium,mixed,Detection of clonotypic DNA in the cerebrospinal fluid as a marker of central nervous system invasion in lymphoma.
PMC9153012,Blood Adv,2021,cc by-nc-nd,ok,2,1,0,0,1,dataset_medium,omics,HGAL inhibits lymphoma dissemination by interacting with multiple cytoskeletal proteins.
PMC8713794,Proc Natl Acad Sci U S A,2021,cc by,ok,8,6,1,0,1,dataset_large,mixed;numeric,Transcriptional network orchestrating regional patterning of cortical progenitors.
PMC8686113,Front Immunol,2021,cc by,ok,2,1,0,1,0,dataset_medium,omics,Rapid Emergence of T Follicular Helper and Germinal Center B Cells Following Antiretroviral Therapy in Advanced HIV Disease.
PMC8673586,Proc Natl Acad Sci U S A,2021,cc by-nc-nd,ok,14,9,3,0,1,dataset_large,clinical;mixed;numeric;omics,Immunosuppression and outcomes in adult patients with de novo acute myeloid leukemia with normal karyotypes.
PMC8783930,Cancer Discov,2021,cc by-nc-nd,ok,8,1,0,0,7,dataset_large,numeric,Genomes for Kids: The Scope of Pathogenic Mutations in Pediatric Cancer Revealed by Comprehensive DNA and RNA Sequencing.
PMC8630191,Sci Rep,2021,cc by,ok,11,1,4,0,5,dataset_medium,omics,"Regulation of PP2A, PP4, and PP6 holoenzyme assembly by carboxyl-terminal methylation."
PMC8639754,Sci Rep,2021,cc by,ok,2,0,1,0,1,small_table,,Analysis of site and structure specific core fucosylation in liver cirrhosis using exoglycosidase-assisted data-independent LC-MS/MS.
PMC8642786,JAMA Netw Open,2021,cc by,ok,1,1,0,0,0,dataset_large,numeric,Identifying Diagnostic MicroRNAs and Investigating Their Biological Implications in Rectal Cancer.
PMC8529528,JAMA Psychiatry,2021,cc by,ok,9,9,0,0,0,dataset_medium,mixed;numeric,Use of the PsycheMERGE Network to Investigate the Association Between Depression Polygenic Scores and White Blood Cell Count.
PMC8632910,Nat Commun,2021,cc by,ok,14,1,0,0,4,dataset_large,numeric,Tissue fluidity mediated by adherens junction dynamics promotes planar cell polarity-driven ommatidial rotation.
PMC8631639,PLoS One,2021,cc by,ok,3,1,0,0,2,dataset_medium,mixed,Detecting fabrication in large-scale molecular omics data.
PMC8626557,Nat Commun,2021,cc by,ok,14,8,2,0,4,dataset_large,mixed;omics,Neoadjuvant PD-1 blockade induces T cell and cDC1 activation but fails to overcome the immunosuppressive tumor associated macrophages in recurrent glioblastoma.
PMC8697753,Nat Cancer,2021,,ok,1,0,0,0,0,no_tabular_data,,Melanoma-derived small extracellular vesicles induce lymphangiogenesis and metastasis through an NGFR-dependent mechanism.
PMC8617077,Nat Commun,2021,cc by,ok,20,17,0,0,3,dataset_large,mixed;numeric;omics,Hematopoiesis under telomere attrition at the single-cell resolution.
PMC8617294,Commun Biol,2021,cc by,ok,7,3,0,0,4,dataset_large,numeric;omics,Pharmacologically controlling protein-protein interactions through epichaperomes for therapeutic vulnerability in cancer.
PMC8626467,Nat Commun,2021,cc by,ok,7,2,1,0,4,dataset_medium,clinical,Whole-genome analysis of Nigerian patients with breast cancer reveals ethnic-driven somatic evolution and distinct genomic subtypes.
PMC8626516,Nat Commun,2021,cc by,ok,3,1,1,0,1,dataset_medium,numeric,Quinacrine-CASIN combination overcomes chemoresistance in human acute lymphoid leukemia.
PMC8612251,mSphere,2021,cc by,ok,1,0,1,0,0,small_table,,Loss of Corpus-Specific Lipids in Helicobacter pylori-Induced Atrophic Gastritis.
PMC8610269,PLoS One,2021,cc by,ok,6,1,0,0,5,dataset_medium,clinical,Utilizing digital pathology to quantify stromal caveolin-1 expression in malignant and benign ovarian tumors: Associations with clinicopathological parameters and clinical outcomes.
PMC8611078,Sci Rep,2021,cc by,ok,5,2,0,0,3,dataset_medium,omics,A novel role for vaping in mitochondrial gene dysregulation and inflammation fundamental to disease development.
PMC8683530,Cancer Med,2021,cc by,ok,2,2,0,0,0,dataset_medium,mixed;numeric,Real-world prognostic factors for survival among treated patients with metastatic pancreatic ductal adenocarcinoma.
PMC8617042,Nat Commun,2021,cc by,ok,6,2,0,0,4,dataset_large,mixed;numeric,Functional convalescent plasma antibodies and pre-infusion titers shape the early severe COVID-19 immune response.
PMC8648105,PLoS Genet,2021,cc by,ok,7,3,1,1,0,dataset_medium,mixed;numeric;omics,PQN-59 antagonizes microRNA-mediated repression during post-embryonic temporal patterning and modulates translation and stress granule formation in C. elegans.
PMC8613248,Nat Commun,2021,cc by,ok,3,1,0,0,2,dataset_medium,numeric,Molecular and phenotypic profiling of colorectal cancer patients in West Africa reveals biological insights.
PMC8602441,Nat Commun,2021,cc by,ok,3,0,1,0,2,small_table,,HER2 + breast cancers evade anti-HER2 therapy via a switch in driver pathway.
PMC8599018,Med,2021,,ok,3,0,1,0,2,small_table,,Reduced antibody activity against SARS-CoV-2 B.1.617.2 delta virus in serum of mRNA-vaccinated individuals receiving tumor necrosis factor-α inhibitors.
PMC8636906,Front Immunol,2021,cc by,ok,1,1,0,0,0,dataset_large,numeric,A Model of Minor Histocompatibility Antigens in Allogeneic Hematopoietic Cell Transplantation.
PMC8602260,Nat Commun,2021,cc by,ok,12,8,1,0,3,dataset_large,mixed;numeric;omics,Genetic fusions favor tumorigenesis through degron loss in oncogenes.
PMC9284419,Nat Metab,2021,,ok,1,0,0,0,0,no_tabular_data,,Methionine synthase supports tumour tetrahydrofolate pools.
PMC8601427,PLoS One,2021,cc by,ok,4,4,0,0,0,dataset_large,numeric;omics,A B-cell developmental gene regulatory network is activated in infant AML.
PMC8599854,Nat Commun,2021,cc by,ok,7,4,0,0,3,dataset_large,mixed;omics,Cold and heterogeneous T cell repertoire is associated with copy number aberrations and loss of immune genes in small-cell lung cancer.
PMC8599455,Nat Commun,2021,cc by,ok,18,14,0,0,4,dataset_large,mixed;numeric;omics,Single cell multi-omic analysis identifies a Tbx1-dependent multilineage primed population in murine cardiopharyngeal mesoderm.
PMC8598058,PLoS One,2021,cc by,ok,7,5,0,0,2,dataset_large,mixed;omics,Perturbation of BRMS1 interactome reveals pathways that impact metastasis.
PMC8599839,Commun Biol,2021,cc by,ok,5,1,0,0,4,dataset_medium,numeric,Isoform specific anti-TGFβ therapy enhances antitumor efficacy in mouse models of cancer.
PMC8635375,PLoS Biol,2021,cc by,ok,9,3,3,0,1,dataset_large,mixed;numeric,Upregulation of DNA repair genes and cell extrusion underpin the remarkable radiation resistance of Trichoplax adhaerens.
PMC8604989,Commun Biol,2021,cc by,ok,9,4,1,0,4,dataset_large,mixed;numeric;omics,Manifold learning analysis suggests strategies to align single-cell multimodal data of neuronal electrophysiology and transcriptomics.
PMC8593045,Sci Rep,2021,cc by,ok,4,1,1,0,2,dataset_medium,mixed,Identification of ASCL1 as a determinant for human iPSC-derived dopaminergic neurons.
PMC8595366,Nat Commun,2021,cc by,ok,9,1,1,0,3,dataset_large,numeric,Directional reorientation of migrating neutrophils is limited by suppression of receptor input signaling at the cell rear through myosin II activity.
PMC8594844,PLoS One,2021,cc by,ok,2,1,1,0,0,dataset_medium,numeric,Blockade of beta adrenergic receptors protects the blood brain barrier and reduces systemic pathology caused by HIV-1 Nef protein.
PMC8843091,Elife,2021,cc0,ok,27,1,4,0,2,dataset_medium,omics,Differential adhesion regulates neurite placement via a retrograde zippering mechanism.
PMC8592993,Sci Rep,2021,cc by,ok,3,1,0,0,2,dataset_medium,mixed,Methylation profiling reveals novel molecular classes of rhabdomyosarcoma.
PMC8632241,Front Immunol,2021,cc by,ok,2,1,0,0,1,dataset_medium,omics,Targeted Mass Spectrometry Enables Multiplexed Quantification of Immunomodulatory Proteins in Clinical Biospecimens.
PMC8586352,Nat Commun,2021,cc by,ok,11,6,1,0,3,dataset_large,numeric;omics,Discovery of putative tumor suppressors from CRISPR screens reveals rewired lipid metabolism in acute myeloid leukemia cells.
PMC8632299,Oncoimmunology,2021,cc by-nc,ok,2,1,0,0,1,dataset_large,numeric,Cancer-specific type-I interferon receptor signaling promotes cancer stemness and effector CD8+ T-cell exhaustion.
PMC8586369,Nat Commun,2021,cc by,ok,3,1,0,0,2,dataset_large,omics,Deciphering intratumoral heterogeneity using integrated clonal tracking and single-cell transcriptome analyses.
PMC8585970,Nat Commun,2021,cc by,ok,6,2,1,0,3,dataset_large,numeric,Introns control stochastic allele expression bias.
PMC8629426,Elife,2021,cc by,ok,4,0,2,0,1,small_table,,Early prediction of clinical response to checkpoint inhibitor therapy in human solid tumors through mathematical modeling.
PMC8577749,PLoS One,2021,cc by,too_large,0,0,0,0,0,no_supp_retrieved,,QuickFigures: A toolkit and ImageJ PlugIn to quickly transform microscope images into scientific figures.
PMC8584750,PLoS Genet,2021,cc by,ok,4,0,2,0,2,small_table,,"Positive correlation between transcriptomic stemness and PI3K/AKT/mTOR signaling scores in breast cancer, and a counterintuitive relationship with PIK3CA genotype."
PMC8586238,Nat Commun,2021,cc by,ok,14,5,2,0,4,dataset_large,numeric;omics,A systematic genome-wide mapping of oncogenic mutation selection during CRISPR-Cas9 genome editing.
PMC8583296,Oncoimmunology,2021,cc by-nc,ok,1,1,0,0,0,dataset_medium,numeric,Implantation of a neoantigen-targeted hydrogel vaccine prevents recurrence of pancreatic adenocarcinoma after incomplete resection.
PMC8575900,Nat Commun,2021,cc by,ok,11,7,0,0,4,dataset_large,mixed;numeric;omics,MMAB promotes negative feedback control of cholesterol homeostasis.
PMC8578637,Nat Commun,2021,cc by,ok,12,2,0,0,9,dataset_large,mixed;omics,Inability to switch from ARID1A-BAF to ARID1B-BAF impairs exit from pluripotency and commitment towards neural crest formation in ARID1B-related neurodevelopmental disorders.
PMC8604731,Nat Med,2021,cc by,ok,9,7,1,0,1,dataset_large,mixed;numeric;omics,"Durvalumab with platinum-pemetrexed for unresectable pleural mesothelioma: survival, genomic and immunologic analyses from the phase 2 PrE0505 trial."
PMC8577021,Biol Sex Differ,2021,cc by,ok,1,1,0,0,0,dataset_large,numeric,Sex differences in the expression of the endocannabinoid system within V1M cortex and PAG of Sprague Dawley rats.
PMC8568944,Nat Commun,2021,cc by,ok,4,1,0,0,3,dataset_medium,clinical,An innate contribution of human nicotinic receptor polymorphisms to COPD-like lesions.
PMC8571288,Nat Commun,2021,cc by,ok,4,1,0,0,3,dataset_large,numeric,Crosstalk between CST and RPA regulates RAD51 activity during replication stress.
PMC8566393,Discov Oncol,2021,cc by,ok,6,2,2,0,0,dataset_medium,numeric;omics,Does circulating progesterone mediate the associations of single nucleotide polymorphisms in progesterone receptor (PGR)-related genes with mammographic breast density in premenopausal women?
PMC8566496,Nat Commun,2021,cc by,ok,4,1,0,0,3,dataset_large,omics,Transcription recycling assays identify PAF1 as a driver for RNA Pol II recycling.
PMC8566485,Nat Commun,2021,cc by,ok,11,3,4,0,3,dataset_medium,mixed;numeric;omics,Convergence of oncogenic cooperation at single-cell and single-gene levels drives leukemic transformation.
PMC8566594,Nat Commun,2021,cc by,ok,3,1,0,0,2,dataset_large,numeric,"Inhibition of histone acetyltransferase function radiosensitizes CREBBP/EP300 mutants via repression of homologous recombination, potentially targeting a gain of function."
PMC8565740,PLoS Genet,2021,cc by,ok,2,1,1,0,0,dataset_large,numeric,Analysis of growth cone extension in standardized coordinates highlights self-organization rules during wiring of the Drosophila visual system.
PMC8563937,Commun Biol,2021,cc by,ok,5,0,1,0,4,small_table,,CD36 maintains the gastric mucosa and associates with gastric disease.
PMC8566242,Nat Methods,2021,cc by,ok,24,14,6,0,1,dataset_large,mixed;numeric;omics,MISpheroID: a knowledgebase and transparency tool for minimum information in spheroid identity.
PMC8560833,Nat Commun,2021,cc by,ok,3,1,0,0,2,dataset_medium,numeric,A comparative analysis of cell surface targeting aptamers.
PMC8135853,Brief Bioinform,2021,cc by,ok,5,0,3,0,1,small_table,,DeepImmuno: deep learning-empowered prediction and generation of immunogenic peptides for T-cell immunity.
PMC8665414,Cell Rep,2021,cc by,ok,1,0,0,0,1,no_tabular_data,,CHK1 protects oncogenic KRAS-expressing cells from DNA damage and is a target for pancreatic cancer treatment.
PMC8617492,Proc Natl Acad Sci U S A,2021,cc by-nc-nd,ok,8,5,2,0,1,dataset_large,omics,Altered cell and RNA isoform diversity in aging Down syndrome brains.
PMC9159673,Cell Rep,2021,cc by-nc-nd,ok,1,0,0,0,0,no_tabular_data,,Combined whole-organ imaging at single-cell resolution and immunohistochemical analysis of prostate cancer and its liver and brain metastases.
PMC8561277,Haematologica,2021,cc by-nc,ok,4,1,1,0,2,dataset_medium,omics,&lt;i&gt;CDKN2A&lt;/i&gt; deletion is a frequent event associated with poor outcome in patients with peripheral T-cell lymphoma not otherwise specified (PTCL-NOS).
PMC8566473,Nat Commun,2021,cc by,ok,6,1,1,0,3,dataset_large,numeric,Competitive binding of E3 ligases TRIM26 and WWP2 controls SOX2 in glioblastoma.
PMC8566223,Nat Methods,2021,cc by,ok,3,1,0,0,2,dataset_large,numeric,Community evaluation of glycoproteomics informatics solutions reveals high-performance search strategies for serum glycopeptide analysis.
PMC8556371,Nat Commun,2021,cc by,ok,8,2,1,0,4,dataset_large,numeric;omics,High-throughput and high-efficiency sample preparation for single-cell proteomics using a nested nanowell chip.
PMC8627393,J Immunother Cancer,2021,cc by-nc,ok,17,1,0,0,16,dataset_medium,numeric,Low peripheral blood derived neutrophil-to-lymphocyte ratio (dNLR) is associated with increased tumor T-cell infiltration and favorable outcomes to first-line pembrolizumab in non-small cell lung cancer.
PMC8609164,Mol Cell Proteomics,2021,cc by-nc-nd,ok,4,0,2,0,1,small_table,,Deep-Learning-Derived Evaluation Metrics Enable Effective Benchmarking of Computational Tools for Phosphopeptide Identification.
PMC8560856,Nat Commun,2021,cc by,ok,4,0,1,0,3,small_table,,Structural mechanisms of TRPV6 inhibition by ruthenium red and econazole.
PMC8655179,Adv Sci (Weinh),2021,cc by,ok,2,1,0,0,1,dataset_medium,numeric,Spatial Dissection of Invasive Front from Tumor Mass Enables Discovery of Novel microRNA Drivers of Glioblastoma Invasion.
PMC8561292,Haematologica,2021,cc by-nc,ok,2,1,0,0,1,dataset_medium,mixed,The RUNX1 database (RUNX1db): establishment of an expert curated RUNX1 registry and genomics database as a public resource for familial platelet disorder with myeloid malignancy.
PMC8556341,Sci Rep,2021,cc by,ok,3,2,0,0,1,dataset_large,numeric;omics,Patient-derived organoids as a platform for modeling a patient's response to chemoradiotherapy in esophageal cancer.
PMC8556363,Nat Commun,2021,cc by,ok,5,0,0,0,3,no_tabular_data,,Somatic driver mutation prevalence in 1844 prostate cancers identifies ZNRF3 loss as a predictor of metastatic relapse.
PMC8559676,Genes Dev,2021,cc by-nc,ok,5,1,1,0,2,dataset_large,omics,Integrated loss- and gain-of-function screens define a core network governing human embryonic stem cell behavior.
PMC8609165,Mol Metab,2021,cc by-nc-nd,ok,2,1,0,0,1,dataset_large,numeric,Pleiotropic actions of IP6K1 mediate hepatic metabolic dysfunction to promote nonalcoholic fatty liver disease and steatohepatitis.
PMC8553783,Nat Commun,2021,cc by,ok,4,1,1,0,2,dataset_medium,numeric,Microenvironmental IL-6 inhibits anti-cancer immune responses generated by cytotoxic chemotherapy.
PMC8555066,Genome Med,2021,cc by,ok,6,2,0,0,2,dataset_large,mixed;numeric,Novel temporal and spatial patterns of metastatic colonization from breast cancer rapid-autopsy tumor biopsies.
PMC8555065,Epigenetics Chromatin,2021,cc by,ok,6,4,1,0,1,dataset_large,mixed;numeric,The role of MORC3 in silencing transposable elements in mouse embryonic stem cells.
PMC8612706,Elife,2021,cc by,ok,22,3,18,0,1,dataset_medium,numeric,Mitochondrial phenotypes in purified human immune cell subtypes and cell mixtures.
PMC8548510,Nat Commun,2021,cc by,ok,8,3,0,0,4,dataset_medium,mixed;numeric;omics,The cell envelope of Staphylococcus aureus selectively controls the sorting of virulence factors.
PMC8552148,J Exp Med,2021,cc by-nc-sa,ok,5,2,1,0,2,dataset_large,omics,Dnmt3a-mutated clonal hematopoiesis promotes osteoporosis.
PMC8556256,Cell Death Dis,2021,cc by,ok,4,1,1,0,2,dataset_large,mixed,A missense mutation in Pitx2 leads to early-onset glaucoma via NRF2-YAP1 axis.
PMC8555989,Elife,2021,cc by,ok,20,7,2,0,1,dataset_large,numeric,Genetically engineered mice for combinatorial cardiovascular optobiology.
PMC8570510,PLoS Genet,2021,cc by,ok,19,11,5,0,1,dataset_large,mixed;numeric;omics,Chromatin accessibility and gene expression during adipocyte differentiation identify context-dependent effects at cardiometabolic GWAS loci.
PMC8573171,Front Oncol,2021,cc by,ok,1,0,1,0,0,small_table,,T-Cell Immunotherapy for Pediatric High-Grade Gliomas: New Insights to Overcoming Therapeutic Challenges.
PMC8546098,Sci Rep,2021,cc by,ok,2,0,1,0,1,small_table,,Single-stranded DNA binding proteins influence APOBEC3A substrate preference.
PMC8543875,Arthritis Res Ther,2021,cc by,ok,10,0,1,0,9,small_table,,Non-invasive monitoring of arthritis treatment response via targeting of tyrosine-phosphorylated annexin A2 in chondrocytes.
PMC8664134,J Appl Clin Med Phys,2021,cc by,ok,1,0,1,0,0,small_table,,Failure mode and effect analysis for linear accelerator-based paraspinal stereotactic body radiotherapy.
PMC8678207,Nat Nanotechnol,2021,,ok,1,0,0,0,0,no_tabular_data,,Nano-optogenetic engineering of CAR T cells for precision immunotherapy with enhanced safety.
PMC8784281,Sci Transl Med,2021,cc by,ok,1,0,0,0,0,no_tabular_data,,Maternal SARS-CoV-2 infection elicits sexually dimorphic placental immune responses.
PMC8610019,ACS Chem Biol,2021,cc by-nc-nd,ok,2,2,0,0,0,dataset_medium,mixed;numeric,Synthetic Natural Product Inspired Cyclic Peptides.
PMC7611917,Nat Immunol,2021,,ok,15,0,5,0,1,small_table,,Tumor-induced reshuffling of lipid composition on the endoplasmic reticulum membrane sustains macrophage survival and pro-tumorigenic activity.
PMC8546101,Commun Biol,2021,cc by,ok,6,1,1,0,4,dataset_large,numeric,PIM1 phosphorylation of the androgen receptor and 14-3-3 ζ regulates gene transcription in prostate cancer.
PMC8565741,PLoS Comput Biol,2021,cc by,ok,6,0,0,0,2,tables_only,,PaIRKAT: A pathway integrated regression-based kernel association test with applications to metabolomics and COPD phenotypes.
PMC8545976,Nat Commun,2021,cc by,ok,3,1,0,0,2,dataset_medium,numeric,Pparg signaling controls bladder cancer subtype and immune exclusion.
PMC8591367,J Biol Chem,2021,cc by-nc-nd,ok,7,4,2,0,1,dataset_medium,numeric;omics,The KRAS-regulated kinome identifies WEE1 and ERK coinhibition as a potential therapeutic strategy in KRAS-mutant pancreatic cancer.
PMC8531361,Nat Commun,2021,cc by,ok,13,2,6,0,4,dataset_medium,mixed;omics,Calibration-free NGS quantitation of mutations below 0.01% VAF.
PMC8536759,Nat Commun,2021,cc by,ok,3,1,0,0,1,dataset_medium,omics,Targeting miR-126 in inv(16) acute myeloid leukemia inhibits leukemia development and leukemia stem cell maintenance.
PMC8528301,PLoS One,2021,cc by,ok,11,7,3,0,0,dataset_medium,numeric;omics,Vitamin D levels do not cause vitamin-drug interactions with dexamethasone or dasatinib in mice.
PMC8605273,Mol Cell Proteomics,2021,cc by,ok,3,3,0,0,0,dataset_large,omics,Novel Antibodies for the Simple and Efficient Enrichment of Native O-GlcNAc Modified Peptides.
PMC8566912,Front Endocrinol (Lausanne),2021,cc by,ok,1,1,0,0,0,dataset_medium,numeric,The Upregulation of Molecules Related to Tumor Immune Escape in Human Pituitary Adenomas.
PMC8523747,Nat Commun,2021,cc by,too_large,0,0,0,0,0,no_supp_retrieved,,TET2 mutations are associated with hypermethylation at key regulatory enhancers in normal and malignant hematopoiesis.
PMC8520275,J Hematol Oncol,2021,cc by,ok,2,0,1,0,1,small_table,,Comprehensive molecular characterization of lung tumors implicates AKT and MYC signaling in adenocarcinoma to squamous cell transdifferentiation.
PMC8523488,Cancer Cell,2021,,ok,3,0,1,0,2,small_table,,Variable cellular responses to SARS-CoV-2 in fully vaccinated patients with multiple myeloma.
PMC8589175,PLoS Genet,2021,cc0,ok,1,1,0,0,0,dataset_medium,mixed,Deciphering the genetic architecture and ethnographic distribution of IRD in three ethnic populations by whole genome sequence analysis.
PMC8524992,Genome Med,2021,cc by,ok,13,10,0,0,1,dataset_large,omics,"A global cancer data integrator reveals principles of synthetic lethality, sex disparity and immunotherapy."
PMC8520195,J Transl Med,2021,cc by,ok,2,1,0,0,1,dataset_large,numeric,Effect of the spatial-temporal specific theca cell Cyp17 overexpression on the reproductive phenotype of the novel TC17 mouse.
PMC8516205,PLoS One,2021,cc by,ok,2,0,1,0,1,small_table,,A survey of U.S. public perspectives on facial recognition technology and facial imaging data practices in health and research contexts.
PMC8518179,Genome Biol,2021,cc by,ok,3,1,0,0,2,dataset_large,numeric,Kras&lt;sup&gt;G12D&lt;/sup&gt; induces changes in chromatin territories that differentially impact early nuclear reprogramming in pancreatic cells.
PMC8514428,Nat Commun,2021,cc by,ok,9,4,0,0,4,dataset_large,mixed;numeric;omics,Cancer gene mutation frequencies for the U.S. population.
PMC8514439,Nat Commun,2021,cc by,ok,3,0,0,0,2,tables_only,,BRCA2 associates with MCM10 to suppress PRIMPOL-mediated repriming and single-stranded gap formation after DNA damage.
PMC8513181,Genome Med,2021,cc by,ok,3,1,0,0,2,dataset_large,numeric,Intra-patient stability of tumor mutational burden from tissue biopsies at different time points in advanced cancers.
PMC8570691,Elife,2021,cc by,ok,7,0,1,0,1,small_table,,IFN-γ mediates Paneth cell death via suppression of mTOR.
PMC8509995,PLoS One,2021,cc by,ok,1,1,0,0,0,dataset_medium,clinical,The association between time-of-day of habitual exercise training and changes in relevant cancer health outcomes among cancer survivors.
PMC8507376,Clin Epigenetics,2021,cc by,ok,11,7,3,0,0,dataset_medium,mixed;numeric,Race/ethnicity-associated blood DNA methylation differences between Japanese and European American women: an exploratory study.
PMC8551827,Front Cell Dev Biol,2021,cc by,ok,1,1,0,0,0,dataset_medium,clinical,The miRNA Profile of Inflammatory Colorectal Tumors Identify TGF-β as a Companion Target for Checkpoint Blockade Immunotherapy.
PMC8505486,Commun Biol,2021,cc by,ok,7,2,1,0,2,dataset_large,numeric;omics,Phosphor-IWS1-dependent U2AF2 splicing regulates trafficking of CAR-E-positive intronless gene mRNAs and sensitivity to viral infection.
PMC9216433,Immunooncol Technol,2021,cc by-nc-nd,ok,2,1,1,0,0,dataset_medium,omics,"1,2,3, MHC: a review of mass-spectrometry-based immunopeptidomics methods for relative and absolute quantification of pMHCs."
PMC8602037,Oncogene,2021,cc by,ok,1,0,0,0,0,no_tabular_data,,A highly annotated database of genes associated with platinum resistance in cancer.
PMC8514469,Nat Commun,2021,cc by,ok,7,0,1,0,4,small_table,,Clonal hematopoiesis is associated with risk of severe Covid-19.
PMC8511044,Nat Commun,2021,cc by,ok,14,5,3,0,3,dataset_large,mixed;omics,Genomic and transcriptomic correlates of immunotherapy response within the tumor microenvironment of leptomeningeal metastases.
PMC8505113,Anal Bioanal Chem,2021,,ok,6,3,1,0,2,dataset_large,numeric;omics,Data-independent acquisition mass spectrometry for site-specific glycoproteomics characterization of SARS-CoV-2 spike protein.
PMC8505454,Commun Biol,2021,cc by,ok,6,1,2,0,3,dataset_large,omics,Immune pathways and TP53 missense mutations are associated with longer survival in canine osteosarcoma.
PMC8501013,Sci Rep,2021,cc by,ok,7,3,1,0,1,dataset_medium,mixed;numeric;omics,BRAF mutations may identify a clinically distinct subset of glioblastoma.
PMC8501138,Sci Rep,2021,cc by,ok,2,1,1,0,0,dataset_medium,omics,CDKN2A loss-of-function predicts immunotherapy resistance in non-small cell lung cancer.
PMC8494857,Sci Rep,2021,cc by,ok,3,2,0,0,1,dataset_large,numeric,Proteomics analysis identifies PEA-15 as an endosomal phosphoprotein that regulates α5β1 integrin endocytosis.
PMC8494634,Nature,2021,cc by,ok,4,2,0,0,2,dataset_large,mixed;numeric,A multimodal cell census and atlas of the mammalian primary motor cortex.
PMC8494802,Nat Commun,2021,cc by,ok,6,2,0,0,3,dataset_medium,mixed;omics,Whole chromosome loss and genomic instability in mouse embryos after CRISPR-Cas9 genome editing.
PMC8494637,Nature,2021,cc by,too_large,0,0,0,0,0,no_supp_retrieved,,An atlas of gene regulatory elements in adult mouse cerebrum.
PMC8492731,NPJ Breast Cancer,2021,cc by,ok,3,1,0,0,2,dataset_medium,numeric,Ganitumab and metformin plus standard neoadjuvant therapy in stage 2/3 breast cancer.
PMC8490393,Sci Rep,2021,cc by,ok,1,1,0,0,0,dataset_medium,numeric,"Comparison of the blood, bone marrow, and cerebrospinal fluid metabolomes in children with b-cell acute lymphoblastic leukemia."
PMC8490399,Nat Commun,2021,cc by,ok,5,1,0,0,3,dataset_medium,omics,Determinants of renal cell carcinoma invasion and metastatic competence.
PMC8494927,Nat Commun,2021,cc by,ok,9,1,0,0,4,dataset_large,numeric,A bioinspired scaffold for rapid oxygenation of cell encapsulation systems.
PMC8491393,Genome Med,2021,cc by,ok,3,1,1,0,1,dataset_medium,mixed,Molecular profiling of advanced malignancies guides first-line N-of-1 treatments in the I-PREDICT treatment-naïve study.
PMC8492709,Sci Rep,2021,cc by,ok,5,4,0,0,1,dataset_medium,clinical;numeric,Germline variants and breast cancer survival in patients with distant metastases at primary breast cancer diagnosis.
PMC8529973,J Immunother Cancer,2021,cc by-nc,ok,2,1,0,0,1,dataset_medium,numeric,Spatially resolved analysis of the T cell immune contexture in lung cancer-associated brain metastases.
PMC8521678,Proc Natl Acad Sci U S A,2021,cc by,ok,2,1,0,0,1,dataset_large,numeric,Single-cell profiling reveals the importance of CXCL13/CXCR5 axis biology in lymphocyte-rich classic Hodgkin lymphoma.
PMC8486820,Nat Commun,2021,cc by,ok,7,4,0,0,3,dataset_large,omics,Intrathymic differentiation of natural antibody-producing plasma cells in human neonates.
PMC8551652,J Biol Chem,2021,cc by,ok,2,2,0,0,0,dataset_large,mixed;omics,A bioorthogonal chemical reporter for fatty acid synthase-dependent protein acylation.
PMC8486765,Sci Rep,2021,cc by,ok,2,1,0,0,1,dataset_medium,numeric,Analyses of nicotine metabolism biomarker genetics stratified by sex in African and European Americans.
PMC8501846,Proc Natl Acad Sci U S A,2021,cc by-nc-nd,ok,5,4,0,0,0,dataset_medium,numeric;omics,"Computational modeling identifies multitargeted kinase inhibitors as effective therapies for metastatic, castration-resistant prostate cancer."
PMC8577224,Cell Rep,2021,cc by-nc-nd,ok,1,0,0,0,1,no_tabular_data,,Loss of FBXO31-mediated degradation of DUSP6 dysregulates ERK and PI3K-AKT signaling and promotes prostate tumorigenesis.
PMC8530274,Cell Rep,2021,cc by-nc-nd,ok,1,0,0,0,0,no_tabular_data,,NuMorph: Tools for cortical cellular phenotyping in tissue-cleared whole-brain images.
PMC8509855,PLoS Pathog,2021,cc by,ok,3,1,1,0,1,dataset_large,omics,IRF3-mediated pathogenicity in a murine model of human hepatitis A.
PMC8562866,Nat Cancer,2021,,ok,1,0,0,0,0,no_tabular_data,,Low neoantigen expression and poor T-cell priming underlie early immune escape in colorectal cancer.
PMC8484618,Nat Commun,2021,cc by,ok,5,2,0,0,3,dataset_large,mixed;numeric,Chromatin accessibility associates with protein-RNA correlation in human cancer.
PMC8487723,Oncotarget,2021,cc by,ok,2,1,0,0,1,dataset_large,numeric,Comparative microsomal proteomics of a model lung cancer cell line NCI-H23 reveals distinct differences between molecular profiles of 3D and 2D cultured cells.
PMC8496048,J Cell Biol,2021,cc by-nc-sa,ok,8,1,1,0,6,dataset_medium,omics,The modified mitochondrial outer membrane carrier MTCH2 links mitochondrial fusion to lipogenesis.
PMC8480981,Elife,2021,cc by,ok,5,2,2,0,1,dataset_medium,mixed;numeric,Mutation analysis links angioimmunoblastic T-cell lymphoma to clonal hematopoiesis and smoking.
PMC8486778,Nat Commun,2021,cc by,ok,6,1,0,0,4,dataset_medium,numeric,Subtype heterogeneity and epigenetic convergence in neuroendocrine prostate cancer.
PMC8487726,Oncotarget,2021,cc by,ok,3,0,1,0,1,small_table,,A high-throughput customized cytokinome screen of colon cancer cell responses to small-molecule oncology drugs.
PMC8559462,Cancer Med,2021,cc by,ok,5,2,0,0,2,dataset_medium,mixed;numeric,MLL3 is a de novo cause of endocrine therapy resistance.
PMC8500332,Life Sci Alliance,2021,cc by,ok,4,1,1,0,1,dataset_large,mixed,Gut microbiota-derived short-chain fatty acids protect against the progression of endometriosis.
PMC9357436,Mol Cell Proteomics,2021,cc by-nc-nd,too_large,0,0,0,0,0,no_supp_retrieved,,Automating UbiFast for High-throughput and Multiplexed Ubiquitin Enrichment.
PMC8502886,Front Oncol,2021,cc by,ok,5,1,4,0,0,dataset_medium,numeric,miRNome Profiling Reveals Shared Features in Breast Cancer Subtypes and Highlights miRNAs That Potentially Regulate MYB and EZH2 Expression.
PMC8479274,Neoplasia,2021,cc by-nc-nd,ok,3,1,1,0,1,dataset_medium,numeric,Cyst fluid metabolites distinguish malignant from benign pancreatic cysts.
PMC8503230,Front Chem,2021,cc by,ok,2,1,0,0,1,dataset_medium,mixed,Direct N-Glycosylation Profiling of Urine and Prostatic Fluid Glycoproteins and Extracellular Vesicles.
PMC8475461,Nat Metab,2021,,ok,13,2,7,0,3,dataset_medium,numeric;omics,Pharmacological inhibition of fatty acid synthesis blocks SARS-CoV-2 replication.
PMC8495252,Front Genet,2021,cc by,ok,3,0,1,0,2,small_table,,Assessment of Mosaicism and Detection of Cryptic Alleles in CRISPR/Cas9-Engineered Neurofibromatosis Type 1 and <i>TP53</i> Mutant Porcine Models Reveals Overlooked Challenges in Precision Modeling of Human Diseases.
PMC8460832,Sci Rep,2021,cc by,ok,6,5,0,0,1,dataset_large,clinical;mixed;omics,Proteomic characterization of primary and metastatic prostate cancer reveals reduced proteinase activity in aggressive tumors.
PMC8484685,Cell Rep Med,2021,cc by,ok,6,4,0,0,2,dataset_large,numeric;omics,Predicting endometrial cancer subtypes and molecular features from histopathology images using multi-resolution deep learning models.
PMC8456597,Cell Commun Signal,2021,cc by,ok,6,0,1,0,4,small_table,,NACK and INTEGRATOR act coordinately to activate Notch-mediated transcription in tumorigenesis.
PMC8459512,Genome Biol,2021,cc by,ok,3,1,0,0,2,dataset_medium,mixed,ACE: a probabilistic model for characterizing gene-level essentiality in CRISPR screens.
PMC8517170,iScience,2021,cc by-nc-nd,ok,2,1,0,0,1,dataset_medium,mixed,Extracellular PKM2 facilitates organ-tissue fibrosis progression.
PMC8494340,PLoS Genet,2021,cc by,ok,3,1,0,0,2,dataset_medium,numeric,Enhancers with cooperative Notch binding sites are more resistant to regulation by the Hairless co-repressor.
PMC8546539,mBio,2021,cc by,ok,1,0,1,0,0,small_table,,CK2 Phosphorylation of Human Papillomavirus 16 E2 on Serine 23 Promotes Interaction with TopBP1 and Is Critical for E2 Interaction with Mitotic Chromatin and the Viral Life Cycle.
PMC8718059,J Cachexia Sarcopenia Muscle,2021,cc by-nc-nd,ok,2,1,0,0,1,dataset_medium,omics,"Long-term, induced expression of Hand2 in peripheral sympathetic neurons ameliorates sarcopenia in geriatric mice."
PMC8452081,PLoS Biol,2021,cc by,ok,9,3,0,4,0,dataset_large,numeric;omics,Regulation of integrin and extracellular matrix genes by HNRNPL is necessary for epidermal renewal.
PMC8460839,Commun Biol,2021,cc by,ok,5,1,0,0,4,dataset_large,numeric,Hypoxia inducible factor signaling in breast tumors controls spontaneous tumor dissemination in a site-specific manner.
PMC8503628,J Lipid Res,2021,cc by,ok,4,1,2,0,1,dataset_large,numeric,The maternal blood lipidome is indicative of the pathogenesis of severe preeclampsia.
PMC8452737,Nat Commun,2021,cc by,ok,7,3,1,0,3,dataset_medium,numeric,Peak learning of mass spectrometry imaging data using artificial neural networks.
PMC8458405,Commun Biol,2021,cc by,ok,5,1,1,0,3,dataset_large,numeric,Pan-cancer proteogenomic investigations identify post-transcriptional kinase targets.
PMC8454122,BMC Res Notes,2021,cc by,ok,3,0,0,0,1,tables_only,,ssvQC: an integrated CUT&amp;RUN quality control workflow for histone modifications and transcription factors.
PMC8455578,Nat Commun,2021,cc by,ok,5,2,0,0,3,dataset_large,numeric;omics,Molecular correlates of response to eribulin and pembrolizumab in hormone receptor-positive metastatic breast cancer.
PMC8448747,Nat Commun,2021,cc by,ok,7,4,0,0,3,dataset_large,numeric,Synthetic essentiality between PTEN and core dependency factor PAX7 dictates rhabdomyosarcoma identity.
PMC8447690,Clin Epigenetics,2021,cc by,ok,4,3,1,0,0,dataset_large,mixed;numeric;omics,Hi-C profiling of cancer spheroids identifies 3D-growth-specific chromatin interactions in breast cancer endocrine resistance.
PMC8481385,Front Big Data,2021,cc by,ok,4,0,1,0,2,small_table,,Statistical Enrichment Analysis of Samples: A General-Purpose Tool to Annotate Metadata Neighborhoods of Biological Samples.
PMC8448727,NPJ Precis Oncol,2021,cc by,ok,2,1,0,0,1,dataset_large,numeric,Circulating tumor DNA is readily detectable among Ghanaian breast cancer patients supporting non-invasive cancer genomic studies in Africa.
PMC8451154,Clin Epigenetics,2021,cc by,ok,6,3,1,0,1,dataset_medium,mixed;numeric;omics,DNA 5-hydroxymethylcytosine in pediatric central nervous system tumors may impact tumor classification and is a positive prognostic marker.
PMC8444018,J Mol Diagn,2021,,ok,6,3,2,0,0,dataset_medium,mixed;numeric,Temporary Regulatory Deviations and the Coronavirus Disease 2019 (COVID-19) PCR Labeling Update Study Indicate What Laboratory-Developed Test Regulation by the US Food and Drug Administration (FDA) Could Look Like.
PMC8445963,Commun Biol,2021,cc by,ok,11,2,0,0,4,dataset_medium,numeric,TC10 regulates breast cancer invasion and metastasis by controlling membrane type-1 matrix metalloproteinase at invadopodia.
PMC8449880,BMC Bioinformatics,2021,cc by,ok,5,4,1,0,0,dataset_medium,mixed;numeric;omics,KinOrtho: a method for mapping human kinase orthologs across the tree of life and illuminating understudied kinases.
PMC8440763,Nat Commun,2021,cc by,ok,3,1,0,0,2,dataset_large,numeric,New-onset IgG autoantibodies in hospitalized patients with COVID-19.
PMC8448826,Nat Commun,2021,cc by,ok,4,1,0,0,3,dataset_large,mixed,MAPK-pathway inhibition mediates inflammatory reprogramming and sensitizes tumors to targeted activation of innate immunity sensor RIG-I.
PMC8483411,PLoS Comput Biol,2021,cc by,ok,7,2,1,0,1,dataset_medium,clinical;numeric,Crowdsourced identification of multi-target kinase inhibitors for RET- and TAU- based disease: The Multi-Targeting Drug DREAM Challenge.
PMC8696216,Cancer Commun (Lond),2021,cc by,ok,2,1,0,0,1,dataset_medium,mixed,Novel strategy for disease risk prediction incorporating predicted gene expression and DNA methylation data: a multi-phased study of prostate cancer.
PMC8478418,Elife,2021,cc by,too_large,0,0,0,0,0,no_supp_retrieved,,Activation of mTORC1 and c-Jun by Prohibitin1 loss in Schwann cells may link mitochondrial dysfunction to demyelination.
PMC8438038,Nat Commun,2021,cc by,ok,4,1,1,0,2,dataset_large,numeric,Clinically translatable quantitative molecular photoacoustic imaging with liposome-encapsulated ICG J-aggregates.
PMC8437979,Nat Commun,2021,cc by,ok,8,2,1,0,4,dataset_large,mixed;omics,The ubiquitin ligase RNF5 determines acute myeloid leukemia growth and susceptibility to histone deacetylase inhibitors.
PMC8563012,Elife,2021,cc by,ok,6,4,1,0,1,dataset_large,omics,RNA splicing programs define tissue compartments and cell types at single-cell resolution.
PMC8433397,Nat Commun,2021,cc by,ok,6,3,0,0,3,dataset_large,mixed;numeric;omics,Inhibition of CK1ε potentiates the therapeutic efficacy of CDK4/6 inhibitor in breast cancer.
PMC8429658,NPJ Breast Cancer,2021,cc by,ok,3,0,1,0,2,small_table,,Interim clinical trial analysis of intraoperative mass spectrometry for breast cancer surgery.
PMC8479836,Elife,2021,cc by,ok,27,1,0,0,24,dataset_large,numeric,The interplay of RNA:DNA hybrid structure and G-quadruplexes determines the outcome of R-loop-replisome collisions.
PMC9397610,Cancer Res,2021,cc by-nc-nd,ok,6,2,1,0,1,dataset_medium,mixed;numeric,Subclone Eradication Analysis Identifies Targets for Enhanced Cancer Therapy and Reveals L1 Retrotransposition as a Dynamic Source of Cancer Heterogeneity.
PMC8421392,Nat Commun,2021,cc by,ok,4,0,0,0,3,no_tabular_data,,Endothelium-specific depletion of LRP1 improves glucose homeostasis through inducing osteocalcin.
PMC8496184,J Biol Chem,2021,cc by,ok,3,1,1,0,1,dataset_medium,mixed,The Mitochondrial Ca<sup>2+</sup> uniporter is a central regulator of interorganellar Ca<sup>2+</sup> transfer and NFAT activation.
PMC8420025,BMC Med,2021,cc by,ok,6,2,0,0,3,dataset_large,numeric;omics,Absolute quantitative proteomics using the total protein approach to identify novel clinical immunohistochemical markers in renal neoplasms.
PMC8479791,iScience,2021,cc by-nc-nd,ok,6,4,1,0,1,dataset_large,mixed;numeric,caAtlas: An immunopeptidome atlas of human cancer.
PMC8479695,iScience,2021,cc by-nc-nd,ok,2,1,0,0,1,dataset_large,numeric,Proteomic pathways to metabolic disease and type 2 diabetes in the pancreatic islet.
PMC8420022,Mol Neurodegener,2021,cc by,ok,2,2,0,0,0,dataset_medium,numeric,APOΕ4 lowers energy expenditure in females and impairs glucose oxidation by increasing flux through aerobic glycolysis.
PMC8420050,Genome Med,2021,cc by,ok,4,3,0,0,1,dataset_large,mixed;omics,Profiling diverse sequence tandem repeats in colorectal cancer reveals co-occurrence of microsatellite and chromosomal instability involving Chromosome 8.
PMC8453167,Front Genet,2021,cc by,ok,1,1,0,0,0,dataset_medium,mixed,Integrative Analysis of DNA Methylation and microRNA Expression Reveals Mechanisms of Racial Heterogeneity in Hepatocellular Carcinoma.
PMC8421361,Nat Commun,2021,cc by,ok,4,1,0,0,3,dataset_medium,numeric,Small-molecule suppression of calpastatin degradation reduces neuropathology in models of Huntington's disease.
PMC8449407,Proc Natl Acad Sci U S A,2021,cc by-nc-nd,ok,8,5,2,0,1,dataset_large,mixed;numeric;omics,Absolute quantification of tumor antigens using embedded MHC-I isotopologue calibrants.
PMC9053198,Commun Med (Lond),2021,cc by,ok,5,1,0,0,4,dataset_large,mixed,Dual-energy three-compartment breast imaging for compositional biomarkers to improve detection of malignant lesions.
PMC8474009,Mol Syst Biol,2021,cc by,ok,9,6,1,0,2,dataset_large,numeric;omics,A highly multiplexed quantitative phosphosite assay for biology and preclinical studies.
PMC8408227,Nat Commun,2021,cc by,ok,5,2,0,0,3,dataset_large,clinical;mixed,Acquisition of aneuploidy drives mutant p53-associated gain-of-function phenotypes.
PMC8407541,PLoS Med,2021,cc by,ok,13,5,7,0,1,dataset_medium,mixed;numeric;omics,Urine tumor DNA detection of minimal residual disease in muscle-invasive bladder cancer treated with curative-intent radical cystectomy: A cohort study.
PMC8617591,Cell Syst,2021,cc by,ok,7,3,1,0,2,dataset_large,mixed;numeric,Systematic measurement of combination-drug landscapes to predict in vivo treatment outcomes for tuberculosis.
PMC8406193,mBio,2021,cc by,ok,5,1,2,0,2,dataset_medium,mixed,Aspergillus fumigatus In-Host HOG Pathway Mutation for Cystic Fibrosis Lung Microenvironment Persistence.
PMC8476001,PLoS Comput Biol,2021,cc by,ok,11,3,0,0,8,dataset_large,numeric;omics,Probing T-cell response by sequence-based probabilistic modeling.
PMC8409500,JMIR Cancer,2021,cc by,ok,1,1,0,0,0,dataset_medium,mixed,COVID-19 Communication From Seven Health Care Institutions in North Texas for English- and Spanish-Speaking Cancer Patients: Mixed Method Website Study.
PMC8413319,Sci Rep,2021,cc by,ok,1,1,0,0,0,dataset_large,numeric,The shared genetic architecture between epidemiological and behavioral traits with lung cancer.
PMC11220778,Front Trop Dis,2021,cc by,ok,1,0,0,0,1,no_tabular_data,,<i>Brugia malayi</i> Glycoproteins Detected by the Filariasis Test Strip Antibody AD12.1.
PMC8452512,J Extracell Vesicles,2021,cc by-nc-nd,ok,4,3,0,1,0,dataset_medium,omics,Hypoxia-stimulated ATM activation regulates autophagy-associated exosome release from cancer-associated fibroblasts to promote cancer cell invasion.
PMC8409653,PLoS One,2021,cc by,ok,8,1,6,0,1,dataset_medium,numeric,Identification of novel genetic susceptibility loci for thoracic and abdominal aortic aneurysms via genome-wide association study using the UK Biobank Cohort.
PMC12338147,mSystems,2021,cc by,ok,7,2,0,0,5,dataset_large,omics,Adenovirus Remodeling of the Host Proteome and Host Factors Associated with Viral Genomes.
PMC8408241,Nat Commun,2021,cc by,ok,4,1,0,0,3,dataset_large,mixed,A comprehensive risk score for effective risk stratification and screening of nasopharyngeal carcinoma.
PMC8407545,PLoS Med,2021,cc0,ok,8,1,4,0,0,dataset_medium,mixed,Cell-free DNA ultra-low-pass whole genome sequencing to distinguish malignant peripheral nerve sheath tumor (MPNST) from its benign precursor lesion: A cross-sectional study.
PMC8403366,Genome Med,2021,cc by,ok,7,1,5,0,1,dataset_large,numeric,Functional significance of gain-of-function H19 lncRNA in skeletal muscle differentiation and anti-obesity effects.
PMC8405693,Sci Rep,2021,cc by,ok,8,2,4,0,2,dataset_large,numeric;omics,The human type 2 diabetes-specific visceral adipose tissue proteome and transcriptome in obesity.
PMC8520746,CPT Pharmacometrics Syst Pharmacol,2021,cc by-nc-nd,ok,5,2,1,0,1,dataset_medium,mixed;numeric,Pharmacokinetic modeling of R and S-Methadone and their metabolites to study the effects of various covariates in post-operative children.
PMC8390234,Genome Biol,2021,cc by,ok,5,3,1,0,0,dataset_large,omics,NucHMM: a method for quantitative modeling of nucleosome organization identifying functional nucleosome states distinctly associated with splicing potentiality.
PMC8595717,Clin Cancer Res,2021,cc by-nc-nd,ok,4,3,0,0,1,dataset_large,numeric;omics,Deconvoluting Mechanisms of Acquired Resistance to RAF Inhibitors in BRAF&lt;sup&gt;V600E&lt;/sup&gt;-Mutant Human Glioma.
PMC8387440,NPJ Breast Cancer,2021,cc by,ok,3,1,0,0,2,dataset_large,omics,Nivolumab in combination with cabozantinib for metastatic triple-negative breast cancer: a phase II and biomarker study.
PMC8400760,BMC Microbiol,2021,cc by,ok,3,2,0,0,1,dataset_medium,mixed;numeric,Associations between the gut microbiome and metabolome in early life.
PMC8384880,Nat Commun,2021,cc by,ok,11,3,3,0,4,dataset_large,mixed;omics,Comprehensive characterization of 536 patient-derived xenograft models prioritizes candidatesfor targeted treatment.
PMC8386078,Genome Biol,2021,cc by,ok,9,7,1,0,1,dataset_large,numeric;omics,Acute depletion of CTCF rewires genome-wide chromatin accessibility.
PMC8429851,Front Genet,2021,cc by,ok,2,1,0,0,1,dataset_medium,mixed,Patient-Specific Cell Communication Networks Associate With Disease Progression in Cancer.
PMC8385305,Life Sci Alliance,2021,cc by,ok,4,2,0,0,2,dataset_medium,numeric,Elevated glucose increases genomic instability by inhibiting nucleotide excision repair.
PMC8381588,Mob DNA,2021,cc by,ok,4,1,1,0,2,dataset_medium,omics,Unbiased proteomic mapping of the LINE-1 promoter using CRISPR Cas9.
PMC8387426,Sci Data,2021,cc by,ok,2,0,2,0,0,small_table,,Proteomic profiling dataset of chemical perturbations in multiple biological backgrounds.
PMC8387424,Sci Rep,2021,cc by,ok,3,2,0,0,1,dataset_large,omics,Comparative transcriptomic analysis of SARS-CoV-2 infected cell model systems reveals differential innate immune responses.
PMC8387430,Commun Biol,2021,cc by,ok,5,1,0,0,4,dataset_medium,numeric,Distinct immune microenvironment profiles of therapeutic responders emerge in combined TGFβ/PD-L1 blockade-treated squamous cell carcinoma.
PMC8384195,PLoS One,2021,cc by,ok,1,0,1,0,0,small_table,,Toward prediction of abscopal effect in radioimmunotherapy: Pre-clinical investigation.
PMC8421639,Front Psychiatry,2021,cc by,ok,4,0,1,0,3,small_table,,An Examination of Risk Factors for Tobacco and Cannabis Smoke Exposure in Adolescents Using an Epigenetic Biomarker.
PMC8385107,Nat Commun,2021,cc by,ok,11,2,5,0,4,dataset_medium,mixed;numeric,Dysregulated cholesterol homeostasis results in resistance to ferroptosis increasing tumorigenicity and metastasis in cancer.
PMC8420858,Front Genet,2021,cc by,ok,4,2,1,0,1,dataset_large,omics,LR Hunting: A Random Forest Based Cell-Cell Interaction Discovery Method for Single-Cell Gene Expression Data.
PMC8406275,mBio,2021,cc by,ok,1,1,0,0,0,dataset_medium,mixed,Caspases Switch off the m<sup>6</sup>A RNA Modification Pathway to Foster the Replication of a Ubiquitous Human Tumor Virus.
PMC8379153,Sci Rep,2021,cc by,ok,2,1,0,0,1,dataset_medium,mixed,Tetra-gel enables superior accuracy in combined super-resolution imaging and expansion microscopy.
PMC8380335,Clin Epigenetics,2021,cc by,ok,8,5,3,0,0,dataset_large,mixed;numeric;omics,Identifying causal models between genetically regulated methylation patterns and gene expression in healthy colon tissue.
PMC8377150,NPJ Breast Cancer,2021,cc by,ok,4,1,1,0,2,dataset_medium,omics,Genetic epidemiology of BRCA1- and BRCA2-associated cancer across Latin America.
PMC8379279,NPJ Syst Biol Appl,2021,cc by,ok,5,1,0,0,2,dataset_medium,mixed,A systems biology model of junctional localization and downstream signaling of the Ang-Tie signaling pathway.
PMC8500868,Acta Neuropathol,2021,cc by,ok,2,2,0,0,0,dataset_large,clinical;omics,PATZ1 fusions define a novel molecularly distinct neuroepithelial tumor entity with a broad histological spectrum.
PMC8371820,Breast Cancer Res,2021,cc by,ok,3,2,1,0,0,dataset_medium,mixed;numeric,Association of germline genetic variants with breast cancer-specific survival in patient subgroups defined by clinic-pathological variables related to tumor biology and type of systemic treatment.
PMC8397371,Elife,2021,cc by,ok,9,3,1,0,1,dataset_medium,numeric,Probing the effect of clustering on EphA2 receptor signaling efficiency by subcellular control of ligand-receptor mobility.
PMC8371137,Nat Commun,2021,cc by,too_large,0,0,0,0,0,no_supp_retrieved,,Live cell tagging tracking and isolation for spatial transcriptomics using photoactivatable cell dyes.
PMC8376904,Nat Commun,2021,cc by,ok,19,5,3,0,4,dataset_large,numeric;omics,Integration of FRET and sequencing to engineer kinase biosensors from mammalian cell libraries.
PMC8376947,Nat Commun,2021,cc by,ok,6,3,0,0,3,dataset_large,numeric;omics,Nodal immune flare mimics nodal disease progression following neoadjuvant immune checkpoint inhibitors in non-small cell lung cancer.
PMC8727917,Acta Pharm Sin B,2021,cc by-nc-nd,ok,2,1,0,0,1,dataset_medium,omics,Bioengineered miR-124-3p prodrug selectively alters the proteome of human carcinoma cells to control multiple cellular components and lung metastasis <i>in vivo</i>.
PMC8371148,Nat Commun,2021,cc by,ok,3,1,0,0,2,dataset_large,numeric,Measuring expression heterogeneity of single-cell cytoskeletal protein complexes.
PMC8368102,Nat Commun,2021,cc by,ok,3,1,0,0,2,dataset_medium,numeric,Cisplatin-mediated activation of glucocorticoid receptor induces platinum resistance via MAST1.
PMC8441161,J Biol Chem,2021,cc by,ok,3,2,0,0,1,dataset_medium,mixed;numeric,Deletion of mFICD AMPylase alters cytokine secretion and affects visual short-term learning in vivo.
PMC8407593,PLoS Genet,2021,cc by,ok,56,6,3,0,42,dataset_large,numeric,Multi-scale inference of genetic trait architecture using biologically annotated neural networks.
PMC8371164,Nat Commun,2021,cc by,ok,15,0,8,0,4,small_table,,A unified model of human hemoglobin switching through single-cell genome editing.
PMC8364028,Cell Commun Signal,2021,cc by,ok,5,3,0,0,1,dataset_large,numeric;omics,"PI3K-AKT, JAK2-STAT3 pathways and cell-cell contact regulate maspin subcellular localization."
PMC8415085,Front Immunol,2021,cc by,ok,2,1,0,0,1,dataset_medium,mixed,Strategies for Accurate Cell Type Identification in CODEX Multiplexed Imaging Data.
PMC8361159,NPJ Precis Oncol,2021,cc by,ok,16,13,2,0,1,dataset_large,omics,Circulating tumor cell heterogeneity in neuroendocrine prostate cancer by single cell copy number analysis.
PMC8357939,Sci Rep,2021,cc by,ok,2,1,0,0,1,dataset_large,numeric,Effects of interobserver and interdisciplinary segmentation variabilities on CT-based radiomics for pancreatic cancer.
PMC8376249,Elife,2021,cc by,ok,9,0,4,0,3,small_table,,Tonic interferon restricts pathogenic IL-17-driven inflammatory disease via balancing the microbiome.
PMC8497275,Oncogene,2021,cc by,ok,9,3,0,0,6,dataset_large,omics,RAC1 plays an essential role in estrogen receptor alpha function in breast cancer cells.
PMC8352908,Sci Rep,2021,cc by,ok,4,2,1,0,1,dataset_medium,mixed;numeric,Isolation of HDL by sequential flotation ultracentrifugation followed by size exclusion chromatography reveals size-based enrichment of HDL-associated proteins.
PMC8353616,Genome Biol,2021,cc by,ok,14,10,2,0,2,dataset_large,mixed;numeric;omics,SCAPTURE: a deep learning-embedded pipeline that captures polyadenylation information from 3' tag-based RNA-seq of single cells.
PMC8724927,Mol Cell Proteomics,2021,cc by-nc-nd,ok,3,1,1,0,1,dataset_medium,numeric,Optimized Liquid and Gas Phase Fractionation Increases HLA-Peptidome Coverage for Primary Cell and Tissue Samples.
PMC8350276,BMC Med Educ,2021,cc by,ok,3,0,1,0,2,small_table,,Building a virtual summer research experience in cancer for high school and early undergraduate students: lessons from the COVID-19 pandemic.
PMC8387235,Nature,2021,cc by,ok,25,5,5,0,2,dataset_medium,numeric,Oxytocin neurons enable social transmission of maternal behaviour.
PMC8352964,Nat Commun,2021,cc by,ok,14,9,1,0,3,dataset_large,mixed;numeric;omics,Integrative oncogene-dependency mapping identifies RIT1 vulnerabilities and synergies in lung cancer.
PMC8353735,J Exp Clin Cancer Res,2021,cc by,ok,5,3,0,1,1,dataset_large,mixed;numeric;omics,Ref-1 redox activity alters cancer cell metabolism in pancreatic cancer: exploiting this novel finding as a potential target.
PMC8369001,Comput Struct Biotechnol J,2021,cc by-nc-nd,ok,2,1,0,0,1,dataset_large,numeric,Fast mutual exclusivity algorithm nominates potential synthetic lethal gene pairs through brute force matrix product computations.
PMC8370768,Elife,2021,cc by,ok,5,1,3,0,1,dataset_medium,numeric,"Unsupervised machine learning reveals key immune cell subsets in COVID-19, rhinovirus infection, and cancer therapy."
PMC8344965,Ann Glob Health,2021,cc by,ok,1,1,0,0,0,dataset_large,mixed,An Evaluation of Regional Cardiovascular Disease and Cancer Research Needs Using Conference Abstracts.
PMC8338992,Sci Rep,2021,cc by,ok,6,2,4,0,0,dataset_large,mixed;omics,A comprehensive analysis of gene expression changes in a high replicate and open-source dataset of differentiating hiPSC-derived cardiomyocytes.
PMC8336790,PLoS One,2021,cc by,ok,6,1,0,0,3,dataset_large,numeric,Genetic underpinnings of regional adiposity distribution in African Americans: Assessments from the Jackson Heart Study.
PMC8336338,Breast Cancer Res,2021,cc by,ok,2,0,1,0,1,small_table,,Sensitivity to targeted therapy differs between HER2-amplified breast cancer cells harboring kinase and helical domain mutations in PIK3CA.
PMC8376253,Elife,2021,cc by,ok,14,1,1,0,12,dataset_large,omics,<i>Naa12</i> compensates for <i>Naa10</i> in mice in the amino-terminal acetylation pathway.
PMC8331188,Elife,2021,cc by,ok,47,14,23,0,1,dataset_medium,numeric;omics,Oxaliplatin resistance in colorectal cancer enhances TRAIL sensitivity via death receptor 4 upregulation and lipid raft localization.
PMC8423447,Elife,2021,cc by,ok,2,1,0,0,1,dataset_large,mixed,Contrasting effects of Western vs Mediterranean diets on monocyte inflammatory gene expression and social behavior in a primate model.
PMC8437436,Elife,2021,cc by,ok,10,6,2,0,1,dataset_large,mixed;numeric,Identification of abscission checkpoint bodies as structures that regulate ESCRT factors to control abscission timing.
PMC8562569,Nat Cancer,2021,,ok,1,0,0,0,0,no_tabular_data,,Autophagy Inhibition by Targeting PIKfyve Potentiates Response to Immune Checkpoint Blockade in Prostate Cancer.
PMC8325656,Med Oncol,2021,cc by,ok,2,1,0,0,1,dataset_large,numeric,Defining candidate mRNA and protein EV biomarkers to discriminate ccRCC and pRCC from non-malignant renal cells in vitro.
PMC8346867,Proc Natl Acad Sci U S A,2021,cc by,ok,9,6,2,0,1,dataset_large,mixed;numeric,The p53 transcriptional response across tumor types reveals core and senescence-specific signatures modulated by long noncoding RNAs.
PMC8360647,Elife,2021,cc by,ok,12,1,9,0,1,dataset_medium,mixed,CXCL10/CXCR3 signaling contributes to an inflammatory microenvironment and its blockade enhances progression of murine pancreatic precancerous lesions.
PMC8551016,Nat Mater,2021,,ok,1,0,0,0,0,no_tabular_data,,Photocurable bioresorbable adhesives as functional interfaces between flexible bioelectronic devices and soft biological tissues.
PMC8419749,Cancer Med,2021,cc by,ok,5,4,1,0,0,dataset_large,omics,RNA editing affects cis-regulatory elements and predicts adverse cancer survival.
PMC8319326,Nat Commun,2021,cc by,ok,12,4,3,0,4,dataset_large,mixed,An umbrella review of the evidence associating diet and cancer risk at 11 anatomical sites.
PMC8323875,PLoS One,2021,cc by,ok,7,0,2,0,1,small_table,,Genome-wide association study of pancreatic fat: The Multiethnic Cohort Adiposity Phenotype Study.
PMC8357689,Acta Neuropathol,2021,cc by,ok,3,1,0,0,2,dataset_large,mixed,Low-grade glioneuronal tumors with FGFR2 fusion resolve into a single epigenetic group corresponding to 'Polymorphous low-grade neuroepithelial tumor of the young'.
PMC8314497,BMC Genomics,2021,cc by,ok,2,0,1,0,0,small_table,,LncGSEA: a versatile tool to infer lncRNA associated pathways from large-scale cancer transcriptome sequencing data.
PMC8316576,Nat Commun,2021,cc by,ok,13,7,0,0,4,dataset_large,numeric;omics,Functional and epigenetic phenotypes of humans and mice with DNMT3A Overgrowth Syndrome.
PMC8316332,Nat Commun,2021,cc by,ok,4,1,0,0,2,dataset_medium,numeric,Brain-specific inhibition of mTORC1 eliminates side effects resulting from mTORC1 blockade in the periphery and reduces alcohol intake in mice.
PMC8321549,Elife,2021,cc0,ok,3,0,1,0,1,small_table,,Identification of drugs associated with reduced severity of COVID-19 - a case-control study in a large population.
PMC8363505,Nat Med,2021,cc by,ok,12,2,7,0,2,dataset_medium,omics,CAR T cells with dual targeting of CD19 and CD22 in adult patients with recurrent or refractory B cell malignancies: a phase 1 trial.
PMC8316454,Nat Commun,2021,cc by,ok,10,4,2,0,4,dataset_large,omics,Retinoblastoma from human stem cell-derived retinal organoids.
PMC8316356,Cell Death Dis,2021,cc by,ok,6,0,5,0,1,small_table,,Tissue-specific expression of p73 and p63 isoforms in human tissues.
PMC8447597,EMBO J,2021,,ok,13,5,0,0,5,dataset_large,mixed;numeric;omics,Interactomes of SARS-CoV-2 and human coronaviruses reveal host factors potentially affecting pathogenesis.
PMC8319695,BMC Infect Dis,2021,cc by,ok,4,1,2,0,1,dataset_medium,numeric,Assessing the filtration efficiency and regulatory status of N95s and nontraditional filtering face-piece respirators available during the COVID-19 pandemic.
PMC8317352,BMC Biol,2021,cc by,ok,7,6,0,0,1,dataset_large,mixed;numeric;omics,"Altered neuronal physiology, development, and function associated with a common chromosome 15 duplication involving CHRNA7."
PMC8385444,J Lipid Res,2021,cc by,ok,2,1,0,0,1,dataset_medium,omics,Apolipoprotein A-I modulates HDL particle size in the absence of apolipoprotein A-II.
PMC8312954,PLoS One,2021,cc by,ok,1,1,0,0,0,dataset_medium,numeric,Predicting the efficacy of COVID-19 convalescent plasma donor units with the Lumit Dx anti-receptor binding domain assay.
PMC8302610,Nat Commun,2021,cc by,ok,4,1,1,0,2,dataset_large,numeric,Deacetylation as a receptor-regulated direct activation switch for pannexin channels.
PMC8305935,Mol Neurodegener,2021,cc by,ok,2,1,0,0,1,dataset_large,mixed,Plaque-associated human microglia accumulate lipid droplets in a chimeric model of Alzheimer's disease.
PMC8375228,Int J Biol Sci,2021,cc by,ok,2,0,1,0,1,small_table,,BRCA1 Antibodies Matter.
PMC8637558,Mol Oncol,2021,cc by,ok,5,0,2,0,3,small_table,,Genomic analyses of high-grade neuroendocrine gynecological malignancies reveal a unique mutational landscape and therapeutic vulnerabilities.
PMC8298472,Commun Biol,2021,cc by,ok,5,1,0,0,4,dataset_large,mixed,New and sex-specific migraine susceptibility loci identified from a multiethnic genome-wide meta-analysis.
PMC8336896,Genes Dev,2021,cc by-nc,ok,4,1,0,0,2,dataset_medium,numeric,<i>miR-200</i> deficiency promotes lung cancer metastasis by activating Notch signaling in cancer-associated fibroblasts.
PMC8363840,Mol Cell Proteomics,2021,cc by-nc-nd,too_large,0,0,0,0,0,no_supp_retrieved,,Unbiased Proteomic and Phosphoproteomic Analysis Identifies Response Signatures and Novel Susceptibilities After Combined MEK and mTOR Inhibition in BRAF&lt;sup&gt;V600E&lt;/sup&gt; Mutant Glioma.
PMC8295259,Nat Commun,2021,cc by,ok,3,2,0,0,1,dataset_medium,mixed;numeric,A human CD137×PD-L1 bispecific antibody promotes anti-tumor immunity via context-dependent T cell costimulation and checkpoint blockade.
PMC8302750,Nat Commun,2021,cc by,ok,3,0,1,0,2,small_table,,"RNase κ promotes robust piRNA production by generating 2',3'-cyclic phosphate-containing precursors."
PMC8295290,Sci Rep,2021,cc by,ok,3,2,0,0,1,dataset_medium,numeric,"On the robustness of inference of association with the gut microbiota in stool, rectal swab and mucosal tissue samples."
PMC8302676,Commun Biol,2021,cc by,ok,5,0,0,0,4,tables_only,,Inhibition of lung tumorigenesis by a small molecule CA170 targeting the immune checkpoint protein VISTA.
PMC8290051,Nat Commun,2021,cc by,ok,5,1,0,0,4,dataset_large,numeric,A deep learning model for predicting next-generation sequencing depth from DNA sequence.
PMC8678141,Nat Biotechnol,2021,,ok,1,0,0,0,1,no_tabular_data,,Enhanced detection of minimal residual disease by targeted sequencing of phased variants in circulating tumor DNA.
PMC8290555,J Neuroinflammation,2021,cc by,ok,1,1,0,0,0,dataset_medium,numeric,Microglial responses to CSF1 overexpression do not promote the expansion of other glial lineages.
PMC8456201,Adv Sci (Weinh),2021,cc by,ok,2,0,0,0,1,tables_only,,Copper Promotes Tumorigenesis by Activating the PDK1-AKT Oncogenic Pathway in a Copper Transporter 1 Dependent Manner.
PMC8338555,Nature,2021,cc by,ok,8,4,1,0,3,dataset_large,numeric;omics,Transcriptional programs of neoantigen-specific TIL in anti-PD-1-treated lung cancers.
PMC8294487,PLoS Genet,2021,cc by,ok,2,2,0,0,0,dataset_large,mixed;omics,DAF-18/PTEN inhibits germline zygotic gene activation during primordial germ cell quiescence.
PMC8291708,PLoS One,2021,cc by,ok,8,6,1,0,1,dataset_large,mixed;numeric;omics,"Transcriptome and metabolome analysis of crGART, a novel cell model of de novo purine synthesis deficiency: Alterations in CD36 expression and activity."
PMC8285794,Breast Cancer Res,2021,cc by,ok,2,0,1,0,1,small_table,,Impact of Oncotype DX testing on ER+ breast cancer treatment and survival in the first decade of use.
PMC8285521,NPJ Genom Med,2021,cc by,ok,6,3,1,0,2,dataset_large,clinical;mixed;omics,The landscape of driver mutations in cutaneous squamous cell carcinoma.
PMC8290049,Sci Rep,2021,cc by,ok,6,1,0,0,0,dataset_large,omics,A Cdk4/6-dependent phosphorylation gradient regulates the early to late G1 phase transition.
PMC8326832,Front Immunol,2021,cc by,ok,1,1,0,0,0,dataset_medium,omics,Differentially Expressed Gene Pathways in the Conjunctiva of Sjögren Syndrome Keratoconjunctivitis Sicca.
PMC8321670,Life Sci Alliance,2021,cc by,ok,10,5,2,0,1,dataset_medium,numeric,Exosome-mediated delivery of CRISPR/Cas9 for targeting of oncogenic Kras<sup>G12D</sup> in pancreatic cancer.
PMC8322435,Redox Biol,2021,cc by-nc-nd,ok,6,4,0,0,1,dataset_large,numeric;omics,Red blood cells contain enzymatically active GPx4 whose abundance anticorrelates with hemolysis during blood bank storage.
PMC8284328,RNA,2021,cc by,ok,5,1,0,0,0,dataset_medium,numeric,CRED9: a differentially expressed elncRNA regulates expression of transcription factor CEBPA.
PMC8281634,Breast Cancer Res,2021,cc by,ok,3,2,1,0,0,dataset_medium,mixed,Transcriptome and genome evolution during HER2-amplified breast neoplasia.
PMC8285372,Nat Commun,2021,cc by,ok,7,2,0,1,4,dataset_medium,mixed;numeric,Biochemical and functional characterization of mutant KRAS epitopes validates this oncoprotein for immunological targeting.
PMC8281718,Genome Med,2021,cc by,ok,2,0,1,0,1,small_table,,Haplotype-resolved germline and somatic alterations in renal medullary carcinomas.
PMC8282811,NPJ Digit Med,2021,cc by,ok,3,0,1,0,2,small_table,,Mobile app validation: a digital health scorecard approach.
PMC8455365,Cell Mol Gastroenterol Hepatol,2021,cc by-nc-nd,ok,2,2,0,0,0,dataset_large,mixed;numeric,Ileal Derived Organoids From Crohn's Disease Patients Show Unique Transcriptomic and Secretomic Signatures.
PMC8277019,PLoS One,2021,cc by,ok,6,5,0,0,1,dataset_large,mixed;numeric,Slim cigarette smoking in Urban China: Who are the early adopters and why?
PMC8280165,Nat Commun,2021,cc by,ok,7,2,0,0,2,dataset_medium,mixed,Oil immersed lossless total analysis system for integrated RNA extraction and detection of SARS-CoV-2.
PMC8278587,BMC Med Genomics,2021,cc by,ok,5,5,0,0,0,dataset_medium,numeric;omics,Somatic mutations in benign breast disease tissues and association with breast cancer risk.
PMC8353480,J Biol Chem,2021,cc by,ok,2,1,0,0,1,dataset_medium,numeric,Purification of active human vacuolar H<sup>+</sup>-ATPase in native lipid-containing nanodiscs.
PMC9040017,Genomics Proteomics Bioinformatics,2021,cc by,ok,11,2,2,0,6,dataset_medium,mixed;numeric,AIAP: A Quality Control and Integrative Analysis Package to Improve ATAC-seq Data Analysis.
PMC8285107,Elife,2021,cc by,ok,3,0,2,0,1,small_table,,An epigenetic switch regulates the ontogeny of AXL-positive/EGFR-TKi-resistant cells by modulating miR-335 expression.
PMC8278651,Genome Biol,2021,cc by,ok,3,1,0,0,2,dataset_large,mixed,Genomic diversity and ecology of human-associated Akkermansia species in the gut microbiome revealed by extensive metagenomic assembly.
PMC8356859,Laryngoscope Investig Otolaryngol,2021,cc by-nc-nd,ok,6,1,3,2,0,dataset_medium,mixed,Flexible fiber-based CO<sub>2</sub> laser vs monopolar cautery for resection of oral cavity lesions: A single center randomized controlled trial assessing pain and quality of life following surgery.
PMC8333345,iScience,2021,cc by-nc-nd,ok,2,1,1,0,0,dataset_medium,numeric,Channeling macrophage polarization by rocaglates increases macrophage resistance to <i>Mycobacterium tuberculosis</i>.
PMC8275629,Oncogenesis,2021,cc by,ok,9,6,1,0,1,dataset_large,mixed;numeric;omics,Disruptor of telomeric silencing 1-like promotes ovarian cancer tumor growth by stimulating pro-tumorigenic metabolic pathways and blocking apoptosis.
PMC8272372,Environ Health,2021,cc by,ok,2,2,0,0,0,dataset_medium,numeric,Exposure to arsenic at different life-stages and DNA methylation meta-analysis in buccal cells and leukocytes.
PMC8270938,Nat Commun,2021,cc by,ok,11,7,1,0,3,dataset_large,mixed;numeric,Arginine methylation promotes siRNA-binding specificity for a spermatogenesis-specific isoform of the Argonaute protein CSR-1.
PMC8266391,Elife,2021,cc by,ok,5,1,1,0,2,dataset_large,numeric,Loss of MGA repression mediated by an atypical polycomb complex promotes tumor progression and invasiveness.
PMC8266110,PLoS One,2021,cc by,ok,6,0,1,0,5,small_table,,Prognostic role and biologic features of Musashi-2 expression in colon polyps and during colorectal cancer progression.
PMC8270899,Nat Commun,2021,cc by,ok,13,7,2,0,4,dataset_large,mixed;numeric;omics,Multiplexed functional genomic analysis of 5' untranslated region mutations across the spectrum of prostate cancer.
PMC8257575,Nat Commun,2021,cc by,ok,5,0,2,0,3,small_table,,Enhanced regulation of prokaryotic gene expression by a eukaryotic transcriptional activator.
PMC8295652,Front Cell Dev Biol,2021,cc by,ok,7,6,0,0,1,dataset_large,omics,Metabolic and Immunological Subtypes of Esophageal Cancer Reveal Potential Therapeutic Opportunities.
PMC8289709,Front Immunol,2021,cc by,ok,6,0,1,0,5,small_table,,Adjacent Cell Marker Lateral Spillover Compensation and Reinforcement for Multiplexed Images.
PMC8284654,PLoS Pathog,2021,cc0,ok,11,7,0,3,1,dataset_large,numeric,Interleukin-15 response signature predicts RhCMV/SIV vaccine efficacy.
PMC8259168,Genome Biol,2021,cc by,too_large,0,0,0,0,0,no_supp_retrieved,,"Integration of metabolomics, genomics, and immune phenotypes reveals the causal roles of metabolites in disease."
PMC8260719,NPJ Biofilms Microbiomes,2021,cc by,ok,3,1,0,0,2,dataset_medium,numeric,Veillonellaceae family members uniquely alter the cervical metabolic microenvironment in a human three-dimensional epithelial model.
PMC8253809,Nat Commun,2021,cc by,ok,10,4,3,0,3,dataset_large,mixed;omics,Patient-derived models recapitulate heterogeneity of molecular signatures and drug response in pediatric high-grade glioma.
PMC8595512,Mod Pathol,2021,,ok,1,0,0,1,0,no_tabular_data,,Interobserver variability in the assessment of stromal tumor-infiltrating lymphocytes (sTILs) in triple-negative invasive breast carcinoma influences the association with pathological complete response: the IVITA study.
PMC8339687,EMBO Rep,2021,cc by-nc-nd,ok,16,4,2,0,8,dataset_large,numeric;omics,An EZH2-dependent transcriptional complex promotes aberrant epithelial remodelling after injury.
PMC8287616,J Immunother Cancer,2021,cc by-nc,ok,10,1,2,0,7,dataset_medium,mixed,Individualized genetic makeup that controls natural killer cell function influences the efficacy of isatuximab immunotherapy in patients with multiple myeloma.
PMC8346364,Nat Genet,2021,cc by,ok,3,0,1,0,1,small_table,,Reconstructing single-cell karyotype alterations in colorectal cancer identifies punctuated and gradual diversification patterns.
PMC8325339,Proc Natl Acad Sci U S A,2021,cc by-nc-nd,ok,5,4,0,0,1,dataset_large,numeric,Chromosome 10q26-driven age-related macular degeneration is associated with reduced levels of <i>HTRA1</i> in human retinal pigment epithelium.
PMC8325261,Proc Natl Acad Sci U S A,2021,cc by-nc-nd,ok,3,1,1,0,1,dataset_large,numeric,Characterization of neoantigen-specific T cells in cancer resistant to immune checkpoint therapies.
PMC8261884,J Immunother Cancer,2021,cc by-nc,ok,5,1,0,0,4,dataset_medium,numeric,Metformin generates profound alterations in systemic and tumor immunity with associated antitumor effects.
PMC8577426,Cell Rep Methods,2021,cc by,ok,9,5,2,0,2,dataset_large,numeric,Model-based assessment of mammalian cell metabolic functionalities using omics data.
PMC8253384,PLoS One,2021,cc by,ok,1,1,0,0,0,dataset_medium,omics,Viral and immunological markers of HIV-associated Kaposi sarcoma recurrence.
PMC8277016,PLoS Comput Biol,2021,cc by,ok,9,2,3,0,4,dataset_medium,mixed;numeric,Inhibition of RPS6K reveals context-dependent Akt activity in luminal breast cancer cells.
PMC8241935,Nat Commun,2021,cc by,ok,5,2,2,0,1,dataset_large,numeric;omics,Resolution of tissue signatures of therapy response in patients with recurrent GBM treated with neoadjuvant anti-PD1.
PMC8269241,mSystems,2021,cc by,ok,8,6,1,0,1,dataset_large,mixed;numeric;omics,Ecogenomics of Groundwater Phages Suggests Niche Differentiation Linked to Specific Environmental Tolerance.
PMC9414283,Cancer Discov,2021,cc by-nc-nd,ok,2,1,0,0,1,dataset_large,omics,"Genomic and Transcriptomic Analyses of Breast Cancer Primaries and Matched Metastases in AURORA, the Breast International Group (BIG) Molecular Screening Initiative."
PMC8256861,Genome Res,2021,cc by-nc,ok,6,0,1,0,4,small_table,,Selection and thermostability suggest G-quadruplexes are novel functional elements of the human genome.
PMC8279360,PLoS Genet,2021,cc by,ok,6,1,4,0,0,dataset_medium,mixed,The CATP-8/P5A-type ATPase functions in multiple pathways during neuronal patterning.
PMC8240250,Genome Biol,2021,cc by,ok,5,1,1,0,3,dataset_medium,omics,Direct long-read RNA sequencing identifies a subset of questionable exitrons likely arising from reverse transcription artifacts.
PMC8448965,Proteomics Clin Appl,2021,cc by,ok,6,2,1,0,3,dataset_large,numeric,A proteomic investigation of isogenic radiation resistant prostate cancer cell lines.
PMC8238657,Cancer Cell,2021,,ok,3,1,0,0,2,dataset_medium,mixed,Highly variable SARS-CoV-2 spike antibody responses to two doses of COVID-19 RNA vaccination in patients with multiple myeloma.
PMC8242083,Nat Commun,2021,cc by,too_large,0,0,0,0,0,no_supp_retrieved,,Suppression of HSF1 activity by wildtype p53 creates a driving force for p53 loss-of-heterozygosity.
PMC8321653,Life Sci Alliance,2021,cc by,ok,4,1,1,0,1,dataset_medium,mixed,Deletion of a pseudogene within a fragile site triggers the oncogenic expression of the mitotic CCSER1 gene.
PMC8243588,BMC Med Genomics,2021,cc by,ok,17,2,0,0,13,dataset_large,numeric,Multivariate transcriptome analysis identifies networks and key drivers of chronic lymphocytic leukemia relapse risk and patient survival.
PMC8266394,Elife,2021,cc by,ok,3,1,0,0,1,dataset_medium,mixed,A Cas-BCAR3 co-regulatory circuit controls lamellipodia dynamics.
PMC8232451,PLoS One,2021,cc by,ok,2,1,0,0,1,dataset_medium,numeric,"DRUL for school: Opening Pre-K with safe, simple, sensitive saliva testing for SARS-CoV-2."
PMC8233332,Nat Commun,2021,cc by,ok,5,2,0,0,3,dataset_large,numeric;omics,Transcriptional super-enhancers control cancer stemness and metastasis genes in squamous cell carcinoma.
PMC8709873,Mol Psychiatry,2021,cc by,ok,2,0,1,0,1,small_table,,Neurexin 1 variants as risk factors for suicide death.
PMC8256816,J Proteome Res,2021,cc by-nc-nd,ok,3,3,0,0,0,dataset_large,mixed;numeric,BlackSheep: A Bioconductor and Bioconda Package for Differential Extreme Value Analysis.
PMC8224893,PLoS Comput Biol,2021,cc by,ok,6,1,2,0,3,dataset_medium,omics,PHENSIM: Phenotype Simulator.
PMC8241571,Nat Microbiol,2021,cc by,ok,2,1,0,0,1,dataset_large,mixed,"Metagenomic compendium of 189,680 DNA viruses from the human gut microbiome."
PMC8221471,PLoS One,2021,cc by,ok,2,1,0,0,1,dataset_large,numeric,Wound healing with topical BRAF inhibitor therapy in a diabetic model suggests tissue regenerative effects.
PMC8222297,Nat Commun,2021,cc by,ok,3,1,0,0,2,dataset_medium,numeric,Irreversible electroporation augments checkpoint immunotherapy in prostate cancer and promotes tumor antigen-specific tissue-resident memory CD8+ T cells.
PMC8256856,Genome Res,2021,cc by-nc,ok,12,2,3,0,5,dataset_medium,mixed,Haplotype diversity and sequence heterogeneity of human telomeres.
PMC8373608,Nature,2021,cc by,ok,7,1,3,0,2,dataset_medium,numeric,Protective efficacy of Ad26.COV2.S against SARS-CoV-2 B.1.351 in macaques.
PMC8873021,Mol Psychiatry,2021,cc by,ok,4,4,0,0,0,dataset_large,omics,Neurodevelopmental signatures of narcotic and neuropsychiatric risk factors in 3D human-derived forebrain organoids.
PMC8445182,Infect Immun,2021,cc by,ok,3,0,2,0,1,small_table,,Strategic Variants of CSP Delivered as SynDNA Vaccines Demonstrate Heterogeneity of Immunogenicity and Protection from <i>Plasmodium</i> Infection in a Murine Model.
PMC8225840,Commun Biol,2021,cc by,ok,4,0,1,0,3,small_table,,Development of an arteriolar niche and self-renewal of breast cancer stem cells by lysophosphatidic acid/protein kinase D signaling.
PMC8219731,Nat Commun,2021,cc by,ok,6,2,0,0,4,dataset_large,numeric,Ion identity molecular networking for mass spectrometry-based metabolomics in the GNPS environment.
PMC8264160,iScience,2021,cc by-nc-nd,ok,32,21,9,0,1,dataset_large,clinical;mixed;numeric;omics,Extensive three-dimensional intratumor proteomic heterogeneity revealed by multiregion sampling in high-grade serous ovarian tumor specimens.
PMC8225618,Commun Biol,2021,cc by,ok,5,1,0,0,4,dataset_medium,numeric,Androgen receptor variant shows heterogeneous expression in prostate cancer according to differentiation stage.
PMC8224931,PLoS Comput Biol,2021,cc by,ok,4,1,0,0,3,dataset_medium,numeric,"Experiences and lessons learned from two virtual, hands-on microbiome bioinformatics workshops."
PMC8449801,Clin Pharmacol Ther,2021,cc by-nc,ok,4,4,0,0,0,dataset_large,mixed;numeric;omics,Interaction Between SNP Genotype and Efficacy of Anastrozole and Exemestane in Early-Stage Breast Cancer.
PMC8217270,Commun Biol,2021,cc by,ok,5,0,1,0,4,small_table,,Fascin1 empowers YAP mechanotransduction and promotes cholangiocarcinoma development.
PMC8335830,Cancer Med,2021,cc by,ok,2,1,0,0,1,dataset_medium,mixed,Long-term disease control and survival observed after stereotactic ablative body radiotherapy for oligometastatic breast cancer.
PMC8219384,Elife,2021,cc by,ok,16,7,4,0,1,dataset_large,numeric;omics,Quantitative mapping of human hair greying and reversal in relation to life stress.
PMC9017219,Cell Rep Methods,2021,cc by-nc-nd,ok,1,1,0,0,0,dataset_medium,omics,A pan-cancer survey of cell line tumor similarity by feature-weighted molecular profiles.
PMC8250153,Front Cell Dev Biol,2021,cc by,ok,2,1,1,0,0,dataset_medium,numeric,Linking Chromosomal Silencing With &lt;i&gt;Xist&lt;/i&gt; Expression From Autosomal Integrated Transgenes.
PMC8213710,Nat Commun,2021,cc by,ok,8,4,1,0,3,dataset_large,mixed;numeric;omics,Enhanced specificity of clinical high-sensitivity tumor mutation profiling in cell-free DNA via paired normal sequencing using MSK-ACCESS.
PMC8212460,Genome Med,2021,cc by,ok,2,1,0,0,1,dataset_large,numeric,"Dietary fiber intake, the gut microbiome, and chronic systemic inflammation in a cohort of adult men."
PMC8231453,J Circadian Rhythms,2021,cc by,ok,7,1,0,0,6,dataset_medium,omics,Genes Relevant to Tissue Response to Cancer Therapy Display Diurnal Variation in mRNA Expression in Human Oral Mucosa.
PMC8266393,Elife,2021,cc by,too_large,0,0,0,0,0,no_supp_retrieved,,BET family members Bdf1/2 modulate global transcription initiation and elongation in <i>Saccharomyces cerevisiae</i>.
PMC8211232,PLoS One,2021,cc by,ok,3,2,0,0,1,dataset_large,numeric,CDK4/6 inhibition synergizes with inhibition of P21-Activated Kinases (PAKs) in lung cancer cell lines.
PMC8211846,Nat Commun,2021,cc by,ok,4,1,0,0,3,dataset_large,numeric,Identification of optimal dosing schedules of dacomitinib and osimertinib for a phase I/II trial in advanced EGFR-mutant non-small cell lung cancer.
PMC8241124,PLoS Biol,2021,cc by,ok,11,1,0,0,10,dataset_large,numeric,Comprehensive glycoproteomics shines new light on the complexity and extent of glycosylation in archaea.
PMC8460442,Genet Med,2021,cc by,ok,5,3,2,0,0,dataset_medium,mixed;numeric,Inherited duplications of PPP2R3B predispose to nevi and melanoma via a C21orf91-driven proliferative phenotype.
PMC8238510,Elife,2021,cc0,ok,22,6,3,0,11,dataset_medium,numeric;omics,Dependency of human and murine LKB1-inactivated lung cancer on aberrant CRTC-CREB activation.
PMC8267600,Mol Metab,2021,cc by-nc-nd,ok,4,2,2,0,0,dataset_medium,mixed;numeric,Ovarian cancer modulates the immunosuppressive function of CD11b<sup>+</sup>Gr1<sup>+</sup> myeloid cells via glutamine metabolism.
PMC8209044,Nat Commun,2021,cc by,ok,7,3,0,0,3,dataset_large,omics,Limited survival and impaired hepatic fasting metabolism in mice with constitutive Rag GTPase signaling.
PMC8206155,Nat Commun,2021,cc by,ok,3,0,1,0,2,small_table,,iPLA2β-mediated lipid detoxification controls p53-driven ferroptosis independent of GPX4.
PMC8206133,Nat Commun,2021,cc by,ok,3,1,0,0,2,dataset_medium,numeric,Inhibition of the DNA damage response phosphatase PPM1D reprograms neutrophils to enhance anti-tumor immune responses.
PMC8262941,mBio,2021,cc by,ok,8,1,0,0,7,dataset_large,omics,Deacylated tRNA Accumulation Is a Trigger for Bacterial Antibiotic Persistence Independent of the Stringent Response.
PMC8525888,Cell Rep Methods,2021,cc by-nc-nd,ok,6,4,0,0,2,dataset_medium,mixed;numeric;omics,"Targeted mass spectrometry-based assays enable multiplex quantification of receptor tyrosine kinase, MAP Kinase, and AKT signaling."
PMC8211653,Nat Commun,2021,cc by,ok,6,2,0,0,4,dataset_large,numeric;omics,Polθ inhibitors elicit BRCA-gene synthetic lethality and target PARP inhibitor resistance.
PMC8328084,JCI Insight,2021,cc by,ok,4,2,0,0,2,dataset_large,numeric;omics,Colorectal cancer cells utilize autophagy to maintain mitochondrial metabolism for cell proliferation under nutrient stress.
PMC8207569,J Neuroinflammation,2021,cc by,ok,2,1,0,0,0,dataset_large,omics,Microglia RAGE exacerbates the progression of neurodegeneration within the SOD1<sup>G93A</sup> murine model of amyotrophic lateral sclerosis in a sex-dependent manner.
PMC8424128,Mol Ther Oncolytics,2021,cc by-nc-nd,ok,3,2,1,0,0,dataset_large,mixed;numeric,Diversity in responses to oncolytic Lassa-vesicular stomatitis virus in patient-derived glioblastoma cells.
PMC8196523,Breast Cancer Res,2021,cc by,ok,2,1,0,0,1,dataset_medium,clinical,The small G-protein RalA promotes progression and metastasis of triple-negative breast cancer.
PMC8213918,EBioMedicine,2021,cc by-nc-nd,ok,3,1,0,0,2,dataset_medium,mixed,"A novel CRISPR-based malaria diagnostic capable of Plasmodium detection, species differentiation, and drug-resistance genotyping."
PMC8191884,PLoS One,2021,cc by,ok,9,1,2,0,4,dataset_medium,numeric,Seroprevalence of anti-SARS-CoV-2 IgG antibodies in the staff of a public school system in the midwestern United States.
PMC8195618,PLoS One,2021,cc by,ok,7,4,1,0,1,dataset_large,mixed;omics,Co-expression analysis identifies neuro-inflammation as a driver of sensory neuron aging in Aplysia californica.
PMC8192907,Nat Commun,2021,cc by,ok,4,1,0,0,3,dataset_medium,numeric,Antibody-drug conjugates with dual payloads for combating breast tumor heterogeneity and drug resistance.
PMC8460445,Genet Med,2021,cc by,ok,2,1,0,0,1,dataset_medium,numeric,The predictive ability of the 313 variant-based polygenic risk score for contralateral breast cancer risk prediction in women of European ancestry with a heterozygous BRCA1 or BRCA2 pathogenic variant.
PMC8222781,Front Mol Biosci,2021,cc by,ok,7,3,3,0,0,dataset_large,mixed,A Tale of Loops and Tails: The Role of Intrinsically Disordered Protein Regions in R-Loop Recognition and Phase Separation.
PMC8256815,J Proteome Res,2021,cc by-nc-nd,ok,5,2,2,0,1,dataset_large,numeric;omics,Levetiracetam Treatment Normalizes Levels of Presynaptic Endocytosis Machinery and Restores Nonamyloidogenic APP Processing in <i>App</i> Knock-in Mice.
PMC8192008,PLoS One,2021,cc by,ok,9,2,5,0,2,dataset_large,omics,Personalized tumor-specific DNA junctions to detect circulating tumor in patients with endometrial cancer.
PMC8808363,Clin Cancer Res,2021,cc by-nc-nd,ok,7,2,2,0,3,dataset_medium,mixed;numeric,Characteristics and Spatially Defined Immune (micro)landscapes of Early-stage PD-L1-positive Triple-negative Breast Cancer.
PMC8220202,Front Genet,2021,cc by,ok,4,4,0,0,0,dataset_large,omics,Recurring Translocations in Barrett's Esophageal Adenocarcinoma.
PMC8188791,Genome Biol,2021,cc by,ok,3,1,1,0,1,dataset_large,numeric,BUTTERFLY: addressing the pooled amplification paradox with unique molecular identifiers in single-cell RNA-seq.
PMC8184766,Nat Commun,2021,cc by,ok,7,5,0,0,2,dataset_large,mixed;omics,B cell signatures and tertiary lymphoid structures contribute to outcome in head and neck squamous cell carcinoma.
PMC8192524,NPJ Precis Oncol,2021,cc by,ok,11,5,4,0,2,dataset_medium,mixed;numeric;omics,Overcoming resistance to BRAF&lt;sup&gt;V600E&lt;/sup&gt; inhibition in melanoma by deciphering and targeting personalized protein network alterations.
PMC8324889,Cell Res,2021,cc by,ok,19,5,2,0,12,dataset_large,mixed;numeric;omics,RNA m<sup>6</sup>A modification orchestrates a LINE-1-host interaction that facilitates retrotransposition and contributes to long gene vulnerability.
PMC8366454,EMBO Rep,2021,cc by-nc-nd,ok,17,0,2,0,4,small_table,,MICAL2PV suppresses the formation of tunneling nanotubes and modulates mitochondrial trafficking.
PMC8187342,Nat Commun,2021,cc by,ok,3,1,0,0,2,dataset_medium,numeric,Synergistic immunotherapy of glioblastoma by dual targeting of IL-6 and CD40.
PMC8342576,Oncologist,2021,cc by-nc-nd,ok,2,0,1,0,1,small_table,,Economic Evaluations of Breast Cancer Care in Low- and Middle-Income Countries: A Scoping Review.
PMC8185987,J Exp Med,2021,cc by-nc-sa,ok,3,2,1,0,0,dataset_large,mixed;numeric,Foxp3 enhancers synergize to maximize regulatory T cell suppressive capacity.
PMC8184753,Nat Commun,2021,cc by,too_large,0,0,0,0,0,no_supp_retrieved,,Suppression of tumor-associated neutrophils by lorlatinib attenuates pancreatic cancer growth and improves treatment with immune checkpoint blockade.
PMC8184761,Nat Commun,2021,cc by,too_large,0,0,0,0,0,no_supp_retrieved,,Deep learning boosts sensitivity of mass spectrometry-based immunopeptidomics.
PMC8187931,Neoplasia,2021,cc by-nc-nd,ok,2,0,1,0,1,small_table,,Naproxen inhibits spontaneous lung adenocarcinoma formation in Kras&lt;sup&gt;G12V&lt;/sup&gt; mice.
PMC8175728,Nat Commun,2021,cc by,ok,8,3,0,0,4,dataset_medium,mixed;numeric,Establishment of a fluorescent reporter of RNA-polymerase II activity to identify dormant cells.
PMC8188056,Mol Cell Proteomics,2021,cc by,ok,4,3,0,0,1,dataset_large,mixed;numeric,Evaluation and Refinement of Sample Preparation Methods for Extracellular Matrix Proteome Coverage.
PMC8256817,J Proteome Res,2021,cc by-nc-nd,ok,9,5,2,0,1,dataset_large,mixed;numeric;omics,Mapping Proximity Associations of Core Spindle Assembly Checkpoint Proteins.
PMC8177490,PLoS One,2021,cc by,ok,2,1,0,0,1,dataset_medium,numeric,TRPM8 modulates temperature regulation in a sex-dependent manner without affecting cold-induced bone loss.
PMC8192727,Neoplasia,2021,cc by-nc-nd,ok,2,0,1,0,1,small_table,,Lysyl hydroxylase 2-induced collagen cross-link switching promotes metastasis in head and neck squamous cell carcinomas.
PMC8170989,Genome Biol,2021,cc by,ok,25,17,4,0,2,dataset_large,mixed;numeric;omics,Highly recurrent CBS epimutations in gastric cancer CpG island methylator phenotypes and inflammation.
PMC8179151,Proc Natl Acad Sci U S A,2021,cc by-nc-nd,ok,11,8,2,0,1,dataset_large,omics,Genetic mechanisms of HLA-I loss and immune escape in diffuse large B cell lymphoma.
PMC8172904,Commun Biol,2021,cc by,ok,5,1,0,0,4,dataset_large,numeric,Mammary cell gene expression atlas links epithelial cell remodeling events to breast carcinogenesis.
PMC8212411,J Immunother Cancer,2021,cc by,ok,2,1,0,0,1,dataset_medium,mixed,IL-6 contributes to metastatic switch via the differentiation of monocytic-dendritic progenitors into prometastatic immune cells.
PMC8166214,Mol Syst Biol,2021,cc by,ok,8,4,0,0,4,dataset_medium,numeric,Joint cell segmentation and cell type annotation for spatial transcriptomics.
PMC8167833,Genome Med,2021,cc by,ok,6,2,2,0,2,dataset_medium,mixed;omics,Detection of cryptogenic malignancies from metagenomic whole genome sequencing of body fluids.
PMC8214680,Proc Natl Acad Sci U S A,2021,cc by-nc-nd,ok,5,2,2,0,1,dataset_medium,numeric;omics,"Single-cell analyses of renal cell cancers reveal insights into tumor microenvironment, cell of origin, and therapy response."
PMC8547038,Nat Cancer,2021,,ok,1,0,0,0,0,no_tabular_data,,Serial single-cell genomics reveals convergent subclonal evolution of resistance as early-stage breast cancer patients progress on endocrine plus CDK4/6 therapy.
PMC8094119,J Exp Med,2021,cc by-nc-sa,ok,1,1,0,0,0,dataset_medium,mixed,Chronic interleukin-1 exposure triggers selection for Cebpa-knockout multipotent hematopoietic progenitors.
PMC8174685,PLoS One,2021,cc by,ok,8,1,3,0,4,dataset_large,numeric,Prevalence and factors associated with NAFLD detected by vibration controlled transient elastography among US adults: Results from NHANES 2017-2018.
PMC9208909,Cell Rep,2021,cc by,ok,1,0,0,0,0,no_tabular_data,,Using graph convolutional neural networks to learn a representation for glycans.
PMC8175744,Commun Biol,2021,cc by,ok,4,0,1,0,3,small_table,,SARS-CoV-2 proteins and anti-COVID-19 drugs induce lytic reactivation of an oncogenic virus.
PMC8165771,Genome Med,2021,cc by,ok,4,2,1,0,1,dataset_large,numeric;omics,Tumor fraction-guided cell-free DNA profiling in metastatic solid tumor patients.
PMC7610958,Nat Genet,2021,,ok,3,1,1,0,1,dataset_large,numeric,The trans-ancestral genomic architecture of glycemic traits.
PMC8166126,BMC Med Genomics,2021,cc by,ok,10,3,0,0,7,dataset_large,clinical;omics,Exonic variants undergoing allele-specific selection in cancers.
PMC8173013,Commun Biol,2021,cc by,ok,5,1,0,0,4,dataset_medium,numeric,HTNV infection of CD8<sup>+</sup> T cells is associated with disease progression in HFRS patients.
PMC8169683,NPJ Breast Cancer,2021,cc by,ok,3,1,0,0,2,dataset_large,numeric,Whole-exome sequencing identifies somatic mutations and intratumor heterogeneity in inflammatory breast cancer.
PMC8056754,J Exp Med,2021,cc by-nc-sa,ok,6,6,0,0,0,dataset_large,mixed;numeric;omics,PU.1 enforces quiescence and limits hematopoietic stem cell expansion during inflammatory stress.
PMC8082439,J Cell Biol,2021,cc by-nc-sa,ok,10,2,0,0,0,dataset_medium,mixed,Tension promotes kinetochore-microtubule release by Aurora B kinase.
PMC8166913,Sci Rep,2021,cc by,ok,2,1,0,0,0,dataset_medium,mixed,Association of killer cell immunoglobulin-like receptors with endemic Burkitt lymphoma in Kenyan children.
PMC8165785,BMC Pediatr,2021,cc by,ok,2,2,0,0,0,dataset_large,mixed,Racial and ethnic disparities in opioid use for adolescents at US emergency departments.
PMC8167181,Nat Commun,2021,cc by,ok,10,1,0,0,4,dataset_large,mixed,Mechanically activated ion channel Piezo1 modulates macrophage polarization and stiffness sensing.
PMC8160575,J Exp Med,2021,cc by-nc-sa,ok,1,1,0,0,0,dataset_medium,mixed,Bromodomain protein BRD4 directs and sustains CD8 T cell differentiation during infection.
PMC8174751,Appl Environ Microbiol,2021,cc by,ok,4,1,2,0,1,dataset_large,mixed,Genes Encoding Microbial Acyl Coenzyme A Binding Protein/Diazepam-Binding Inhibitor Orthologs Are Rare in the Human Gut Microbiome and Show No Links to Obesity.
PMC8408559,Mol Ther Methods Clin Dev,2021,cc by-nc-nd,ok,3,1,2,0,0,dataset_large,numeric,Unique somatic variants in DNA from urine exosomes of individuals with bladder cancer.
PMC8760057,Mol Psychiatry,2021,cc by,ok,5,4,0,0,1,dataset_large,mixed;numeric;omics,"Intermittent fasting enhances long-term memory consolidation, adult hippocampal neurogenesis, and expression of longevity gene Klotho."
PMC8147417,BMC Biol,2021,cc by,ok,2,1,0,0,1,dataset_large,numeric,Single-cell transcriptomics reveals the effect of PD-L1/TGF-β blockade on the tumor microenvironment.
PMC8155808,J Exp Med,2021,cc by-nc-sa,ok,1,1,0,0,0,dataset_large,mixed,Sarco/endoplasmic reticulum Ca2+-ATPase (SERCA) activity is required for V(D)J recombination.
PMC8155814,J Cell Biol,2021,cc by-nc-sa,ok,2,0,1,0,1,small_table,,Mechanism of p38 MAPK-induced EGFR endocytosis and its crosstalk with ligand-induced pathways.
PMC8240026,Mol Cell Proteomics,2021,cc by,ok,6,4,1,0,1,dataset_large,numeric;omics,Quantitative Consequences of Protein Carriers in Immunopeptidomics and Tyrosine Phosphorylation MS<sup>2</sup> Analyses.
PMC8150437,Biomark Insights,2021,cc by-nc,ok,1,1,0,0,0,dataset_medium,numeric,Extracellular Vesicle Proteome of Breast Cancer Patients with and Without Cognitive Impairment Following Anthracycline-based Chemotherapy: An Exploratory Study.
PMC8144574,Transl Psychiatry,2021,cc by,ok,6,3,2,0,1,dataset_medium,numeric;omics,Mapping the transcriptomics landscape of post-traumatic stress disorder symptom dimensions in World Trade Center responders.
PMC8160338,Nat Commun,2021,cc by,ok,8,4,1,0,3,dataset_large,mixed;numeric,Cell-free DNA captures tumor heterogeneity and driver alterations in rapid autopsies with pre-treated metastatic cancer.
PMC8144406,Nat Commun,2021,cc by,ok,6,2,1,0,3,dataset_large,mixed;omics,Evolution of core archetypal phenotypes in progressive high grade serous ovarian cancer.
PMC9543443,Cytometry A,2021,cc by-nc,ok,1,1,0,0,0,dataset_large,numeric,Sheath fluid impacts the depletion of cellular metabolites in cells afflicted by sorting induced cellular stress (SICS).
PMC8494224,Genome Res,2021,cc by,ok,8,5,0,0,1,dataset_large,numeric;omics,Characterizing spatial gene expression heterogeneity in spatially resolved single-cell transcriptomic data with nonuniform cellular densities.
PMC8146650,Clin Epigenetics,2021,cc by,ok,2,1,1,0,0,dataset_medium,mixed,Clinical and epigenetic features of colorectal cancer patients with somatic POLE proofreading mutations.
PMC8139980,Nat Commun,2021,cc by,ok,4,0,1,0,3,small_table,,Qki activates Srebp2-mediated cholesterol biosynthesis for maintenance of eye lens transparency.
PMC8144407,Nat Commun,2021,cc by,ok,5,1,0,0,4,dataset_medium,mixed,Mining mutation contexts across the cancer genome to map tumor site of origin.
PMC8170101,Data Brief,2021,cc by-nc-nd,ok,1,1,0,0,0,dataset_medium,numeric,Data on the identification of VRK2 as a mediator of PD-1 function.
PMC8144423,Nat Commun,2021,cc by,ok,9,5,0,0,4,dataset_large,numeric;omics,MPP8 is essential for sustaining self-renewal of ground-state pluripotent stem cells.
PMC8666096,Proteomics Clin Appl,2021,cc by,ok,1,0,0,0,0,no_tabular_data,,Proteomic discovery in sickle cell disease: Elevated neurogranin levels in children with sickle cell disease.
PMC8139976,Commun Biol,2021,cc by,ok,13,9,0,0,4,dataset_large,mixed;numeric,Cryptic developmental events determine medulloblastoma radiosensitivity and cellular heterogeneity without altering transcriptomic profile.
PMC8136103,Genome Med,2021,cc by,ok,2,1,0,0,1,dataset_medium,mixed,Modeling clonal structure over narrow time frames via circulating tumor DNA in metastatic breast cancer.
PMC8452491,Stem Cell Reports,2021,cc by,ok,9,1,0,0,2,dataset_medium,mixed,Increased tissue stiffness triggers contractile dysfunction and telomere shortening in dystrophic cardiomyocytes.
PMC8170131,Front Genet,2021,cc by,ok,3,2,0,0,1,dataset_medium,omics,"DNA Methylation, Deamination, and Translesion Synthesis Combine to Generate Footprint Mutations in Cancer Driver Genes in B-Cell Derived Lymphomas and Other Cancers."
PMC8134504,Nat Commun,2021,cc by,ok,12,2,3,0,4,dataset_large,numeric;omics,BAD regulates mammary gland morphogenesis by 4E-BP1-mediated control of localized translation in mouse and human models.
PMC8172241,Elife,2021,cc by,ok,2,1,0,0,1,dataset_large,numeric,Onset of taste bud cell renewal starts at birth and coincides with a shift in SHH function.
PMC8606012,Leukemia,2021,cc by,ok,2,1,0,0,1,dataset_medium,mixed,Genomic analysis of cellular hierarchy in acute myeloid leukemia using ultrasensitive LC-FACSeq.
PMC8136167,Genome Med,2021,cc by,ok,4,2,1,0,1,dataset_large,omics,Single-cell characterization of macrophages in glioblastoma reveals MARCO as a mesenchymal pro-tumor marker.
PMC8129077,Nat Commun,2021,cc by,ok,3,1,0,0,2,dataset_medium,numeric,NBR1 is a critical step in the repression of thermogenesis of p62-deficient adipocytes through PPARγ.
PMC8138012,Blood Cancer J,2021,cc by,ok,5,1,0,0,4,dataset_large,mixed,Superior efficacy of co-targeting GFI1/KDM1A and BRD4 against AML and post-MPN secondary AML cells.
PMC8137922,Nat Commun,2021,cc by,ok,13,6,2,0,4,dataset_large,mixed,High-throughput single-cell chromatin accessibility CRISPR screens enable unbiased identification of regulatory networks in cancer.
PMC8170307,Front Immunol,2021,cc by,ok,2,1,1,0,0,dataset_medium,omics,Highly Multiplexed Phenotyping of Immunoregulatory Proteins in the Tumor Microenvironment by CODEX Tissue Imaging.
PMC8134560,Sci Rep,2021,cc by,ok,2,0,2,0,0,small_table,,Monolingual and bilingual language networks in healthy subjects using functional MRI and graph theory.
PMC8149377,Cell Rep Med,2021,cc by,ok,5,3,1,0,1,dataset_medium,mixed;numeric;omics,Diverse immune response of DNA damage repair-deficient tumors.
PMC8128882,Nat Commun,2021,cc by,ok,4,1,0,0,2,dataset_medium,numeric,Microfluidic platform accelerates tissue processing into single cells for molecular analysis and primary culture models.
PMC8129091,Nat Commun,2021,cc by,ok,3,0,1,0,2,small_table,,Longitudinal in vivo imaging of acute neuropathology in a monkey model of Ebola virus infection.
PMC8368790,Mol Ther Nucleic Acids,2021,cc by,ok,3,1,0,0,2,dataset_medium,clinical,Protective effect of LNA-anti-miR-132 therapy on liver fibrosis in mice.
PMC8129124,NPJ Precis Oncol,2021,cc by,ok,5,1,3,0,1,dataset_medium,numeric,A tyrosine kinase inhibitor-induced interferon response positively associates with clinical response in EGFR-mutant lung cancer.
PMC8214146,Mol Cell Proteomics,2021,cc by,ok,1,1,0,0,0,dataset_large,mixed,GAGrank: Software for Glycosaminoglycan Sequence Ranking Using a Bipartite Graph Model.
PMC8121808,Nat Commun,2021,cc by,too_large,0,0,0,0,0,no_supp_retrieved,,Engineering T cells to enhance 3D migration through structurally and mechanically complex tumor microenvironments.
PMC8119502,Sci Rep,2021,cc by,ok,4,1,0,0,1,dataset_medium,numeric,Distinct roles of tumor associated mutations in collective cell migration.
PMC8120918,J Neuroinflammation,2021,cc by,ok,1,1,0,0,0,dataset_medium,mixed,Acute inflammatory profiles differ with sex and age after spinal cord injury.
PMC8118286,PLoS Comput Biol,2021,cc by,ok,3,1,0,0,2,dataset_medium,numeric,Global importance analysis: An interpretability method to quantify importance of genomic features in deep neural networks.
PMC8117642,BMC Bioinformatics,2021,cc by,ok,2,1,1,0,0,dataset_large,omics,CancerSiamese: one-shot learning for predicting primary and metastatic tumor types unseen during model training.
PMC8118699,Mol Ther,2021,cc by-nc-nd,ok,4,2,0,0,2,dataset_large,numeric,A SARS-CoV-2 targeted siRNA-nanoparticle therapy for COVID-19.
PMC8113232,Nat Commun,2021,cc by,ok,4,1,1,0,2,dataset_large,numeric,The histone variant H2A.W and linker histone H1 co-regulate heterochromatin accessibility and DNA methylation.
PMC8121950,Nat Commun,2021,cc by,ok,4,0,0,0,3,no_tabular_data,,Mitochondrial ATP fuels ABC transporter-mediated drug efflux in cancer chemoresistance.
PMC8113371,Cell Death Dis,2021,cc by,ok,2,1,0,0,1,dataset_medium,omics,EGFR phosphorylates HDAC1 to regulate its expression and anti-apoptotic function.
PMC8118107,Genome Biol,2021,cc by,ok,8,1,4,0,2,dataset_medium,mixed,Multi-omic profiling of lung and liver tumor microenvironments of metastatic pancreatic cancer reveals site-specific immune regulatory pathways.
PMC8113440,Nat Commun,2021,cc by,ok,3,1,0,0,2,dataset_large,mixed,Targeting Treg cells with GITR activation alleviates resistance to immunotherapy in murine glioblastomas.
PMC8119453,Sci Rep,2021,cc by,ok,5,3,1,1,0,dataset_large,mixed;numeric,Impact of aging on gene expression response to x-ray irradiation using mouse blood.
PMC8131731,Transl Oncol,2021,cc by-nc-nd,ok,1,0,1,0,0,small_table,,XPO1 inhibition with selinexor synergizes with proteasome inhibition in neuroblastoma by targeting nuclear export of IkB.
PMC8115078,Nat Commun,2021,cc by,ok,4,0,0,0,3,tables_only,,PD-1 suppresses TCR-CD8 cooperativity during T-cell antigen recognition.
PMC8114529,Genome Med,2021,cc by,ok,2,1,0,0,1,dataset_large,omics,Deconvolution of cell type-specific drug responses in human tumor tissue with single-cell RNA-seq.
PMC8380673,Environ Int,2021,cc by-nc-nd,ok,1,0,0,0,1,no_tabular_data,,Prioritizing cancer hazard assessments for IARC Monographs using an integrated approach of database fusion and text mining.
PMC8110775,Nat Commun,2021,cc by,ok,6,1,0,0,4,dataset_medium,omics,Leukemia stemness and co-occurring mutations drive resistance to IDH inhibitors in acute myeloid leukemia.
PMC8105337,Nat Commun,2021,cc by,ok,10,4,2,0,4,dataset_large,mixed;numeric;omics,Co-evolution of tumor and immune cells during progression of multiple myeloma.
PMC8104402,PLoS One,2021,cc by,ok,11,5,2,0,4,dataset_medium,mixed;numeric,"Quantifying the effects of multiple land management practices, land cover change, and wildfire on the California landscape carbon budget with an empirical model."
PMC8101030,Microbiome,2021,cc by,ok,5,3,1,0,0,dataset_large,numeric,"Diet, obesity, and the gut microbiome as determinants modulating metabolic outcomes in a non-human primate model."
PMC8390401,Clin Transl Oncol,2021,cc by,ok,2,2,0,0,0,dataset_medium,mixed;numeric,Aberrantly low STAT3 and STAT5 responses are associated with poor outcome and an inflammatory gene expression signature in pediatric acute myeloid leukemia.
PMC8096432,Elife,2021,cc by,ok,11,6,1,0,1,dataset_large,clinical;mixed;numeric,"Integrating taxonomic, functional, and strain-level profiling of diverse microbial communities with bioBakery 3."
PMC8105351,Nat Commun,2021,cc by,ok,11,7,0,0,4,dataset_large,mixed;numeric;omics,Selective sweep for an enhancer involucrin allele identifies skin barrier adaptation out of Africa.
PMC8100305,Nat Commun,2021,cc by,ok,4,1,0,0,3,dataset_medium,numeric,Mastocytosis-derived extracellular vesicles deliver miR-23a and miR-30a into pre-osteoblasts and prevent osteoblastogenesis and bone formation.
PMC8093591,Leukemia,2021,cc by,ok,2,0,1,0,1,small_table,,Hairy cell leukemia and COVID-19 adaptation of treatment guidelines.
PMC8134945,Patterns (N Y),2021,cc by-nc-nd,ok,4,1,0,0,3,dataset_medium,numeric,A community effort to identify and correct mislabeled samples in proteogenomic studies.
PMC8097060,Sci Rep,2021,cc by,too_large,0,0,0,0,0,no_supp_retrieved,,The genomic landscape of carcinomas with mucinous differentiation.
PMC8096837,Sci Rep,2021,cc by,ok,3,2,0,0,1,dataset_large,numeric;omics,Systematic integrated analyses of methylomic and transcriptomic impacts of early combined botanicals on estrogen receptor-negative mammary cancer.
PMC8094536,Genome Biol,2021,cc by,ok,10,8,0,0,2,dataset_large,mixed;numeric;omics,Role of epigenetics in unicellular to multicellular transition in Dictyostelium.
PMC8129874,JMIR Mhealth Uhealth,2021,cc by,ok,3,0,3,0,0,small_table,,The Effect of Sensor Placement and Number on Physical Activity Recognition and Energy Expenditure Estimation in Older Adults: Validation Study.
PMC8118544,PLoS Comput Biol,2021,cc by,ok,4,0,0,0,2,tables_only,,Modeling historic incidence trends implies early field cancerization in esophageal squamous cell carcinoma.
PMC8099862,Nat Commun,2021,cc by,ok,13,8,0,0,4,dataset_large,mixed;numeric;omics,A data-independent acquisition-based global phosphoproteomics system enables deep profiling.
PMC8091032,Cell Rep Med,2021,cc by-nc-nd,ok,7,1,1,0,4,dataset_large,omics,Divergent and self-reactive immune responses in the CNS of COVID-19 patients with neurological symptoms.
PMC8202068,Cell Rep,2021,cc by-nc-nd,ok,1,0,0,0,0,no_tabular_data,,A systematic analysis of signaling reactivation and drug resistance.
PMC8103939,J Immunother Cancer,2021,cc by-nc,ok,4,1,2,0,1,dataset_medium,numeric,Progesterone promotes immunomodulation and tumor development in the murine mammary gland.
PMC8333781,Mol Oncol,2021,cc by,ok,15,3,0,0,12,dataset_large,numeric;omics,Detection of phenotype-specific therapeutic vulnerabilities in breast cells using a CRISPR loss-of-function screen.
PMC8138267,Mol Syst Biol,2021,cc by,ok,5,2,0,0,2,dataset_large,numeric;omics,A method for benchmarking genetic screens reveals a predominant mitochondrial bias.
PMC8094096,Haematologica,2021,cc by-nc,ok,3,0,1,0,2,small_table,,Genotype-phenotype association and variant characterization in Diamond-Blackfan anemia caused by pathogenic variants in <i>RPL35A</i>.
PMC8087694,Nat Commun,2021,cc by,ok,4,1,0,0,3,dataset_large,numeric,Distinct circadian mechanisms govern cardiac rhythms and susceptibility to arrhythmia.
PMC8082814,Genome Biol,2021,cc by,ok,5,3,0,0,2,dataset_large,mixed;numeric;omics,The impact of cell type and context-dependent regulatory variants on human immune traits.
PMC8086286,J Transl Med,2021,cc by,ok,2,2,0,0,0,dataset_large,numeric,Expression and regulatory roles of lncRNAs in G-CIMP-low vs G-CIMP-high Glioma: an in-silico analysis.
PMC8088054,Genome Med,2021,cc by,ok,3,1,0,0,1,dataset_medium,numeric,Epigenome-wide association study of kidney function identifies trans-ethnic and ethnic-specific loci.
PMC8025243,J Exp Med,2021,cc by-nc-sa,ok,3,0,2,0,0,small_table,,Matrix compliance permits NF-κB activation to drive therapy resistance in breast cancer.
PMC8087005,PLoS One,2021,cc by,ok,2,0,0,0,0,tables_only,,How did beliefs and perceptions about e-cigarettes change after national news coverage of the EVALI outbreak?
PMC8121546,Elife,2021,cc by,ok,6,0,5,0,1,small_table,,IL-33 promotes innate lymphoid cell-dependent IFN-γ production required for innate immunity to &lt;i&gt;Toxoplasma gondii&lt;/i&gt;.
PMC8071842,Eur J Hum Genet,2021,cc by,ok,5,3,1,0,0,dataset_medium,mixed;numeric,Identifying challenges in neurofibromatosis: a modified Delphi procedure.
PMC8104964,Elife,2021,cc by,ok,5,4,0,0,1,dataset_medium,mixed;numeric,CRISPR-based functional genomics in human dendritic cells.
PMC8292583,Gut,2021,cc by-nc,ok,1,1,0,0,0,dataset_medium,mixed,Therapeutic potential of microbial modulation in pancreatic cancer.
PMC8086312,Genome Med,2021,cc by,ok,15,2,9,0,1,dataset_medium,mixed;omics,Evaluating the transcriptional fidelity of cancer models.
PMC8079361,Commun Biol,2021,cc by,ok,19,10,4,0,5,dataset_large,mixed;numeric;omics,Targeted transcriptome analysis using synthetic long read sequencing uncovers isoform reprograming in the progression of colon cancer.
PMC8166646,Mol Ther Methods Clin Dev,2021,cc by-nc-nd,ok,3,0,1,0,2,small_table,,Targeting the &lt;i&gt;Apoa1&lt;/i&gt; locus for liver-directed gene therapy.
PMC8075847,J Autoimmun,2021,cc by,ok,1,0,0,0,0,no_tabular_data,,An autoantigen profile of human A549 lung cells reveals viral and host etiologic molecular attributes of autoimmunity in COVID-19.
PMC8065162,Nat Commun,2021,cc by,ok,4,1,0,0,3,dataset_large,mixed,Generation of a humanized Aβ expressing mouse demonstrating aspects of Alzheimer's disease-like pathology.
PMC8065161,NPJ Breast Cancer,2021,cc by,ok,3,1,0,0,2,dataset_medium,mixed,"Genetic interactions among Brca1, Brca2, Palb2, and Trp53 in mammary tumor development."
PMC8064583,PLoS One,2021,cc by,ok,9,1,3,0,5,dataset_medium,omics,Understanding the impact of high-risk human papillomavirus on oropharyngeal squamous cell carcinomas in Taiwan: A retrospective cohort study.
PMC8065112,Nat Commun,2021,cc by,ok,5,1,0,0,4,dataset_large,omics,Genomic profile of advanced breast cancer in circulating tumour DNA.
PMC8059244,Genome Med,2021,cc by,ok,3,0,1,0,2,small_table,,Optimized polyepitope neoantigen DNA vaccines elicit neoantigen-specific immune responses in preclinical models and in clinical translation.
PMC8059840,PLoS One,2021,cc by,ok,2,0,1,0,1,small_table,,Spatial clustering of CD68+ tumor associated macrophages with tumor cells is associated with worse overall survival in metastatic clear cell renal cell carcinoma.
PMC8058088,Nat Commun,2021,cc by,ok,5,0,2,0,3,small_table,,Suppression of pancreatic ductal adenocarcinoma growth and metastasis by fibrillar collagens produced selectively by tumor cells.
PMC8065171,Nat Commun,2021,cc by,ok,4,0,0,0,3,no_tabular_data,,MicroRNA-146a limits tumorigenic inflammation in colorectal cancer.
PMC8165452,Mol Cell Proteomics,2021,cc by-nc-nd,ok,1,0,1,0,0,small_table,,Feature Selection Methods for Protein Biomarker Discovery from Proteomics or Multiomics Data.
PMC8065141,Nat Commun,2021,cc by,ok,11,8,0,0,3,dataset_large,mixed;numeric,Protein design and variant prediction using autoregressive generative models.
PMC8062674,Nat Commun,2021,cc by,ok,5,1,1,0,3,dataset_medium,numeric,Disruption of the HER3-PI3K-mTOR oncogenic signaling axis and PD-1 blockade as a multimodal precision immunotherapy in head and neck cancer.
PMC8056587,BMC Bioinformatics,2021,cc by,ok,3,1,0,0,2,dataset_large,omics,Correlation AnalyzeR: functional predictions from gene co-expression correlations.
PMC8724636,Mol Cell Proteomics,2021,cc by,ok,14,9,2,0,3,dataset_large,omics,In-depth Site-specific Analysis of N-glycoproteome in Human Cerebrospinal Fluid and Glycosylation Landscape Changes in Alzheimer's Disease.
PMC8111681,iScience,2021,cc by,ok,15,9,2,0,1,dataset_large,clinical;mixed;numeric;omics,A network approach reveals driver genes associated with survival of patients with triple-negative breast cancer.
PMC8055881,Nat Commun,2021,cc by,ok,5,1,0,0,4,dataset_large,numeric,Spatially interacting phosphorylation sites and mutations in cancer.
PMC8082263,STAR Protoc,2021,cc by,ok,2,2,0,0,0,dataset_large,mixed;omics,Integrative modeling identifies genetic ancestry-associated molecular correlates in human cancer.
PMC8052417,Sci Rep,2021,cc by,ok,3,1,0,0,1,dataset_medium,numeric,Data valuation for medical imaging using Shapley value and application to a large-scale chest X-ray dataset.
PMC8050328,Commun Biol,2021,cc by,too_large,0,0,0,0,0,no_supp_retrieved,,An in vitro tumorigenesis model based on live-cell-generated oxygen and nutrient gradients.
PMC8051109,BMC Biol,2021,cc by,ok,3,2,0,0,1,dataset_large,mixed;omics,Chronic temperature stress inhibits reproduction and disrupts endocytosis via chaperone titration in Caenorhabditis elegans.
PMC8050049,Sci Rep,2021,cc by,ok,6,4,1,0,1,dataset_large,numeric;omics,"Novel, non-invasive markers for detecting therapy induced neuroendocrine differentiation in castration-resistant prostate cancer patients."
PMC8370714,Nat Biomed Eng,2021,,ok,1,0,0,0,0,no_tabular_data,,Converging genetic and epigenetic drivers of paediatric acute lymphoblastic leukaemia identified by an information-theoretic analysis.
PMC8050259,Nat Commun,2021,cc by,ok,3,1,0,0,2,dataset_large,numeric,SOD1 regulates ribosome biogenesis in KRAS mutant non-small cell lung cancer.
PMC8048365,Genome Biol,2021,cc by,ok,17,10,4,0,1,dataset_large,mixed;numeric,Subtype-associated epigenomic landscape and 3D genome structure in bladder cancer.
PMC8043752,Elife,2021,cc by,ok,12,8,2,0,1,dataset_medium,numeric,Cell competition removes segmental aneuploid cells from &lt;i&gt;Drosophila&lt;/i&gt; imaginal disc-derived tissues based on ribosomal protein gene dose.
PMC8052320,Sci Rep,2021,cc by,ok,3,1,0,0,2,dataset_medium,numeric,Reconcile the debate over protective effects of BCG vaccine against COVID-19.
PMC8051804,PLoS One,2021,cc by,ok,2,1,0,0,1,dataset_large,mixed,Impact of smoke-free ordinance strength on smoking prevalence and lung cancer incidence.
PMC8057271,Oncotarget,2021,cc by,ok,2,1,0,0,1,dataset_medium,omics,"Prognostic and therapeutic value of the Hippo pathway, RABL6A, and p53-MDM2 axes in sarcomas."
PMC8104114,J Virol,2021,cc by,ok,3,2,0,0,1,dataset_medium,numeric,Proximity Biotin Labeling Reveals Kaposi's Sarcoma-Associated Herpesvirus Interferon Regulatory Factor Networks.
PMC8079021,PLoS Genet,2021,cc by,ok,13,7,0,0,6,dataset_large,numeric;omics,Dynamic post-transcriptional regulation by Mrn1 links cell wall homeostasis to mitochondrial structure and function.
PMC8042017,NPJ Precis Oncol,2021,cc by,ok,3,1,0,0,2,dataset_medium,mixed,Clinical application of a lung cancer organoid (tumoroid) culture system.
PMC8054161,EBioMedicine,2021,cc by,ok,4,3,1,0,0,dataset_medium,clinical;omics,Metabolomic profiling of pancreatic adenocarcinoma reveals key features driving clinical outcome and drug resistance.
PMC8063205,Front Artif Intell,2021,cc by,ok,3,0,0,0,2,tables_only,,Computed Tomography Radiomics Kinetics as Early Imaging Correlates of Osteoradionecrosis in Oropharyngeal Cancer Patients.
PMC8096790,Mol Oncol,2021,cc by,ok,2,1,0,0,1,dataset_large,omics,Mitochondrial STAT3 regulates antioxidant gene expression through complex I-derived NAD in triple negative breast cancer.
PMC8041803,Nat Commun,2021,cc by,ok,4,1,0,0,3,dataset_medium,numeric,Reciprocal regulation of RIG-I and XRCC4 connects DNA repair with RIG-I immune signaling.
PMC8057593,PLoS Genet,2021,cc by,ok,8,3,3,0,2,dataset_large,numeric,Leveraging expression from multiple tissues using sparse canonical correlation analysis and aggregate tests improves the power of transcriptome-wide association studies.
PMC8032397,Elife,2021,cc0,ok,10,4,2,0,2,dataset_medium,mixed;numeric;omics,"CEM500K, a large-scale heterogeneous unlabeled cellular electron microscopy image dataset for deep learning."
PMC8028178,Arthritis Res Ther,2021,cc by,ok,1,1,0,0,0,dataset_large,numeric,Periostin loss-of-function protects mice from post-traumatic and age-related osteoarthritis.
PMC8055010,PLoS Pathog,2021,cc0,ok,13,1,1,0,8,dataset_large,omics,Integration in oncogenes plays only a minor role in determining the in vivo distribution of HIV integration sites before or during suppressive antiretroviral therapy.
PMC8035231,Nat Cell Biol,2021,,ok,1,0,0,0,0,no_tabular_data,,Liquid-like protein interactions catalyse assembly of endocytic vesicles.
PMC8049496,PLoS Comput Biol,2021,cc by,ok,46,2,0,40,3,dataset_medium,mixed,ORN: Inferring patient-specific dysregulation status of pathway modules in cancer with OR-gate Network.
PMC8021156,PLoS One,2021,cc by,ok,1,1,0,0,0,dataset_large,numeric,Sizing of airborne particles in an operating room.
PMC8021191,PLoS One,2021,cc by,ok,7,3,2,0,1,dataset_large,numeric;omics,A bioinformatic analysis of the inhibin-betaglycan-endoglin/CD105 network reveals prognostic value in multiple solid tumors.
PMC8119183,JCI Insight,2021,cc by,ok,4,0,3,0,1,small_table,,A global live cell barcoding approach for multiplexed mass cytometry profiling of mouse tumors.
PMC8027843,Nat Commun,2021,cc by,ok,3,0,0,0,2,no_tabular_data,,Structural variant evolution after telomere crisis.
PMC8026051,PLoS One,2021,cc by,ok,15,3,7,0,3,dataset_medium,mixed,Identifying treatment options for BRAFV600 wild-type metastatic melanoma: A SU2C/MRA genomics-enabled clinical trial.
PMC8024334,Nat Commun,2021,cc by,ok,4,1,0,0,3,dataset_medium,numeric,Lipocalin 2 mediates appetite suppression during pancreatic cancer cachexia.
PMC8102067,Elife,2021,cc by,ok,9,8,0,0,1,dataset_large,mixed;numeric;omics,An NKX2-1/ERK/WNT feedback loop modulates gastric identity and response to targeted therapy in lung adenocarcinoma.
PMC8024392,Nat Commun,2021,cc by,ok,11,0,1,0,4,small_table,,Normal tissue architecture determines the evolutionary course of cancer.
PMC8131922,Mol Cell Proteomics,2021,cc by,ok,14,10,3,0,1,dataset_large,mixed;omics,IonQuant Enables Accurate and Sensitive Label-Free Quantification With FDR-Controlled Match-Between-Runs.
PMC8017006,Sci Rep,2021,cc by,ok,2,1,0,0,1,dataset_medium,omics,Transcriptome analysis of human dermal fibroblasts following red light phototherapy.
PMC7845919,J Exp Med,2021,cc by,ok,2,1,1,0,0,dataset_medium,numeric,Persistent cellular immunity to SARS-CoV-2 infection.
PMC8111069,Data Brief,2021,cc by-nc-nd,ok,2,2,0,0,0,dataset_medium,mixed,A comprehensive dataset of microRNA misexpression phenotypes in the <i>Drosophila</i> eye.
PMC8017013,Nat Commun,2021,cc by,ok,7,2,2,0,3,dataset_medium,mixed;numeric,Presence of complete murine viral genome sequences in patient-derived xenografts.
PMC8044451,Front Oncol,2021,cc by,ok,6,3,2,0,1,dataset_large,mixed;omics,Algorithm-Based Meta-Analysis Reveals the Mechanistic Interaction of the Tumor Suppressor LIMD1 With Non-Small-Cell Lung Carcinoma.
PMC8012658,Commun Biol,2021,cc by,ok,5,1,0,0,4,dataset_medium,mixed,Evidence for continuity of interstitial spaces across tissue and organ boundaries in humans.
PMC8009363,PLoS One,2021,cc by,ok,7,4,0,0,3,dataset_medium,numeric,Differential methylation and expression patterns of microRNAs in relation to breast cancer subtypes among American women of African and European ancestry.
PMC8046344,PLoS Genet,2021,cc by,ok,5,1,0,0,4,dataset_medium,numeric,Extracellular spreading of Wingless is required for Drosophila oogenesis.
PMC8092207,mBio,2021,cc by,ok,9,2,0,0,7,dataset_medium,omics,The DnaK Chaperone System Buffers the Fitness Cost of Antibiotic Resistance Mutations in Mycobacteria.
PMC8072215,Proc Natl Acad Sci U S A,2021,cc by-nc-nd,ok,4,3,0,0,1,dataset_large,numeric;omics,"Dnmt3a deficiency in the skin causes focal, canonical DNA hypomethylation and a cellular proliferation phenotype."
PMC7933991,J Exp Med,2021,cc by-nc-sa,ok,6,3,2,0,1,dataset_large,omics,Circulating clonally expanded T cells reflect functions of tumor-infiltrating T cells.
PMC8007816,Sci Rep,2021,cc by,ok,3,1,0,0,1,dataset_medium,omics,Sensitivity of cells to ATR and CHK1 inhibitors requires hyperactivation of CDK2 rather than endogenous replication stress or ATM dysfunction.
PMC8092598,Proc Natl Acad Sci U S A,2021,cc by,ok,3,3,0,0,0,dataset_large,omics,ORF10-Cullin-2-ZYG11B complex is not required for SARS-CoV-2 infection.
PMC8195153,Cell Rep,2021,cc by-nc-nd,ok,1,0,0,0,1,no_tabular_data,,Merged Affinity Network Association Clustering: Joint multi-omic/clinical clustering to identify disease endotypes.
PMC8026912,Transl Oncol,2021,cc by-nc-nd,ok,2,0,1,0,1,small_table,,A clinical and molecular portrait of non-metastatic anal squamous cell carcinoma.
PMC7997930,Commun Biol,2021,cc by,ok,8,5,1,0,2,dataset_large,numeric,Inhibiting LXRα phosphorylation in hematopoietic cells reduces inflammation and attenuates atherosclerosis and obesity in mice.
PMC7997923,Nat Commun,2021,cc by,ok,11,1,0,0,4,dataset_medium,numeric,A noninvasive fluorescence imaging-based platform measures 3D anisotropic extracellular diffusion.
PMC8317795,Eur Urol Open Sci,2021,cc by-nc-nd,ok,1,0,1,0,0,small_table,,Health Economic Evidence for Liquid- and Tissue-based Molecular Tests that Inform Decisions on Prostate Biopsies and Treatment of Localised Prostate Cancer: A Systematic Review.
PMC7997928,Nat Commun,2021,cc by,ok,4,1,0,0,3,dataset_medium,numeric,Oncolytic virotherapy induced CSDE1 neo-antigenesis restricts VSV replication but can be targeted by immunotherapy.
PMC7997900,Nat Commun,2021,cc by,ok,4,1,0,0,3,dataset_large,numeric,Enzymatic enhancing of triplet-triplet annihilation upconversion by breaking oxygen quenching for background-free biological sensing.
PMC7998003,Nat Commun,2021,cc by,ok,3,1,0,0,2,dataset_large,numeric,Overcoming the inhibitory microenvironment surrounding oligodendrocyte progenitor cells following experimental demyelination.
PMC7995587,Trials,2021,cc by,ok,3,0,2,0,1,small_table,,Hematologists' barriers and enablers to screening and recruiting patients to a chimeric antigen receptor (CAR) T cell therapy trial: a theory-informed interview study.
PMC8024915,EBioMedicine,2021,cc by-nc-nd,ok,7,4,2,0,1,dataset_large,omics,A human ACTH-secreting corticotroph tumoroid model: Novel Human ACTH-Secreting Tumor Cell in vitro Model.
PMC8087183,Nat Immunol,2021,,ok,1,0,0,0,0,no_tabular_data,,Multi-omics analyses reveal that HIV-1 alters CD4<sup>+</sup> T cell immunometabolism to fuel virus replication.
PMC7994570,Nat Commun,2021,cc by,ok,4,1,0,0,3,dataset_large,numeric,Viral infection of cells within the tumor microenvironment mediates antitumor immunotherapy via selective TBK1-IRF3 signaling.
PMC8015718,Genes Dev,2021,cc by-nc,ok,10,4,3,0,2,dataset_large,numeric;omics,<i>RAD21</i> is a driver of chromosome 8 gain in Ewing sarcoma to mitigate replication stress.
PMC8045781,Nat Cancer,2021,,ok,1,0,0,0,0,no_tabular_data,,The Metabolic Landscape of RAS-Driven Cancers from biology to therapy.
PMC8009098,ACS Cent Sci,2021,cc by,ok,2,1,0,0,1,dataset_large,omics,Synthetic Siglec-9 Agonists Inhibit Neutrophil Activation Associated with COVID-19.
PMC8044432,iScience,2021,cc by,ok,8,1,3,0,1,dataset_medium,mixed,NASA GeneLab RNA-seq consensus pipeline: standardized processing of short-read RNA-seq data.
PMC8081993,Mol Metab,2021,cc by,ok,6,1,0,0,5,dataset_large,mixed,N-acylsphingosine amidohydrolase 1 promotes melanoma growth and metastasis by suppressing peroxisome biogenesis-induced ROS production.
PMC7985210,Nat Commun,2021,cc by,ok,5,1,0,0,3,dataset_large,numeric,The origins and genetic interactions of KRAS mutations are allele- and tissue-specific.
PMC8024022,Elife,2021,cc by,ok,37,6,17,0,7,dataset_medium,numeric;omics,Time-resolved phosphoproteomics reveals scaffolding and catalysis-responsive patterns of SHP2-dependent signaling.
PMC8080079,Mol Metab,2021,cc by-nc-nd,ok,2,1,1,0,0,dataset_medium,mixed,Ube2i deletion in adipocytes causes lipoatrophy in mice.
PMC7981925,BMC Bioinformatics,2021,cc by,ok,1,1,0,0,0,dataset_large,numeric,SVExpress: identifying gene features altered recurrently in expression with nearby structural variant breakpoints.
PMC7988150,Sci Rep,2021,cc by,ok,3,1,0,1,0,dataset_medium,omics,Selective time-dependent changes in activity and cell-specific gene expression in human postmortem brain.
PMC8724861,Mol Cell Proteomics,2021,cc by,ok,7,5,1,0,1,dataset_large,mixed;numeric;omics,Integrated Redox Proteomic Analysis Highlights New Mechanisms of Sensitivity to Silver Nanoparticles.
PMC8040110,Mol Ther Nucleic Acids,2021,cc by-nc-nd,ok,4,0,2,0,2,small_table,,Advancing peptide siRNA-carrier designs through L/D-amino acid stereochemical modifications to enhance gene silencing.
PMC8016270,PLoS Genet,2021,cc by,ok,7,2,2,0,2,dataset_medium,omics,DNA polymerase theta suppresses mitotic crossing over.
PMC8944243,Oncogene,2021,,ok,1,0,0,0,0,no_tabular_data,,Isolating and targeting the real-time plasticity and malignant properties of epithelial-mesenchymal transition in cancer.
PMC7979740,Commun Biol,2021,cc by,ok,8,4,0,0,4,dataset_medium,numeric,Oncolytic adeno-immunotherapy modulates the immune system enabling CAR T-cells to cure pancreatic tumors.
PMC7979764,Nat Commun,2021,cc by,ok,8,1,2,0,4,dataset_medium,omics,Spatiotemporal single-cell RNA sequencing of developing chicken hearts identifies interplay between cellular differentiation and morphogenesis.
PMC7985502,Cell Death Dis,2021,cc by,ok,2,1,0,0,1,dataset_medium,mixed,Non-canonical role of wild-type SEC23B in the cellular stress response pathway.
PMC7979776,Commun Biol,2021,cc by,ok,13,5,4,0,4,dataset_medium,mixed;numeric;omics,Myopathy associated LDB3 mutation causes Z-disc disassembly and protein aggregation through PKCα and TSC2-mTOR downregulation.
PMC8017319,Front Immunol,2021,cc by,ok,1,1,0,0,0,dataset_medium,numeric,HLA Alleles B&lt;sup&gt;*&lt;/sup&gt;53:01 and C&lt;sup&gt;*&lt;/sup&gt;06:02 Are Associated With Higher Risk of &lt;i&gt;P. falciparum&lt;/i&gt; Parasitemia in a Cohort in Uganda.
PMC7971549,PLoS Genet,2021,cc by,ok,18,14,2,0,1,dataset_large,mixed;numeric,Natural variation in the regulation of neurodevelopmental genes modifies flight performance in Drosophila.
PMC8016751,Nature,2021,,ok,5,1,0,0,4,dataset_medium,numeric,DNA-driven condensation assembles the meiotic DNA break machinery.
PMC7969954,Commun Biol,2021,cc by,ok,4,1,0,0,3,dataset_medium,numeric,Pol α-primase dependent nuclear localization of the mammalian CST complex.
PMC7968671,PLoS One,2021,cc by,ok,2,1,0,0,1,dataset_medium,omics,Waste generation and carbon emissions of a hospital kitchen in the US: Potential for waste diversion and carbon reductions.
PMC7983245,Cancer Inform,2021,cc by-nc,ok,2,1,0,0,1,dataset_medium,omics,Pan-Cancer Transcriptional Models Predicting Chemosensitivity in Human Tumors.
PMC8017264,Front Cell Dev Biol,2021,cc by,ok,9,5,0,0,1,dataset_large,numeric,An Esrrb and Nanog Cell Fate Regulatory Module Controlled by Feed Forward Loop Interactions.
PMC8068631,Hum Mutat,2021,cc by,ok,2,1,0,0,1,dataset_medium,omics,Comprehensive characterization of Alu-mediated breakpoints in germline VHL gene deletions and rearrangements in patients from 71 VHL families.
PMC8443683,Mol Psychiatry,2021,cc by,ok,17,12,4,0,1,dataset_large,numeric;omics,Autism-linked Cullin3 germline haploinsufficiency impacts cytoskeletal dynamics and cortical neurogenesis through RhoA signaling.
PMC7993998,Elife,2021,cc by,ok,24,0,17,0,4,small_table,,Prenatal methadone exposure disrupts behavioral development and alters motor neuron intrinsic properties and local circuitry.
PMC7956900,iScience,2021,cc by-nc-nd,ok,4,1,0,0,1,dataset_medium,mixed,Learning from HIV-1 to predict the immunogenicity of T cell epitopes in SARS-CoV-2.
PMC7969873,Cell Rep,2021,cc by,ok,5,0,2,0,1,small_table,,Antiviral drug screen identifies DNA-damage response inhibitor as potent blocker of SARS-CoV-2 replication.
PMC7966748,Sci Rep,2021,cc by,ok,2,1,0,0,1,dataset_medium,numeric,PIM kinases mediate resistance to cisplatin chemotherapy in hepatoblastoma.
PMC7963480,Elife,2021,cc by,ok,13,10,2,0,1,dataset_large,mixed;numeric;omics,Seroconversion stages COVID19 into distinct pathophysiological states.
PMC8079276,Mol Cell Proteomics,2021,cc by,ok,4,3,0,0,0,dataset_large,mixed;omics,Quantitative Proteomics Reveals that the OGT Interactome Is Remodeled in Response to Oxidative Stress.
PMC7961012,Nat Commun,2021,cc by,ok,1,0,1,0,0,small_table,,Publisher Correction: A neural m<sup>6</sup>A/Ythdf pathway is required for learning and memory in Drosophila.
PMC7955049,Nat Commun,2021,cc by,ok,10,1,3,0,3,dataset_medium,mixed,ADAR1 RNA editing enzyme regulates R-loop formation and genome stability at telomeres in cancer cells.
PMC8051743,J Cell Mol Med,2021,cc by,ok,2,1,0,0,1,dataset_medium,mixed,Theragnostic chromosomal rearrangements in treatment-naive pancreatic ductal adenocarcinomas obtained via endoscopic ultrasound.
PMC7956144,Oncogenesis,2021,cc by,ok,3,1,1,0,1,dataset_medium,numeric,USP19 modulates cancer cell migration and invasion and acts as a novel prognostic marker in patients with early breast cancer.
PMC8252414,J Pathol,2021,cc by-nc-nd,ok,6,1,2,0,1,dataset_medium,mixed,Serial genomic analysis of endometrium supports the existence of histologically indistinct endometrial cancer precursors.
PMC7943789,Nat Commun,2021,cc by,too_large,0,0,0,0,0,no_supp_retrieved,,Epigenetic modulation reveals differentiation state specificity of oncogene addiction.
PMC7943793,Nat Commun,2021,cc by,ok,8,4,0,0,4,dataset_medium,mixed;numeric;omics,A noncanonical AR addiction drives enzalutamide resistance in prostate cancer.
PMC8486151,HGG Adv,2021,cc by-nc-nd,ok,3,1,0,0,2,dataset_medium,numeric,Genetic discovery and risk characterization in type 2 diabetes across diverse populations.
PMC8096428,Elife,2021,cc by,ok,4,3,0,0,1,dataset_large,omics,Proteomic and transcriptomic profiling reveal different aspects of aging in the kidney.
PMC7951927,PLoS One,2021,cc by,ok,9,0,6,0,1,small_table,,A proteomics approach for the identification of cullin-9 (CUL9) related signaling pathways in induced pluripotent stem cell models.
PMC7951908,PLoS One,2021,cc by,ok,4,2,0,0,2,dataset_medium,mixed;numeric,A genomic variant of ALPK2 is associated with increased liver fibrosis risk in HIV/HCV coinfected women.
PMC7943581,Nat Commun,2021,cc by,ok,4,0,1,0,3,small_table,,Tumor-penetrating therapy for β5 integrin-rich pancreas cancer.
PMC7941989,BMC Bioinformatics,2021,cc by,ok,7,0,4,0,2,small_table,,Deep active learning for classifying cancer pathology reports.
PMC8474405,JTO Clin Res Rep,2021,cc by-nc-nd,ok,18,13,3,1,1,dataset_large,mixed;numeric;omics,Genomic and Transcriptomic Characterization of Relapsed SCLC Through Rapid Research Autopsy.
PMC7952727,Nat Commun,2021,cc by,ok,8,2,2,0,4,dataset_large,omics,mTORC1 couples cyst(e)ine availability with GPX4 protein synthesis and ferroptosis regulation.
PMC8550960,Leukemia,2021,cc by,ok,8,1,6,0,1,dataset_medium,mixed,Clinical characteristics and outcomes of B-ALL with ZNF384 rearrangements: a retrospective analysis by the Ponte di Legno Childhood ALL Working Group.
PMC8038973,Nat Genet,2021,,ok,1,0,0,0,1,no_tabular_data,,Identifying loci with different allele frequencies among cases of eight psychiatric disorders using CC-GWAS.
PMC7942011,Epigenetics Chromatin,2021,cc by,ok,2,0,0,0,1,no_tabular_data,,Stable DNMT3L overexpression in SH-SY5Y neurons recreates a facet of the genome-wide Down syndrome DNA methylation signature.
PMC7937230,BMC Cancer,2021,cc by,ok,2,1,0,0,1,dataset_large,numeric,Inhibition of ERAD synergizes with FTS to eradicate pancreatic cancer cells.
PMC8006202,Front Pharmacol,2021,cc by,ok,2,2,0,0,0,dataset_medium,numeric,Influence of YES1 Kinase and Tyrosine Phosphorylation on the Activity of OCT1.
PMC7933605,Lab Invest,2021,,ok,1,1,0,0,0,dataset_medium,mixed,GestAltNet: aggregation and attention to improve deep learning of gestational age from placental whole-slide images.
PMC8035334,Nat Methods,2021,,ok,1,0,0,0,0,no_tabular_data,,Deep learning-based point-scanning super-resolution imaging.
PMC7935873,Nat Commun,2021,cc by,ok,11,5,2,0,4,dataset_large,mixed;numeric;omics,A neural m<sup>6</sup>A/Ythdf pathway is required for learning and memory in Drosophila.
PMC7931673,Gastroenterology,2021,,ok,10,2,6,0,0,dataset_large,mixed;omics,Intestinal Host Response to SARS-CoV-2 Infection and COVID-19 Outcomes in Patients With Gastrointestinal Symptoms.
PMC7934477,Genome Biol,2021,cc by,ok,6,3,1,0,2,dataset_large,numeric;omics,Pluripotent stem cell-derived models of neurological diseases reveal early transcriptional heterogeneity.
PMC8022325,J Proteome Res,2021,cc by-nc-nd,ok,3,2,0,0,1,dataset_large,omics,Inflect: Optimizing Computational Workflows for Thermal Proteome Profiling Data Analysis.
PMC7930113,Nat Commun,2021,cc by,ok,11,6,0,0,3,dataset_large,mixed;numeric;omics,Global profiling of distinct cysteine redox forms reveals wide-ranging redox regulation in C. elegans.
PMC7930042,Sci Rep,2021,cc by,ok,2,1,0,0,1,dataset_medium,mixed,Cell-free DNA concentration and fragment size as a biomarker for prostate cancer.
PMC7941163,Redox Biol,2021,cc by-nc-nd,ok,3,2,0,0,1,dataset_medium,numeric;omics,Progression from Monoclonal gammopathy of undetermined significance of the immunoglobulin M class (IgM-MGUS) to Waldenstrom Macroglobulinemia is associated with an alteration in lipid metabolism.
PMC9402787,Genomics Proteomics Bioinformatics,2021,cc by-nc-nd,ok,13,2,3,0,6,dataset_large,numeric;omics,Differential Splicing of Skipped Exons Predicts Drug Response in Cancer Cell Lines.
PMC8217035,J Mammary Gland Biol Neoplasia,2021,cc by,ok,11,7,1,0,1,dataset_large,mixed;numeric;omics,Characterization of Gene Expression Signatures for the Identification of Cellular Heterogeneity in the Developing Mammary Gland.
PMC7995530,iScience,2021,cc by-nc-nd,ok,11,2,1,0,1,dataset_large,omics,Volume-constrained microcontainers enable myoepithelial functional differentiation in highly parallel mammary organoid culture.
PMC7908045,Clin Transl Med,2021,cc by,ok,3,1,0,0,2,dataset_medium,numeric,LRRK2 inhibition potentiates PARP inhibitor cytotoxicity through inhibiting homologous recombination-mediated DNA double strand break repair.
PMC7816628,J Cell Biol,2021,cc by-nc-sa,ok,5,1,2,0,1,dataset_medium,omics,Direct binding of ESCRT protein Chm7 to phosphatidic acid-rich membranes at nuclear envelope herniations.
PMC7988326,iScience,2021,cc by,ok,5,1,2,0,1,dataset_medium,numeric,Germline variants predictive of tumor mutational burden and immune checkpoint inhibitor efficacy.
PMC7933297,Sci Rep,2021,cc by,ok,3,1,0,0,2,dataset_medium,omics,Bayesian network-driven clustering analysis with feature selection for high-dimensional multi-modal molecular data.
PMC7924955,Elife,2021,cc by,ok,25,9,3,0,1,dataset_medium,mixed;numeric,Estrogen receptor alpha in the brain mediates tamoxifen-induced changes in physiology in mice.
PMC7930053,Nat Commun,2021,cc by,ok,11,5,1,0,3,dataset_large,numeric;omics,Antagonistic control of myofiber size and muscle protein quality control by the ubiquitin ligase UBR4 during aging.
PMC7930182,Nat Commun,2021,cc by,ok,5,2,0,0,2,dataset_large,numeric,T-cell CX3CR1 expression as a dynamic blood-based biomarker of response to immune checkpoint inhibitors.
PMC7925649,Sci Rep,2021,cc by,ok,2,1,0,0,1,dataset_large,mixed,Altered metabolic and inflammatory transcriptomics after cardiac surgery in neonates with congenital heart disease.
PMC7921383,Commun Biol,2021,cc by,ok,7,2,2,0,3,dataset_medium,numeric;omics,Surfactant-assisted one-pot sample preparation for label-free single-cell proteomics.
PMC8031731,J Bioinform Syst Biol,2021,cc by,ok,1,0,0,0,0,no_tabular_data,,Machine Learning and Systems Biology Approaches to Characterize Dosage-Based Gene Dependencies in Cancer Cells.
PMC7910485,Nat Commun,2021,cc by,ok,4,1,0,0,2,dataset_large,numeric,Comprehensive analysis of single cell ATAC-seq data with SnapATAC.
PMC8223655,Gut,2021,cc by-nc,ok,4,1,0,0,3,dataset_medium,mixed,Genetic architectures of proximal and distal colorectal cancer are partly distinct.
PMC7906411,PLoS One,2021,cc by,ok,2,1,0,0,1,dataset_medium,numeric,son is necessary for proper vertebrate blood development.
PMC7906371,PLoS One,2021,cc by,ok,8,2,0,0,6,dataset_large,numeric,A multi-omic investigation of male lower urinary tract symptoms: Potential role for JC virus.
PMC7903607,BMC Med Inform Decis Mak,2021,cc by,ok,7,4,2,0,0,dataset_large,mixed;numeric,Linking clinotypes to phenotypes and genotypes from laboratory test results in comprehensive physical exams.
PMC8102180,Leukemia,2021,cc by,ok,1,0,0,0,0,tables_only,,Disease monitoring with quantitative serum IgA levels provides a more reliable response assessment in multiple myeloma patients.
PMC7902609,Sci Rep,2021,cc by,ok,2,1,0,0,1,dataset_large,omics,Metabolic labeling with an alkyne probe reveals similarities and differences in the prenylomes of several brain-derived cell lines and primary cells.
PMC7910036,PLoS One,2021,cc0,ok,2,0,1,0,1,small_table,,Harnessing digital health to objectively assess cancer-related fatigue: The impact of fatigue on mobility performance.
PMC7904945,Sci Rep,2021,cc by,ok,2,0,1,0,1,small_table,,The impact of particulate electron paramagnetic resonance oxygen sensors on fluorodeoxyglucose imaging characteristics detected via positron emission tomography.
PMC7902824,Nat Commun,2021,cc by,ok,7,3,1,0,3,dataset_large,numeric,Facilitative lysosomal transport of bile acids alleviates ER stress in mouse hematopoietic precursors.
PMC7901082,Genome Biol,2021,cc by,ok,7,3,1,0,3,dataset_large,omics,MEDALT: single-cell copy number lineage tracing enabling gene discovery.
PMC8012210,Nat Genet,2021,cc by,ok,3,1,0,0,2,dataset_large,numeric,ArchR is a scalable software package for integrative single-cell chromatin accessibility analysis.
PMC7900251,Commun Biol,2021,cc by,ok,5,1,0,0,4,dataset_medium,omics,Gut microbiome diversity is an independent predictor of survival in cervical cancer patients receiving chemoradiation.
PMC7906305,PLoS Comput Biol,2021,cc by,ok,7,4,1,0,2,dataset_large,numeric,Impact of between-tissue differences on pan-cancer predictions of drug sensitivity.
PMC7895828,Cell Death Dis,2021,cc by,ok,4,1,0,0,3,dataset_large,omics,Distinct functions of transforming growth factor-β signaling in c-MYC driven hepatocellular carcinoma initiation and progression.
PMC8008494,Am J Hum Genet,2021,cc by,ok,3,1,0,0,2,dataset_medium,mixed,Strong functional data for pathogenicity or neutrality classify BRCA2 DNA-binding-domain variants of uncertain significance.
PMC8525497,Lab Chip,2021,cc by-nc,ok,14,0,1,0,1,small_table,,An in vitro vascularized micro-tumor model of human colorectal cancer recapitulates in vivo responses to standard-of-care therapy.
PMC7930394,Front Cell Dev Biol,2021,cc by,ok,1,0,1,0,0,small_table,,A Perspective of Epigenetic Regulation in Radiotherapy.
PMC7894395,J Med Internet Res,2021,cc by,ok,2,1,1,0,0,dataset_medium,numeric,Telemedicine Use and Health-Related Concerns of Patients With Chronic Conditions During COVID-19: Survey of Members of Online Health Communities.
PMC7892888,Nat Commun,2021,cc by,ok,11,0,1,0,3,small_table,,Acoustofluidic rotational tweezing enables high-speed contactless morphological phenotyping of zebrafish larvae.
PMC7889654,Nat Commun,2021,cc by,ok,16,11,1,0,4,dataset_medium,mixed;numeric,Population-specific causal disease effect sizes in functionally important regions impacted by selection.
PMC7888653,PLoS One,2021,cc by,ok,43,37,0,0,5,dataset_medium,numeric;omics,Feasibility of integrating canine olfaction with chemical and microbial profiling of urine to detect lethal prostate cancer.
PMC8102177,Cell Mol Gastroenterol Hepatol,2021,cc by,ok,2,2,0,0,0,dataset_large,numeric,Genetic Effects on Transcriptome Profiles in Colon Epithelium Provide Functional Insights for Genetic Risk Loci.
PMC7895368,PLoS One,2021,cc by,ok,2,1,0,0,1,dataset_large,omics,Colony-stimulating factor 3 signaling in colon and rectal cancers: Immune response and CMS classification in TCGA data.
PMC7935649,JMIR Public Health Surveill,2021,cc by,ok,4,1,0,0,3,dataset_large,numeric,General Audience Engagement With Antismoking Public Health Messages Across Multiple Social Media Sites: Comparative Analysis.
PMC7892575,Nat Commun,2021,cc by,ok,25,16,4,0,3,dataset_large,numeric;omics,Gastrointestinal microbiota composition predicts peripheral inflammatory state during treatment of human tuberculosis.
PMC7884393,Nat Commun,2021,cc by,ok,7,2,0,0,4,dataset_medium,omics,Machine learning identifies candidates for drug repurposing in Alzheimer's disease.
PMC7889627,Nat Commun,2021,cc by,ok,4,1,0,0,2,dataset_medium,numeric,A tetravalent live attenuated dengue virus vaccine stimulates balanced immunity to multiple serotypes in humans.
PMC8093246,Blood Cancer J,2021,cc by,ok,1,0,1,0,0,small_table,,Economic burden of disease progression among multiple myeloma patients who have received transplant and at least one line of therapy in the US.
PMC7886901,Nat Commun,2021,cc by,ok,11,3,2,0,4,dataset_large,mixed;numeric,ZMYND11-MBTD1 induces leukemogenesis through hijacking NuA4/TIP60 acetyltransferase complex and a PWWP-mediated chromatin association mechanism.
PMC8357838,Leukemia,2021,cc by,ok,10,8,1,0,1,dataset_medium,mixed;numeric,Genomic and evolutionary portraits of disease relapse in acute myeloid leukemia.
PMC7909629,PLoS Genet,2021,cc0,ok,4,4,0,0,0,dataset_large,mixed;numeric;omics,"Cross-species identification of PIP5K1-, splicing- and ubiquitin-related pathways as potential targets for RB1-deficient cells."
PMC7884400,Nat Commun,2021,cc by,ok,3,1,0,0,2,dataset_medium,numeric,Discrete SARS-CoV-2 antibody titers track with functional humoral stability.
PMC7879699,J Extracell Vesicles,2021,cc by,ok,6,2,2,0,2,dataset_large,mixed,Identification of anti-inflammatory vesicle-like nanoparticles in honey.
PMC7881117,Nat Commun,2021,cc by,ok,4,0,0,0,3,no_tabular_data,,EGCG binds intrinsically disordered N-terminal domain of p53 and disrupts p53-MDM2 interaction.
PMC7880989,Nat Commun,2021,cc by,ok,5,1,0,0,4,dataset_large,numeric,Cross-cancer evaluation of polygenic risk scores for 16 cancer types in two large cohorts.
PMC7876141,Nat Commun,2021,cc by,ok,12,7,0,0,4,dataset_large,mixed;numeric,A pediatric brain tumor atlas of genes deregulated by somatic genomic rearrangement.
PMC7876147,Nat Commun,2021,cc by,ok,7,2,1,0,4,dataset_large,numeric;omics,Plasma cells are enriched in localized prostate cancer in Black men and are associated with improved outcomes.
PMC7876545,J Extracell Vesicles,2021,cc by,ok,1,1,0,0,0,dataset_large,omics,Proteomic profile of melanoma cell-derived small extracellular vesicles in patients' plasma: a potential correlate of melanoma progression.
PMC7907280,Transl Psychiatry,2021,cc by,ok,2,1,0,0,1,dataset_medium,numeric,Cigarette smoking behaviors and the importance of ethnicity and genetic ancestry.
PMC7869513,J Exp Clin Cancer Res,2021,cc by,ok,2,2,0,0,0,dataset_large,numeric,Targeting dopamine receptor D2 as a novel therapeutic strategy in endometrial cancer.
PMC7895364,PLoS Pathog,2021,cc by,ok,5,2,2,0,1,dataset_medium,numeric;omics,TAM mediates adaptation of carbapenem-resistant Klebsiella pneumoniae to antimicrobial stress during host colonization and infection.
PMC7924953,Elife,2021,cc by,too_large,0,0,0,0,0,no_supp_retrieved,,"shinyDepMap, a tool to identify targetable cancer genes and their functional connections from Cancer Dependency Map data."
PMC7875987,Commun Biol,2021,cc by,ok,7,2,2,0,3,dataset_medium,mixed;omics,A novel canine reference genome resolves genomic architecture and uncovers transcript complexity.
PMC7874467,Mob DNA,2021,cc by,ok,7,2,1,0,4,dataset_large,numeric;omics,RIP-seq reveals LINE-1 ORF1p association with p-body enriched mRNAs.
PMC7873281,Sci Rep,2021,cc by,ok,2,1,0,0,1,dataset_medium,mixed,Steroid receptor coactivator 3 (SRC-3/AIB1) is enriched and functional in mouse and human Tregs.
PMC7870932,Nat Commun,2021,cc by,ok,5,2,1,0,2,dataset_large,mixed;numeric,Biallelic loss of BCMA as a resistance mechanism to CAR T cell therapy in a patient with multiple myeloma.
PMC7870011,PLoS One,2021,cc by,ok,28,6,4,0,14,dataset_large,mixed;numeric,Unraveling the chaotic genomic landscape of primary and metastatic canine appendicular osteosarcoma with current sequencing technologies and bioinformatic approaches.
PMC7863539,BMC Bioinformatics,2021,cc by,ok,1,0,1,0,0,small_table,,Boolean implication analysis unveils candidate universal relationships in microbiome data.
PMC7895412,PLoS Comput Biol,2021,cc by,ok,5,1,1,0,3,dataset_medium,numeric,KinPred: A unified and sustainable approach for harnessing proteome-level human kinase-substrate predictions.
PMC7860187,BMC Cancer,2021,cc by,ok,5,0,1,0,4,small_table,,Targeted RNAseq assay incorporating unique molecular identifiers for improved quantification of gene expression signatures and transcribed mutation fraction in fixed tumor samples.
PMC7866902,PeerJ,2021,cc by,ok,1,1,0,0,0,dataset_large,numeric,Liver cancer mortality over six decades in an epidemic area: what we have learned.
PMC7906185,Aging (Albany NY),2021,cc by,ok,5,1,1,0,1,dataset_medium,numeric,Suppression of p16 alleviates the senescence-associated secretory phenotype.
PMC7858590,Nat Commun,2021,cc by,ok,12,8,0,0,4,dataset_large,mixed;numeric;omics,High-throughput phenotypic screen and transcriptional analysis identify new compounds and targets for macrophage reprogramming.
PMC7865061,Nat Commun,2021,cc by,ok,18,12,2,0,4,dataset_large,clinical;mixed;numeric;omics,Integrative molecular characterization of sarcomatoid and rhabdoid renal cell carcinoma.
PMC8184587,J Mol Biol,2021,cc by-nc-nd,ok,1,0,0,0,0,no_tabular_data,,Evolutionary Conservation of Structural and Functional Coupling between the BRM AT-Hook and Bromodomain.
PMC7865009,Sci Rep,2021,cc by,ok,3,0,1,0,1,small_table,,Variable selection methods for predicting clinical outcomes following allogeneic hematopoietic cell transplantation.
PMC7865055,Nat Commun,2021,cc by,too_large,0,0,0,0,0,no_supp_retrieved,,The genome-wide impact of trisomy 21 on DNA methylation and its implications for hematopoiesis.
PMC7865028,Nat Commun,2021,cc by,ok,4,1,0,0,3,dataset_medium,numeric,IL-22-dependent dysbiosis and mononuclear phagocyte depletion contribute to steroid-resistant gut graft-versus-host disease in mice.
PMC8822343,mBio,2021,cc by,ok,3,1,0,0,2,dataset_large,numeric,"Degradation of the Escherichia coli Essential Proteins DapB and Dxr Results in Oxidative Stress, which Contributes to Lethality through Incomplete Base Excision Repair."
PMC7851397,Nat Commun,2021,cc by,ok,2,1,0,0,1,dataset_medium,numeric,Mesenchymal stem cell-derived interleukin-28 drives the selection of apoptosis resistant bone metastatic prostate cancer.
PMC7861370,PLoS One,2021,cc by,ok,12,0,5,0,7,small_table,,Optimising weight-loss interventions in cancer patients-A systematic review and network meta-analysis.
PMC7851155,Nat Commun,2021,cc by,ok,4,1,0,0,3,dataset_large,clinical,Pretreatment neutrophil-to-lymphocyte ratio and mutational burden as biomarkers of tumor response to immune checkpoint inhibitors.
PMC7862700,Nat Commun,2021,cc by,ok,13,4,0,4,5,dataset_large,mixed;numeric;omics,An all-to-all approach to the identification of sequence-specific readers for epigenetic DNA modifications on cytosine.
PMC8498966,Genomics Proteomics Bioinformatics,2021,cc by,ok,10,3,0,0,7,dataset_large,mixed;numeric;omics,MACMIC Reveals A Dual Role of CTCF in Epigenetic Regulation of Cell Identity Genes.
PMC7755667,Melanoma Res,2021,cc by-nc-nd,ok,2,1,0,0,1,dataset_large,omics,Transcriptional analysis of metastatic uveal melanoma survival nominates NRP1 as a therapeutic target.
PMC7856856,Mod Pathol,2021,,ok,5,1,3,0,1,dataset_large,mixed,Highly multiplexed oligonucleotide probe-ligation testing enables efficient extraction-free SARS-CoV-2 detection and viral genotyping.
PMC7854624,Nat Commun,2021,cc by,ok,4,1,0,0,3,dataset_medium,numeric,Host immunity modulates the efficacy of microbiota transplantation for treatment of Clostridioides difficile infection.
PMC7969354,Nature,2021,cc by,ok,19,12,5,0,2,dataset_large,mixed;numeric;omics,IgA transcytosis and antigen recognition govern ovarian cancer immunity.
PMC8474413,JTO Clin Res Rep,2021,cc by-nc-nd,ok,4,1,1,0,1,dataset_medium,mixed,Genomic Evolution in a Patient With Lung Adenocarcinoma With a Germline <i>EGFR</i> T790M Mutation.
PMC7875385,PLoS Genet,2021,cc by,ok,27,7,0,0,20,dataset_large,numeric;omics,"MED19 alters AR occupancy and gene expression in prostate cancer cells, driving MAOA expression and growth under low androgen."
PMC7851134,Commun Biol,2021,cc by,ok,10,6,1,0,3,dataset_large,mixed;numeric;omics,"Kaiso (ZBTB33) subcellular partitioning functionally links LC3A/B, the tumor microenvironment, and breast cancer survival."
PMC7884041,Aging Cell,2021,cc by,ok,3,1,1,0,0,dataset_large,mixed,Decreased p53 is associated with a decline in asymmetric stem cell self-renewal in aged human epidermis.
PMC7846764,Sci Rep,2021,cc by,ok,7,5,2,0,0,dataset_large,mixed;omics,Verifying explainability of a deep learning tissue classifier trained on RNA-seq data.
PMC7875428,PLoS Pathog,2021,cc by,ok,4,1,0,0,3,dataset_large,mixed,A host receptor enables type 1 pilus-mediated pathogenesis of Escherichia coli pyelonephritis.
PMC8844923,mBio,2021,cc by,ok,9,3,1,0,5,dataset_large,numeric;omics,The Human Nose Organoid Respiratory Virus Model: an <i>Ex Vivo</i> Human Challenge Model To Study Respiratory Syncytial Virus (RSV) and Severe Acute Respiratory Syndrome Coronavirus 2 (SARS-CoV-2) Pathogenesis and Evaluate Therapeutics.
PMC7883871,J Immunother Cancer,2021,cc by-nc,ok,2,1,0,0,1,dataset_medium,mixed,Quantitative systems pharmacology model predictions for efficacy of atezolizumab and nab-paclitaxel in triple-negative breast cancer.
PMC7843634,Nat Commun,2021,cc by,ok,4,1,0,0,3,dataset_medium,numeric,Proliferative polyploid cells give rise to tumors via ploidy reduction.
PMC7875364,PLoS Comput Biol,2021,cc by,ok,5,1,3,0,0,dataset_medium,numeric,CTD: An information-theoretic algorithm to interpret sets of metabolomic and transcriptomic perturbations in the context of graphical models.
PMC7844014,Sci Rep,2021,cc by,ok,1,1,0,0,0,dataset_large,numeric,Valerian and valeric acid inhibit growth of breast cancer cells possibly by mediating epigenetic modifications.
PMC7843645,Nat Commun,2021,cc by,ok,7,2,0,0,4,dataset_large,mixed;numeric,Cellular stress signaling activates type-I IFN response through FOXO3-regulated lamin posttranslational modification.
PMC7843608,Sci Rep,2021,cc by,ok,2,1,1,0,0,dataset_large,numeric,Development and characterization of patient-derived xenografts from non-small cell lung cancer brain metastases.
PMC7898596,Life Sci Alliance,2021,cc by,ok,5,1,2,0,2,dataset_medium,numeric,A FIJI macro for quantifying pattern in extracellular matrix.
PMC7933824,Cell,2021,cc by,ok,2,1,0,0,1,dataset_large,clinical,Meta-analysis of tumor- and T cell-intrinsic mechanisms of sensitization to checkpoint inhibition.
PMC7889737,Nature,2021,,ok,1,0,0,0,0,no_tabular_data,,Whole-genome doubling confers unique genetic vulnerabilities on tumour cells.
PMC7840906,Commun Biol,2021,cc by,ok,9,2,2,0,4,dataset_large,mixed;numeric,Mapping the immune environment in clear cell renal carcinoma by single-cell genomics.
PMC7924959,Elife,2021,cc by,ok,6,2,0,0,2,dataset_large,omics,SUMO is a pervasive regulator of meiosis.
PMC7846773,Nat Commun,2021,cc by,ok,11,4,3,0,3,dataset_medium,omics,The oncogenicity of tumor-derived mutant p53 is enhanced by the recruitment of PLK3.
PMC7838268,Cell Death Dis,2021,cc by,ok,1,1,0,0,0,dataset_large,mixed,The HSP-RTK-Akt axis mediates acquired resistance to Ganetespib in HER2-positive breast cancer.
PMC8048518,Int J Cancer,2021,cc by-nc-nd,ok,2,1,0,0,1,dataset_large,numeric,Targeting USP13-mediated drug tolerance increases the efficacy of EGFR inhibition of mutant EGFR in non-small cell lung cancer.
PMC7831185,BMC Bioinformatics,2021,cc by,ok,5,2,0,0,2,dataset_large,numeric;omics,GECO: gene expression clustering optimization app for non-linear data visualization of patterns.
PMC7851568,J Virol,2021,cc by,ok,2,1,0,0,1,dataset_medium,mixed,Epstein-Barr Virus-Encoded Latent Membrane Protein 1 and B-Cell Growth Transformation Induce Lipogenesis through Fatty Acid Synthase.
PMC8222551,Cancer Rep (Hoboken),2021,cc by-nc-nd,ok,7,5,1,0,1,dataset_large,mixed;numeric;omics,Novel germline TRAF3IP3 mutation in a dyad with familial acute B lymphoblastic leukemia.
PMC7862558,Front Cardiovasc Med,2021,cc by,ok,2,1,1,0,0,dataset_large,mixed,Cancer Radiation Therapy May Be Associated With Atrial Fibrillation.
PMC7878992,iScience,2021,cc by,ok,2,1,0,0,1,dataset_medium,numeric,Rituximab and obinutuzumab differentially hijack the B cell receptor and NOTCH1 signaling pathways.
PMC7934848,JCI Insight,2021,cc by,ok,2,1,0,0,1,dataset_large,numeric,Identification of Wee1 as a target in combination with avapritinib for gastrointestinal stromal tumor treatment.
PMC7872524,Elife,2021,cc by,ok,6,0,3,0,1,small_table,,Supervised mutational signatures for obesity and other tissue-specific etiological factors in cancer.
PMC8295400,Mol Psychiatry,2021,cc by,ok,2,1,0,0,1,dataset_large,mixed,Investigating rare pathogenic/likely pathogenic exonic variation in bipolar disorder.
PMC8248162,Alzheimers Dement,2021,cc by-nc,ok,20,13,3,0,1,dataset_large,mixed;numeric;omics,Integrative functional genomic analysis of intron retention in human and mouse brain with Alzheimer's disease.
PMC7819999,Nat Commun,2021,cc by,ok,8,4,1,0,3,dataset_large,mixed;omics,Sarcoma classification by DNA methylation profiling.
PMC7853505,PLoS Genet,2021,cc by,ok,6,0,1,0,5,small_table,,RAFFI: Accurate and fast familial relationship inference in large scale biobank studies using RaPID.
PMC7820416,Nat Commun,2021,cc by,too_large,0,0,0,0,0,no_supp_retrieved,,Preclinical assessment of the efficacy and specificity of GD2-B7H3 SynNotch CAR-T in metastatic neuroblastoma.
PMC7949112,J Biol Chem,2021,cc by,ok,3,1,0,0,2,dataset_large,omics,Identification of Radil as a Ras binding partner and putative activator.
PMC7817833,Nat Commun,2021,cc by,ok,4,1,0,0,3,dataset_medium,numeric,Endonuclease G promotes autophagy by suppressing mTOR signaling and activating the DNA damage response.
PMC7847306,Elife,2021,cc by,ok,15,10,4,0,1,dataset_large,mixed;numeric;omics,Metabolomic profiling of rare cell populations isolated by flow cytometry from tissues.
PMC7821401,BMC Infect Dis,2021,cc by,ok,4,0,2,1,1,small_table,,Comparing tuberculosis gene signatures in malnourished individuals using the TBSignatureProfiler.
PMC7814737,Genome Biol,2021,cc by,ok,3,0,0,0,2,no_tabular_data,,MethylationToActivity: a deep-learning framework that reveals promoter activity landscapes from DNA methylomes in individual tumors.
PMC7845980,PLoS Comput Biol,2021,cc by,ok,33,3,1,0,29,dataset_large,numeric;omics,Reconstructing tumor evolutionary histories and clone trees in polynomial-time with SubMARine.
PMC7935767,Oncogene,2021,,ok,1,0,0,0,1,no_tabular_data,,Pharmacological and genetic perturbation establish SIRT5 as a promising target in breast cancer.
PMC7816397,BMC Biol,2021,cc by,ok,2,1,0,0,1,dataset_medium,mixed,No detectable alloreactive transcriptional responses under standard sample preparation conditions during donor-multiplexed single-cell RNA sequencing of peripheral blood mononuclear cells.
PMC7817666,Nat Commun,2021,cc by,ok,4,0,1,0,3,small_table,,The TRACE-Seq method tracks recombination alleles and identifies clonal reconstitution dynamics of gene targeted human hematopoietic stem cells.
PMC7815872,Commun Biol,2021,cc by,ok,11,3,3,0,4,dataset_medium,numeric,Fractional re-distribution among cell motility states during ageing.
PMC8233466,Adv Radiat Oncol,2021,cc by-nc-nd,ok,1,1,0,0,0,dataset_medium,numeric,Incidence and Dosimetric Predictors of Radiation-Induced Gastric Bleeding After Chemoradiation for Esophageal and Gastroesophageal Junction Cancer.
PMC7813834,Nat Commun,2021,cc by,ok,4,1,0,0,3,dataset_medium,numeric,Dll1&lt;sup&gt;+&lt;/sup&gt; quiescent tumor stem cells drive chemoresistance in breast cancer through NF-κB survival pathway.
PMC7810372,Sci Adv,2021,cc by-nc,ok,7,4,0,0,2,dataset_large,omics,Multiple screening approaches reveal HDAC6 as a novel regulator of glycolytic metabolism in triple-negative breast cancer.
PMC7810737,Sci Rep,2021,cc by,ok,2,1,0,0,1,dataset_medium,numeric,Targeted metabolomics analysis of postoperative delirium.
PMC7808400,Qual Life Res,2021,,ok,2,0,2,0,0,small_table,,Examination of individual and multiple comorbid conditions and health-related quality of life in older cancer survivors.
PMC7809043,Nat Commun,2021,cc by,ok,4,1,0,0,3,dataset_medium,omics,An N-terminal conserved region in human Atg3 couples membrane curvature sensitivity to conjugase activity during autophagy.
PMC7806846,Nat Commun,2021,cc by,ok,3,1,0,0,2,dataset_medium,clinical,Very low mutation burden is a feature of inflamed recurrent glioblastomas responsive to cancer immunotherapy.
PMC7805167,Breast Cancer Res,2021,cc by,ok,2,1,1,0,0,dataset_medium,clinical,Targetable alterations in invasive pleomorphic lobular carcinoma of the breast.
PMC7807864,Genome Med,2021,cc by,ok,3,1,0,0,2,dataset_large,numeric,Clinical laboratory test-wide association scan of polygenic scores identifies biomarkers of complex disease.
PMC7801615,Sci Rep,2021,cc by,ok,3,3,0,0,0,dataset_large,numeric;omics,Ethanol exposure drives colon location specific cell composition changes in a normal colon crypt 3D organoid model.
PMC7801399,Sci Rep,2021,cc by,ok,11,4,2,0,4,dataset_large,mixed;numeric,Gut microbiome partially mediates and coordinates the effects of genetics on anxiety-like behavior in Collaborative Cross mice.
PMC7801601,Nat Commun,2021,cc by,ok,6,2,0,0,4,dataset_medium,numeric,BRD4-mediated repression of p53 is a target for combination therapy in AML.
PMC7801600,Nat Commun,2021,cc by,ok,8,4,1,0,3,dataset_large,mixed;numeric,A comprehensive re-assessment of the association between vitamin D and cancer susceptibility using Mendelian randomization.
PMC7806227,Sci Adv,2021,cc by-nc,ok,13,4,4,0,4,dataset_large,numeric;omics,EGR1 is a gatekeeper of inflammatory enhancers in human macrophages.
PMC7804935,Nat Commun,2021,cc by,ok,6,0,0,0,4,no_tabular_data,,Interplay between chromosomal alterations and gene mutations shapes the evolutionary trajectory of clonal hematopoiesis.
PMC8381233,Eur Urol Oncol,2021,cc by-nc-nd,ok,2,1,0,0,1,dataset_medium,numeric,Rare Germline Variants in ATM Predispose to Prostate Cancer: A PRACTICAL Consortium Study.
PMC7803730,Nat Commun,2021,cc by,ok,4,1,0,0,3,dataset_large,numeric,Carbon nano-onion-mediated dual targeting of P-selectin and P-glycoprotein to overcome cancer drug resistance.
PMC7815964,Patterns (N Y),2021,cc by,too_large,0,0,0,0,0,no_supp_retrieved,,SIMON: Open-Source Knowledge Discovery Platform.
PMC8163257,Biol Psychiatry,2021,cc by,ok,4,2,1,0,1,dataset_large,mixed;numeric,Examining Sex-Differentiated Genetic Effects Across Neuropsychiatric and Behavioral Traits.
PMC7821609,JCI Insight,2021,cc by,ok,4,3,1,0,0,dataset_large,numeric;omics,An immune-based biomarker signature is associated with mortality in COVID-19 patients.
PMC7806264,Elife,2021,cc by,ok,12,4,3,0,1,dataset_large,numeric,ATP and large signaling metabolites flux through caspase-activated Pannexin 1 channels.
PMC7790404,PLoS One,2021,cc by,ok,4,0,3,0,1,small_table,,Enhancer polymorphisms at the IKZF1 susceptibility locus for acute lymphoblastic leukemia impact B-cell proliferation and differentiation in both Down syndrome and non-Down syndrome genetic backgrounds.
PMC7840469,iScience,2021,cc by-nc-nd,ok,3,1,1,0,1,dataset_medium,mixed,Distinct T cell receptor repertoire diversity of clinically defined high-grade serous ovarian cancer treatment subgroups.
PMC7788026,Cancer Nanotechnol,2021,cc by,ok,4,3,0,0,1,dataset_large,mixed;numeric,Experimental conditions influence the formation and composition of the corona around gold nanoparticles.
PMC10262980,Eur Urol,2021,cc by-nc-nd,ok,1,0,0,0,1,no_tabular_data,,The Mutational Landscape of Metastatic Castration-sensitive Prostate Cancer: The Spectrum Theory Revisited.
PMC7782593,Nat Commun,2021,cc by,ok,6,2,0,0,4,dataset_large,clinical;mixed,Global computational alignment of tumor and cell line transcriptional profiles.
PMC7780630,Genome Biol,2021,cc by,ok,3,1,0,0,2,dataset_large,numeric,Comprehensive integrative profiling of upper tract urothelial carcinomas.
PMC7808565,Nat Genet,2021,cc by,ok,4,2,0,0,2,dataset_large,numeric,Conservation of copy number profiles during engraftment and passaging of patient-derived cancer xenografts.
PMC7961009,Br J Cancer,2021,cc by,ok,2,0,1,0,1,small_table,,Lack of an association between gallstone disease and bilirubin levels with risk of colorectal cancer: a Mendelian randomisation analysis.
PMC7782755,Nat Commun,2021,cc by,ok,6,1,0,0,4,dataset_medium,numeric,Standardization of ELISA protocols for serosurveys of the SARS-CoV-2 pandemic using clinical and at-home blood sampling.
PMC7789424,Genome Med,2021,cc by,ok,2,1,0,0,1,dataset_medium,omics,Improved analysis of CRISPR fitness screens and reduced off-target effects with the BAGEL2 gene essentiality classifier.
PMC7826394,Proc Natl Acad Sci U S A,2021,cc by-nc-nd,ok,3,1,0,0,1,dataset_large,omics,The harsh microenvironment in early breast cancer selects for a Warburg phenotype.
PMC7826406,Proc Natl Acad Sci U S A,2021,cc by-nc-nd,ok,2,0,0,0,1,tables_only,,Droplet-based mRNA sequencing of fixed and permeabilized cells by CLInt-seq allows for antigen-specific TCR cloning.
PMC7782530,Commun Biol,2021,cc by,ok,6,1,2,0,3,dataset_medium,clinical,Identification of PIM1 substrates reveals a role for NDRG1 phosphorylation in prostate cancer cellular migration and invasion.
PMC7782535,Commun Biol,2021,cc by,ok,4,0,1,0,2,small_table,,miR-379 deletion ameliorates features of diabetic kidney disease by enhancing adaptive mitophagy via FIS1.
PMC7782510,Nat Commun,2021,cc by,ok,16,7,3,0,4,dataset_large,mixed;numeric;omics,ZNF143 mediates CTCF-bound promoter-enhancer loops required for murine hematopoietic stem and progenitor cell function.
PMC8080244,Neurooncol Adv,2021,cc by-nc,ok,4,1,2,0,1,dataset_medium,mixed,Clinical utility of comprehensive genomic profiling in central nervous system tumors of children and young adults.
PMC7721913,J Cell Biol,2021,cc by-nc-sa,ok,4,1,0,0,1,dataset_large,omics,Binding and transport of SFPQ-RNA granules by KIF5A/KLC1 motors promotes axon survival.
PMC7782549,Nat Commun,2021,cc by,ok,6,1,0,0,4,dataset_medium,numeric,Non-invasive assessment of telomere maintenance mechanisms in brain tumors.
PMC8191293,J Biol Chem,2021,cc by,ok,3,1,0,0,1,dataset_medium,omics,Glycosylation limits forward trafficking of the tetraspan membrane protein PMP22.
PMC7960550,J Biol Chem,2021,cc by,ok,4,2,0,0,2,dataset_large,omics,USP11 mediates repair of DNA-protein cross-links by deubiquitinating SPRTN metalloprotease.
PMC7779058,Nucleic Acids Res,2021,cc by,ok,1,1,0,0,0,dataset_medium,mixed,DrugCentral 2021 supports drug discovery and repositioning.
PMC8320689,Neurooncol Adv,2021,cc by,ok,2,1,0,0,1,dataset_large,mixed,The spectrum of mitochondrial DNA (mtDNA) mutations in pediatric CNS tumors.
PMC8042450,J Biol Chem,2021,cc by,ok,2,1,0,0,1,dataset_medium,numeric,Effective delivery of STING agonist using exosomes suppresses tumor growth and enhances antitumor immunity.
PMC7883769,Neurooncol Adv,2021,cc by,ok,2,1,0,0,1,dataset_large,mixed,Radiogenomic modeling predicts survival-associated prognostic groups in glioblastoma.
PMC8042451,J Biol Chem,2021,cc by,ok,5,4,0,0,1,dataset_medium,numeric,A long isoform of GIV/Girdin contains a PDZ-binding module that regulates localization and G-protein binding.
PMC8098814,Mol Biol Cell,2021,cc by-nc-sa,ok,4,2,0,0,2,dataset_large,mixed;omics,The TRIM9/TRIM67 neuronal interactome reveals novel activators of morphogenesis.
PMC7847685,Theranostics,2021,cc by,ok,2,1,0,0,1,dataset_large,mixed,Nasal administration of mitochondria reverses chemotherapy-induced cognitive deficits.
PMC7775768,Sci Adv,2021,cc by-nc,ok,5,2,2,0,0,dataset_large,numeric,Metabolomic shifts associated with heat stress in coral holobionts.
PMC7877896,Cell Rep,2021,cc by-nc-nd,ok,1,0,0,0,0,no_tabular_data,,Systematic alteration of in vitro metabolic environments reveals empirical growth relationships in cancer cell phenotypes.
PMC7778918,Nucleic Acids Res,2021,cc by-nc,ok,1,1,0,0,0,dataset_large,omics,GESS: a database of global evaluation of SARS-CoV-2/hCoV-19 sequences.
PMC8359418,Mol Microbiol,2021,cc by,ok,4,1,2,0,1,dataset_medium,numeric,Genome-wide analysis of in vivo CcpA binding with and without its key co-factor HPr in the major human pathogen group A Streptococcus.
PMC7933129,Nature,2021,,ok,7,0,0,0,4,tables_only,,Chromothripsis drives the evolution of gene amplification in cancer.
PMC7877343,Cancer Med,2021,cc by,ok,2,0,1,0,1,small_table,,Class I histone deacetylase inhibition promotes CD8 T cell activation in ovarian cancer.
PMC7768198,Life Sci Alliance,2021,cc by,ok,7,4,2,0,1,dataset_medium,clinical;mixed;numeric,Profiling of immune dysfunction in COVID-19 patients allows early prediction of disease progression.
PMC7849386,Genome Res,2021,cc by-nc,ok,6,2,1,0,1,dataset_large,mixed,Transcript assembly improves expression quantification of transposable elements in single-cell RNA-seq data.
PMC7816766,J Med Chem,2021,,ok,9,1,1,0,4,dataset_medium,mixed,Discovery of Novel Azetidine Amides as Potent Small-Molecule STAT3 Inhibitors.
PMC7811842,Aging Cell,2021,cc by,ok,2,1,0,0,1,dataset_large,mixed,"Modeling the human aging transcriptome across tissues, health status, and sex."
PMC7858279,Mol Oncol,2021,cc by,ok,2,1,1,0,0,dataset_medium,omics,SMARCA4 mutations in KRAS-mutant lung adenocarcinoma: a multi-cohort analysis.
PMC7834738,Mol Ther,2021,cc by-nc-nd,ok,3,1,0,0,2,dataset_medium,mixed,Synergistic and Antagonistic Drug Combinations against SARS-CoV-2.
PMC7756899,Life Sci Alliance,2021,cc by,ok,2,1,0,0,1,dataset_medium,omics,FIREWORKS: a bottom-up approach to integrative coessentiality network analysis.
PMC7749408,Transl Oncol,2021,cc by-nc-nd,ok,3,0,1,1,1,small_table,,Mutant myogenin promoter-controlled oncolytic adenovirus selectively kills PAX3-FOXO1-positive rhabdomyosarcoma cells.
PMC7950090,Mol Cell Proteomics,2021,cc by,ok,5,4,0,0,1,dataset_medium,numeric,PTM-Shepherd: Analysis and Summarization of Post-Translational and Chemical Modifications From Open Search Results.
PMC7728428,J Biomed Inform,2021,,ok,3,2,1,0,0,dataset_large,omics,A retrospective approach to evaluating potential adverse outcomes associated with delay of procedures for cardiovascular and cancer-related diagnoses in the context of COVID-19.
PMC7849303,EMBO J,2021,cc by,ok,8,3,0,0,3,dataset_large,mixed,Lamin B1 decline underlies age-related loss of adult hippocampal neurogenesis.
PMC7768197,Life Sci Alliance,2021,cc by,ok,4,1,2,0,1,dataset_medium,numeric,Sustained <i>Helicobacter pylori</i> infection accelerates gastric dysplasia in a mouse model.
PMC7906955,Nature,2021,,ok,1,0,0,0,0,no_tabular_data,,Correlates of protection against SARS-CoV-2 in rhesus macaques.
PMC8120692,Mol Biol Cell,2021,cc by-nc-sa,ok,4,2,0,0,2,dataset_large,mixed;numeric,pHLARE: a new biosensor reveals decreased lysosome pH in cancer cells.
PMC7691134,Cell Syst,2021,,ok,4,2,0,0,2,dataset_large,mixed,Predicted Cellular Immunity Population Coverage Gaps for SARS-CoV-2 Subunit Vaccines and Their Augmentation by Compact Peptide Sets.
PMC7858122,Mol Oncol,2021,cc by,ok,9,8,0,0,1,dataset_large,mixed;numeric;omics,Molecular genomic features associated with in vitro response of the NCI-60 cancer cell line panel to natural products.
PMC9462833,Nature,2021,,ok,1,0,0,0,1,no_tabular_data,,Defining HPV-specific B cell responses in patients with head and neck cancer.
PMC7874334,J Mol Diagn,2021,cc by-nc-nd,ok,9,0,3,0,5,small_table,,"Routine Evaluation of Minimal Residual Disease in Myeloma Using Next-Generation Sequencing Clonality Testing: Feasibility, Challenges, and Direct Comparison with High-Sensitivity Flow Cytometry."
PMC8355876,Gut,2021,cc by,ok,2,1,0,0,1,dataset_medium,numeric,EGFR amplification and outcome in a randomised phase III trial of chemotherapy alone or chemotherapy plus panitumumab for advanced gastro-oesophageal cancers.
PMC7856031,Oncogene,2021,,ok,1,0,0,0,1,no_tabular_data,,The translational repressor 4E-BP1 regulates RRM2 levels and functions as a tumor suppressor in Ewing sarcoma tumors.
PMC7649713,Nat Rev Genet,2021,,ok,1,1,0,0,0,dataset_medium,mixed,Deciphering cell-cell interactions and communication from gene expression.
PMC7808151,Immunology,2021,cc by-nc-nd,ok,1,1,0,0,0,dataset_large,mixed,Comparison of HLA ligand elution data and binding predictions reveals varying prediction performance for the multiple motifs recognized by HLA-DQ2.5.
PMC8474385,JTO Clin Res Rep,2021,cc by-nc-nd,ok,4,1,0,0,3,dataset_medium,mixed,Circulating Tumor DNA as a Biomarker of Radiographic Tumor Burden in SCLC.
PMC7756745,J Pathol,2021,cc by,ok,2,1,0,0,1,dataset_medium,omics,Large-scale analysis of BAP1 expression reveals novel associations with clinical and molecular features of malignant pleural mesothelioma.
PMC7552982,Cell Syst,2021,,ok,6,2,1,0,3,dataset_large,mixed,A Sweep of Earth's Virome Reveals Host-Guided Viral Protein Structural Mimicry and Points to Determinants of Human Disease.
PMC8167930,Gastroenterology,2021,cc by,ok,9,6,3,0,0,dataset_large,mixed;numeric;omics,Targeting DNA Damage Response and Replication Stress in Pancreatic Cancer.
PMC7782512,Br J Cancer,2021,cc by,ok,2,1,0,0,1,dataset_medium,clinical,The mutational landscape of melanoma brain metastases presenting as the first visceral site of recurrence.
PMC7852872,Br J Cancer,2021,cc by,ok,2,1,0,0,1,dataset_large,numeric,Searching for causal relationships of glioma: a phenome-wide Mendelian randomisation study.
PMC13317003,Pediatr Blood Cancer,2021,cc by,ok,1,0,1,0,0,small_table,,Integrated DNA and RNA sequencing reveals targetable alterations in metastatic pediatric papillary thyroid carcinoma.
PMC8048685,Br J Haematol,2021,cc by-nc-nd,ok,2,1,1,0,0,dataset_large,omics,Phase II trial of single-agent panobinostat consolidation improves responses after sub-optimal transplant outcomes in multiple myeloma.
PMC7917161,Prostate Cancer Prostatic Dis,2021,cc by,ok,3,0,1,0,1,small_table,,Immortalization of human primary prostate epithelial cells via CRISPR inactivation of the CDKN2A locus and expression of telomerase.
PMC7878201,Nat Biotechnol,2021,,ok,1,0,0,0,0,no_tabular_data,,Single-cell metabolic profiling of human cytotoxic T cells.
PMC7904719,Cell Mol Life Sci,2021,cc by,ok,4,2,0,0,2,dataset_large,omics,Novel carfilzomib-based combinations as potential therapeutic strategies for liposarcomas.
PMC7993145,Epigenetics,2021,cc by-nc-nd,ok,2,1,0,0,1,dataset_large,numeric,Chromatin profiling reveals relocalization of lysine-specific demethylase 1 by an oncogenic fusion protein.
PMC8209342,Genes Dis,2021,cc by-nc-nd,ok,2,0,2,0,0,small_table,,Oridonin and its derivatives for cancer treatment and overcoming therapeutic resistance.
PMC8086250,J Med Genet,2021,cc by,ok,1,1,0,0,0,dataset_large,numeric,Population-based targeted sequencing of 54 candidate genes identifies &lt;i&gt;PALB2&lt;/i&gt; as a susceptibility gene for high-grade serous ovarian cancer.
PMC7677901,Dig Dis Sci,2021,cc by-nc,ok,1,1,0,0,0,dataset_large,omics,Zinc Gluconate Induces Potentially Cancer Chemopreventive Activity in Barrett's Esophagus: A Phase 1 Pilot Study.
PMC7483250,Mol Psychiatry,2021,,ok,1,0,0,0,0,no_tabular_data,,Genome-wide association meta-analysis of nicotine metabolism and cigarette consumption measures in smokers of European descent.
PMC9892704,Front Immunol,2022,cc by,ok,1,0,1,0,0,small_table,,IFNα and 5-Aza-2'-deoxycytidine combined with a dendritic-cell targeting DNA vaccine alter tumor immune cell infiltration in the B16F10 melanoma model.
PMC9893861,Front Immunol,2022,cc by,ok,2,1,0,0,0,dataset_medium,numeric,Protective effects of dietary grape against atopic dermatitis-like skin lesions in NC/NgaTndCrlj mice.
PMC9846845,Front Oncol,2022,cc by,ok,2,1,0,0,1,dataset_medium,omics,Redox integration of signaling and metabolism in a head and neck cancer model of radiation resistance using COSM&lt;sup&gt;RO&lt;/sup&gt;.
PMC9845784,Front Cell Dev Biol,2022,cc by,ok,3,3,0,0,0,dataset_medium,numeric,RSK1 and RSK2 serine/threonine kinases regulate different transcription programs in cancer.
PMC9803132,PLoS One,2022,cc by,ok,2,1,0,0,1,dataset_medium,clinical,Sparse canonical correlation to identify breast cancer related genes regulated by copy number aberrations.
PMC9799304,PLoS One,2022,cc by,ok,4,2,0,0,2,dataset_large,clinical;numeric,Longevity and mortality in cats: A single institution necropsy study of 3108 cases (1989-2019).
PMC9797569,Sci Rep,2022,cc by,ok,8,6,1,0,1,dataset_large,numeric;omics,Multi-omics investigation reveals functional specialization of transcriptional cyclin dependent kinases in cancer biology.
PMC9793579,Genome Biol,2022,cc by,ok,34,14,7,0,12,dataset_large,clinical;mixed;numeric;omics,"Implicating genes, pleiotropy, and sexual dimorphism at blood lipid loci through multi-ancestry meta-analysis."
PMC9794699,Nat Commun,2022,cc by,ok,4,1,0,0,3,dataset_medium,numeric,PRSS2 remodels the tumor microenvironment via repression of Tsp1 to stimulate tumor growth and progression.
PMC9789999,Nat Commun,2022,cc by,ok,18,11,0,0,4,dataset_large,mixed;numeric;omics,A genome-wide CRISPR screen identifies WDFY3 as a regulator of macrophage efferocytosis.
PMC9811390,Front Oncol,2022,cc by,ok,1,0,1,0,0,small_table,,Novel MRI deformation-heterogeneity radiomic features are associated with molecular subgroups and overall survival in pediatric medulloblastoma: Preliminary findings from a multi-institutional study.
PMC9789998,Nat Commun,2022,cc by,ok,7,2,1,0,3,dataset_medium,mixed;numeric,Engineering inducible biomolecular assemblies for genome imaging and manipulation in living cells.
PMC9773466,Acta Neuropathol Commun,2022,cc by,ok,10,6,3,0,1,dataset_large,mixed;omics,Spatially resolved transcriptomics reveals genes associated with the vulnerability of middle temporal gyrus in Alzheimer's disease.
PMC9780246,Nat Commun,2022,cc by,ok,5,2,1,0,2,dataset_large,omics,Exon junction complex shapes the m<sup>6</sup>A epitranscriptome.
PMC9763422,NPJ Genom Med,2022,cc by,ok,3,1,0,0,1,dataset_medium,numeric,Genomic heterogeneity in pancreatic cancer organoids and its stability with culture.
PMC9758924,J Transl Med,2022,cc by,ok,2,1,0,0,1,dataset_large,omics,Integrated multi-omic analysis of low-grade ovarian serous carcinoma collected from short and long-term survivors.
PMC9762114,Genome Med,2022,cc by,ok,2,1,0,0,1,dataset_medium,omics,Spatiotemporal evolution of the clear cell renal cell carcinoma microenvironment links intra-tumoral heterogeneity to immune escape.
PMC9753273,Clin Epigenetics,2022,cc by,ok,10,6,2,0,1,dataset_large,numeric,"Comparative analysis of the DNA methylation landscape in CD4, CD8, and B memory lineages."
PMC9750838,Support Care Cancer,2022,,ok,1,0,1,0,0,small_table,,Therapeutic yoga reduces pro-tumorigenic cytokines in cancer survivors.
PMC9751300,Nat Commun,2022,cc by,ok,9,3,1,0,3,dataset_large,numeric,In-depth mapping of protein localizations in whole tissue by micro-scaffold assisted spatial proteomics (MASP).
PMC9747976,Commun Biol,2022,cc by,ok,4,1,0,0,3,dataset_medium,numeric,Neutrophil trafficking to the site of infection requires Cpt1a-dependent fatty acid β-oxidation.
PMC9747981,Nat Commun,2022,cc by,too_large,0,0,0,0,0,no_supp_retrieved,,Genome of Paspalum vaginatum and the role of trehalose mediated autophagy in increasing maize biomass.
PMC9744876,Nat Commun,2022,cc by,ok,6,3,0,0,1,dataset_large,numeric;omics,Brain metastatic outgrowth and osimertinib resistance are potentiated by RhoA in EGFR-mutant lung cancer.
PMC9744873,Commun Biol,2022,cc by,ok,6,2,0,0,4,dataset_large,clinical;omics,L1CAM is required for early dissemination of fallopian tube carcinoma precursors to the ovary.
PMC9792204,Aging (Albany NY),2022,cc by,ok,19,16,0,0,3,dataset_large,numeric,DNA methylation GrimAge version 2.
PMC9746098,Genome Biol,2022,cc by,ok,17,11,4,0,2,dataset_large,mixed;numeric;omics,Structural variant analysis of a cancer reference cell line sample using multiple sequencing technologies.
PMC10154227,Nat Aging,2022,cc by,ok,4,1,0,0,2,dataset_large,numeric,Aging is associated with a systemic length-associated transcriptome imbalance.
PMC9741596,Commun Biol,2022,cc by,ok,5,1,0,0,4,dataset_large,numeric,Electrodeposited magnetic nanoporous membrane for high-yield and high-throughput immunocapture of extracellular vesicles and lipoproteins.
PMC10026561,Science,2022,cc by,ok,1,0,0,0,1,no_tabular_data,,Decoding CAR T cell phenotype using combinatorial signaling motif libraries and machine learning.
PMC9769966,Front Immunol,2022,cc by,ok,1,0,1,0,0,small_table,,IL-21 signaling promotes the establishment of KSHV infection in human tonsil lymphocytes by increasing differentiation and targeting of plasma cells.
PMC9729225,Sci Rep,2022,cc by,ok,2,1,1,0,0,dataset_large,numeric,Physicochemical mechanisms of bacterial response in the photodynamic potentiation of antibiotic effects.
PMC9729196,Nat Commun,2022,cc by,ok,3,2,0,0,1,dataset_medium,numeric,An in silico method to assess antibody fragment polyreactivity.
PMC9771818,Nature,2022,cc by,ok,4,1,0,0,3,dataset_large,numeric,Genetic diversity fuels gene discovery for tobacco and alcohol use.
PMC9720909,Breast Cancer Res,2022,cc by,ok,1,0,1,0,0,small_table,,Associations between quantitative measures of TDLU involution and breast tumor molecular subtypes among breast cancer cases in the Black Women's Health Study: a case-case analysis.
PMC9767463,Elife,2022,cc by,ok,4,0,1,0,1,small_table,,Weakly migratory metastatic breast cancer cells activate fibroblasts via microvesicle-Tg2 to facilitate dissemination and metastasis.
PMC10010678,Mol Omics,2022,cc by,ok,1,0,0,0,0,no_tabular_data,,Deciphering <i>O</i>-glycoprotease substrate preferences with O-Pair Search.
PMC9729116,Nat Genet,2022,cc by,ok,3,1,0,0,2,dataset_large,numeric,The landscape of tumor cell states and spatial organization in H3-K27M mutant diffuse midline glioma across age and location.
PMC9717504,Mob DNA,2022,cc by,ok,6,3,3,0,0,dataset_large,numeric,Generalized nuclear localization of retroelement transcripts.
PMC9717501,Biomark Res,2022,cc by,ok,2,1,0,0,1,dataset_medium,clinical,Protein biomarkers in cervicovaginal lavages for detection of endometrial cancer.
PMC9718832,Nat Commun,2022,cc by,ok,6,2,0,0,4,dataset_large,mixed;numeric,An NKX-COUP-TFII morphogenetic code directs mucosal endothelial addressin expression.
PMC9291697,Virulence,2022,cc by,ok,1,1,0,0,0,dataset_large,omics,Recombination events drives the emergence of Colombian <i>Helicobacter pylori</i> subpopulations with self-identity ancestry.
PMC9894220,Proc Natl Acad Sci U S A,2022,cc by-nc-nd,ok,7,5,1,0,1,dataset_large,numeric;omics,MEK inhibition enhances presentation of targetable MHC-I tumor antigens in mutant melanomas.
PMC9715696,Nat Commun,2022,cc by,ok,4,1,0,0,3,dataset_medium,numeric,Dietary glucosamine overcomes the defects in αβ-T cell ontogeny caused by the loss of de novo hexosamine biosynthesis.
PMC9894231,Proc Natl Acad Sci U S A,2022,cc by,ok,3,2,0,0,1,dataset_large,numeric;omics,High-throughput functional annotation of natural products by integrated activity profiling.
PMC9710764,PLoS One,2022,cc0,ok,3,0,2,0,0,small_table,,Multigroup prediction in lung cancer patients and comparative controls using signature of volatile organic compounds in breath samples.
PMC9715646,Nat Commun,2022,cc by,ok,8,2,1,0,4,dataset_large,numeric,PPM1D suppresses p53-dependent transactivation and cell death by inhibiting the Integrated Stress Response.
PMC9709157,Nat Commun,2022,cc by,ok,4,1,0,0,3,dataset_medium,numeric,Quadruple gene-engineered natural killer cells enable multi-antigen targeting for durable antitumor activity against multiple myeloma.
PMC9876612,Cell Rep,2022,cc by-nc-nd,ok,1,0,0,0,0,no_tabular_data,,IGF1 deficiency integrates stunted growth and neurodegeneration in Down syndrome.
PMC10035402,Cancer Res Commun,2022,cc by,ok,4,3,1,0,0,dataset_medium,mixed;omics,Multiregional Sequencing Analysis Reveals Extensive Genetic Heterogeneity in Gastric Tumors from Latinos.
PMC9705428,Nat Commun,2022,cc by,ok,6,2,0,0,4,dataset_large,mixed;numeric,Extensive germline-somatic interplay contributes to prostate cancer progression through HNF1B co-option of TMPRSS2-ERG.
PMC9712620,Nat Commun,2022,cc by,ok,6,2,0,0,3,dataset_medium,mixed;numeric,Extensive androgen receptor enhancer heterogeneity in primary prostate cancers underlies transcriptional diversity and metastatic potential.
PMC9745047,Front Mol Biosci,2022,cc by,ok,4,1,0,0,3,dataset_medium,mixed,Caspase-1 and the inflammasome promote polycystic kidney disease progression.
PMC9731498,PLoS Genet,2022,cc by,ok,1,1,0,0,0,dataset_medium,numeric,TGFβ pathway is required for viable gestation of Fanconi anemia embryos.
PMC9707256,BMC Bioinformatics,2022,cc by,ok,3,2,0,0,1,dataset_large,omics,Optimal construction of a functional interaction network from pooled library CRISPR fitness screens.
PMC9700836,Nat Commun,2022,cc by,ok,10,4,0,0,3,dataset_large,mixed;numeric,circCsnk1g3- and circAnkib1-regulated interferon responses in sarcoma promote tumorigenesis by shaping the immune microenvironment.
PMC9694070,BMC Health Serv Res,2022,cc by,ok,5,0,1,2,2,small_table,,Development and initial testing of a multi-stakeholder intervention for Lynch syndrome cascade screening: an intervention mapping approach.
PMC9701140,Nat Cancer,2022,cc by,ok,14,1,10,0,2,dataset_medium,omics,A phase I/Ib trial and biological correlate analysis of neoadjuvant SBRT with single-dose durvalumab in HPV-unrelated locally advanced HNSCC.
PMC9700862,Nat Commun,2022,cc by,ok,6,2,0,0,4,dataset_large,mixed;omics,Restoring cellular magnesium balance through Cyclin M4 protects against acetaminophen-induced liver damage.
PMC9699697,Elife,2022,cc by,ok,8,1,3,0,1,dataset_medium,numeric,Cell-intrinsic ceramides determine T cell function during melanoma progression.
PMC9701217,Nat Commun,2022,cc by,ok,12,8,1,0,3,dataset_large,mixed;numeric;omics,Epigenetic regulation of white adipose tissue plasticity and energy metabolism by nucleosome binding HMGN proteins.
PMC9700799,Nat Commun,2022,cc by,too_large,0,0,0,0,0,no_supp_retrieved,,High-throughput screening of caterpillars as a platform to study host-microbe interactions and enteric immunity.
PMC9701192,Commun Biol,2022,cc by,ok,5,1,0,0,4,dataset_large,mixed,A pipeline for malignancy and therapy agnostic assessment of cancer drug response using cell mass measurements.
PMC9718684,Nat Methods,2022,cc by,ok,19,9,3,0,2,dataset_large,mixed;numeric,Image-seq: spatially resolved single-cell sequencing guided by in situ and in vivo imaging.
PMC9683586,PLoS One,2022,cc by,ok,1,1,0,0,0,dataset_medium,mixed,Human papillomavirus genotyping using next generation sequencing (NGS) in cervical lesions: Genotypes by histologic grade and their relative proportion in multiple infections.
PMC9684150,Nat Commun,2022,cc by,ok,3,1,0,0,2,dataset_medium,numeric,Expanding cross-presenting dendritic cells enhances oncolytic virotherapy and is critical for long-term anti-tumor immunity.
PMC9684561,NPJ Precis Oncol,2022,cc by,ok,3,1,0,0,2,dataset_medium,mixed,MEK inhibitor resistance in lung adenocarcinoma is associated with addiction to sustained ERK suppression.
PMC9684126,Nat Commun,2022,cc by,ok,8,1,0,0,4,dataset_medium,numeric,Smc5/6's multifaceted DNA binding capacities stabilize branched DNA structures.
PMC9685921,Microbiome,2022,cc by,ok,11,1,0,0,9,dataset_large,numeric,Lactobacillus reuteri tryptophan metabolism promotes host susceptibility to CNS autoimmunity.
PMC9684530,Nat Commun,2022,cc by,ok,11,4,2,1,3,dataset_large,mixed;omics,Inflammatory bone marrow signaling in pediatric acute myeloid leukemia distinguishes patients with poor outcomes.
PMC9678885,Nat Commun,2022,cc by,ok,4,1,0,0,3,dataset_large,numeric,Regulome analysis in B-acute lymphoblastic leukemia exposes Core Binding Factor addiction as a therapeutic vulnerability.
PMC9681852,Nat Commun,2022,cc by,too_large,0,0,0,0,0,no_supp_retrieved,,Leveraging data-driven self-consistency for high-fidelity gene expression recovery.
PMC9748256,Am J Hum Genet,2022,cc by,ok,5,2,2,0,0,dataset_large,numeric,Calibration of computational tools for missense variant pathogenicity classification and ClinGen recommendations for PP3/BP4 criteria.
PMC9348753,Sci Transl Med,2022,cc by,ok,3,1,0,0,2,dataset_medium,numeric,SARS-CoV-2 mRNA vaccination elicits robust antibody responses in children.
PMC9684575,Nat Commun,2022,cc by,ok,5,3,0,0,2,dataset_medium,mixed;numeric;omics,Reversion mutations in germline BRCA1/2-mutant tumors reveal a BRCA-mediated phenotype in non-canonical histologies.
PMC9675837,Nat Commun,2022,cc by,ok,16,1,0,0,2,dataset_large,numeric,Feedback between mechanosensitive signaling and active forces governs endothelial junction integrity.
PMC9674686,Commun Biol,2022,cc by,ok,4,0,1,0,2,small_table,,UnMICST: Deep learning with real augmentation for robust segmentation of highly multiplexed images of human tissues.
PMC9712283,Front Endocrinol (Lausanne),2022,cc by,ok,10,0,2,0,6,small_table,,Microwell culture platform maintains viability and mass of human pancreatic islets.
PMC9676732,Nat Med,2022,cc by,ok,2,1,0,0,1,dataset_medium,numeric,Global and regional estimates of orphans attributed to maternal cancer mortality in 2020.
PMC9671962,Commun Biol,2022,cc by,ok,5,1,0,0,4,dataset_medium,omics,Pre-clinical investigation of astatine-211-parthanatine for high-risk neuroblastoma.
PMC9704728,Proc Natl Acad Sci U S A,2022,cc by,ok,8,5,2,0,1,dataset_medium,numeric;omics,Somatic 9p24.1 alterations in HPV<sup>-</sup> head and neck squamous cancer dictate immune microenvironment and anti-PD-1 checkpoint inhibitor activity.
PMC9674829,Nat Commun,2022,cc by,ok,3,1,0,0,2,dataset_medium,omics,"Centromere defects, chromosome instability, and cGAS-STING activation in systemic sclerosis."
PMC9675761,Nat Commun,2022,cc by,ok,5,1,0,0,4,dataset_medium,mixed,Transposable element-mediated rearrangements are prevalent in human genomes.
PMC9675812,Nat Commun,2022,cc by,ok,6,1,1,0,3,dataset_large,numeric,The non-catalytic role of DNA polymerase epsilon in replication initiation in human cells.
PMC9718671,Nat Methods,2022,cc by,ok,5,1,1,0,2,dataset_large,omics,"RS-FISH: precise, interactive, fast, and scalable FISH spot detection."
PMC9694096,Brain Behav Immun Health,2022,cc by-nc-nd,ok,1,0,1,0,0,small_table,,Stress hormones are associated with inflammatory cytokines and attenuation of T-cell function in the ascites from patients with high grade serous ovarian cancer.
PMC9668826,Nat Commun,2022,cc by,ok,4,0,1,0,3,small_table,,Elective nodal irradiation mitigates local and systemic immunity generated by combination radiation and immunotherapy in head and neck tumors.
PMC9743090,J Med Chem,2022,cc by,ok,2,0,0,0,1,no_tabular_data,,Induction of Ferroptosis in Glioblastoma and Ovarian Cancers by a New Pyrrole Tubulin Assembly Inhibitor.
PMC9713373,iScience,2022,cc by-nc-nd,ok,2,1,0,0,1,dataset_medium,omics,"Cellular and molecular effects of PNCK, a non-canonical kinase target in renal cell carcinoma."
PMC9666523,Nat Commun,2022,cc by,ok,4,0,1,0,3,small_table,,Interruption of post-Golgi STING trafficking activates tonic interferon signaling.
PMC9684076,Nature,2022,cc by,ok,6,1,0,0,2,dataset_large,omics,Effect of the intratumoral microbiota on spatial and cellular heterogeneity in cancer.
PMC9663498,Nat Commun,2022,cc by,ok,3,0,0,0,2,no_tabular_data,,The stress-inducible ER chaperone GRP78/BiP is upregulated during SARS-CoV-2 infection and acts as a pro-viral protein.
PMC9761386,J Biol Chem,2022,cc by,ok,10,1,0,0,1,dataset_large,numeric,Programmed death ligand 1 intracellular interactions with STAT3 and focal adhesion protein Paxillin facilitate lymphatic endothelial cell remodeling.
PMC9652226,Nat Commun,2022,cc by,ok,6,2,0,0,3,dataset_large,mixed;numeric,A nascent peptide code for translational control of mRNA stability in human cells.
PMC9650897,BMC Biol,2022,cc by,ok,2,1,0,0,1,dataset_medium,numeric,Systematic characterization of seed overlap microRNA cotargeting associated with lupus pathogenesis.
PMC9768573,Stem Cell Reports,2022,cc by-nc-nd,ok,3,0,0,0,2,tables_only,,Loss of mismatch repair promotes a direct selective advantage in human stem cells.
PMC9652914,J Transl Med,2022,cc by,ok,11,3,2,0,4,dataset_large,mixed;numeric,DNA methylation predicts the outcome of COVID-19 patients with acute respiratory distress syndrome.
PMC9683788,Elife,2022,cc by,ok,3,0,2,0,1,small_table,,T cell receptor convergence is an indicator of antigen-specific T cell response in cancer immunotherapies.
PMC9668746,Nature,2022,cc by,ok,19,10,4,0,3,dataset_large,mixed;numeric;omics,"Spatial genomics maps the structure, nature and evolution of cancer clones."
PMC9939256,Sci Transl Med,2022,cc by,ok,1,0,0,0,0,no_tabular_data,,Pooled screening of CAR T cells identifies diverse immune signaling domains for next-generation immunotherapies.
PMC9646734,Sci Rep,2022,cc by,ok,2,1,0,0,1,dataset_medium,mixed,Genomic analysis of early-stage lung cancer reveals a role for TP53 mutations in distant metastasis.
PMC9701143,Nat Cancer,2022,cc by,ok,24,8,7,0,7,dataset_large,numeric,MACHETE identifies interferon-encompassing chromosome 9p21.3 deletions as mediators of immune evasion and metastasis.
PMC9645660,PLoS Comput Biol,2022,cc by,ok,5,1,0,0,3,dataset_large,numeric,OrganoID: A versatile deep learning platform for tracking and analysis of single-organoid dynamics.
PMC9640623,Nat Commun,2022,cc by,ok,4,1,0,0,2,dataset_medium,numeric,SAMHD1 deacetylation by SIRT1 promotes DNA end resection by facilitating DNA binding at double-strand breaks.
PMC9639267,Breast Cancer Res,2022,cc by,ok,2,1,1,0,0,dataset_large,omics,A genome-wide association study of mammographic texture variation.
PMC9646774,Nat Commun,2022,cc by,ok,14,7,3,0,4,dataset_medium,mixed;numeric;omics,Single-cell profiling reveals a memory B cell-like subtype of follicular lymphoma with increased transformation risk.
PMC9678356,Elife,2022,cc by,ok,10,2,2,0,1,dataset_medium,numeric,Modeling single-cell phenotypes links yeast stress acclimation to transcriptional repression and pre-stress cellular states.
PMC9680092,Front Cardiovasc Med,2022,cc by,ok,5,4,0,0,1,dataset_large,numeric,Radiation therapy induces immunosenescence mediated by p90RSK.
PMC9651051,PeerJ,2022,cc by,ok,8,3,0,2,0,dataset_large,numeric,ScanFold 2.0: a rapid approach for identifying potential structured RNA targets in genomes and transcriptomes.
PMC9637158,Nat Commun,2022,cc by,ok,3,0,1,0,2,small_table,,The assembly of mammalian SWI/SNF chromatin remodeling complexes is regulated by lysine-methylation dependent proteolysis.
PMC9636824,Breast Cancer Res,2022,cc by,ok,8,4,1,1,1,dataset_large,mixed,"Loss of Brca1 and Trp53 in adult mouse mammary ductal epithelium results in development of hormone receptor-positive or hormone receptor-negative tumors, depending on inactivation of Rb family proteins."
PMC9640550,Sci Rep,2022,cc by,ok,2,1,1,0,0,dataset_large,numeric,Interactions between folate intake and genetic predictors of gene expression levels associated with colorectal cancer risk.
PMC9637134,Sci Rep,2022,cc by,ok,2,1,0,0,1,dataset_medium,numeric,Predicting overall survival in diffuse glioma from the presurgical connectome.
PMC9881670,Oral Oncol,2022,cc by-nc-nd,ok,1,0,0,0,0,no_tabular_data,,Mildly dysplastic oral lesions with optically-detectable abnormalities share genetic similarities with severely dysplastic lesions.
PMC9632827,PLoS Genet,2022,cc by,ok,22,4,4,0,13,dataset_medium,mixed;numeric,Exome-wide association study to identify rare variants influencing COVID-19 outcomes: Results from the Host Genetics Initiative.
PMC9792568,Mol Cell Proteomics,2022,cc by,ok,5,2,0,0,2,dataset_large,omics,A comparative Proteomics Analysis Identified Differentially Expressed Proteins in Pancreatic Cancer-Associated Stellate Cell Small Extracellular Vesicles.
PMC9646524,Nature,2022,cc by,ok,26,15,1,0,4,dataset_large,mixed;numeric;omics,Extracellular fluid viscosity enhances cell migration and cancer dissemination.
PMC9630410,Nat Commun,2022,cc by,ok,4,0,1,0,3,small_table,,FOXA1 repression drives lineage plasticity and immune heterogeneity in bladder cancers with squamous differentiation.
PMC9636269,Nat Commun,2022,cc by,ok,6,0,2,0,3,small_table,,Collaborative study from the Bladder Cancer Advocacy Network for the genomic analysis of metastatic urothelial cancer.
PMC9894566,Blood Cancer Discov,2022,cc by-nc-nd,ok,2,1,0,0,1,dataset_large,numeric,Targeting the EIF2AK1 Signaling Pathway Rescues Red Blood Cell Production in SF3B1-Mutant Myelodysplastic Syndromes With Ringed Sideroblasts.
PMC9647791,Blood Adv,2022,cc by-nc-nd,ok,2,1,0,0,1,dataset_medium,numeric,Anti-CD19 CAR T cells in combination with ibrutinib for the treatment of chronic lymphocytic leukemia.
PMC9630455,Nat Commun,2022,cc by,ok,16,9,2,0,4,dataset_large,clinical;mixed;numeric;omics,Uncertainty-informed deep learning models enable high-confidence predictions for digital histopathology.
PMC9708074,Elife,2022,cc by,ok,13,8,4,0,1,dataset_large,mixed;numeric,Single-cell transcriptomics identifies Keap1-Nrf2 regulated collective invasion in a <i>Drosophila</i> tumor model.
PMC9626503,Nat Commun,2022,cc by,ok,8,3,0,0,4,dataset_large,mixed;numeric,FOXQ1 recruits the MLL complex to activate transcription of EMT and promote breast cancer metastasis.
PMC9626559,Nat Commun,2022,cc by,ok,5,0,0,0,3,no_tabular_data,,Gut microbiome dysbiosis in antibiotic-treated COVID-19 patients is associated with microbial translocation and bacteremia.
PMC9474399,Blood,2022,,ok,2,1,0,0,1,dataset_medium,mixed,Clonal hematopoiesis of indeterminate potential and risk of death from COVID-19.
PMC9614536,Haematologica,2022,cc by-nc,ok,4,2,1,0,1,dataset_large,mixed;numeric,Resistance to PI3Kδ inhibitors in marginal zone lymphoma can be reverted by targeting the IL-6/PDGFRA axis.
PMC9632023,BMC Med,2022,cc by,ok,1,1,0,0,0,dataset_medium,clinical,Methylene blue for intractable pain from oral mucositis related to cancer treatment: a randomized phase 2 clinical trial.
PMC9676504,J Extracell Vesicles,2022,cc by-nc,ok,6,4,0,0,2,dataset_large,mixed;omics,Glioblastoma-derived extracellular vesicle subpopulations following 5-aminolevulinic acid treatment bear diagnostic implications.
PMC9648851,PLoS Genet,2022,cc by,ok,7,1,0,5,1,dataset_medium,mixed,Translational buffering by ribosome stalling in upstream open reading frames.
PMC9622713,Nat Commun,2022,cc by,ok,6,2,0,0,4,dataset_medium,mixed;numeric,Use of a glycomics array to establish the anti-carbohydrate antibody repertoire in type 1 diabetes.
PMC9753441,EMBO J,2022,cc by,ok,5,3,0,0,2,dataset_large,mixed;numeric,Subcellular location of source proteins improves prediction of neoantigens for immunotherapy.
PMC9629554,Biomark Insights,2022,cc by-nc,ok,4,4,0,0,0,dataset_large,numeric,MicroRNA Content of Ewing Sarcoma Derived Extracellular Vesicles Leads to Biomarker Potential and Identification of a Previously Undocumented EWS-FLI1 Translocation.
PMC9622836,Cell Death Discov,2022,cc by,ok,5,1,0,0,4,dataset_medium,mixed,DNAJA1- and conformational mutant p53-dependent inhibition of cancer cell migration by a novel compound identified through a virtual screen.
PMC9630379,Commun Med (Lond),2022,cc by,ok,6,4,0,0,2,dataset_medium,numeric,Genetic determinants for the racial disparities in the risk of prostate and testicular cancers.
PMC9626636,Nat Commun,2022,cc by,ok,10,0,4,0,3,small_table,,Unsupervised learning of aging principles from longitudinal data.
PMC9777703,Clin Cancer Res,2022,cc by-nc-nd,ok,13,2,0,0,11,dataset_large,mixed,Molecular Subclasses of Clear Cell Ovarian Carcinoma and Their Impact on Disease Behavior and Outcomes.
PMC9617949,Nat Commun,2022,cc by,ok,13,6,2,0,4,dataset_large,numeric,Neuronal CaMKK2 promotes immunosuppression and checkpoint blockade resistance in glioblastoma.
PMC9712993,J Biol Chem,2022,cc by,ok,3,0,2,0,1,small_table,,"A noncanonical RNA-binding domain of the fragile X protein, FMRP, elicits translational repression independent of mRNA G-quadruplexes."
PMC9621418,PLoS One,2022,cc by,ok,4,2,0,0,2,dataset_medium,mixed;numeric,Hereditary variants of unknown significance in African American women with breast cancer.
PMC9623390,Cancer Inform,2022,cc by-nc,ok,6,4,1,0,0,dataset_medium,clinical;numeric;omics,Integrated Molecular Analysis Reveals 2 Distinct Subtypes of Pure Seminoma of the Testis.
PMC9617926,Nat Commun,2022,cc by,ok,10,4,1,0,4,dataset_large,numeric;omics,Proteo-genomic characterization of virus-associated liver cancers reveals potential subtypes and therapeutic targets.
PMC9618026,Nat Commun,2022,cc by,ok,6,1,1,0,4,dataset_medium,omics,Mendelian randomization accounting for complex correlated horizontal pleiotropy while elucidating shared genetic etiology.
PMC9609265,Genome Med,2022,cc by,ok,2,1,0,0,1,dataset_large,clinical,"The lung microbiome, peripheral gene expression, and recurrence-free survival after resection of stage II non-small cell lung cancer."
PMC9613684,Nat Commun,2022,cc by,ok,4,0,0,0,3,no_tabular_data,,Targeting vasoactive intestinal peptide-mediated signaling enhances response to immune checkpoint therapy in pancreatic ductal adenocarcinoma.
PMC9684080,Nature,2022,cc by,ok,9,4,1,0,2,dataset_large,mixed,The co-evolution of the genome and epigenome in colorectal cancer.
PMC9617941,Nat Commun,2022,cc by,ok,4,1,0,0,3,dataset_large,numeric,G&lt;sub&gt;i/o&lt;/sub&gt; protein-coupled receptor inhibition of beta-cell electrical excitability and insulin secretion depends on Na&lt;sup&gt;+&lt;/sup&gt;/K&lt;sup&gt;+&lt;/sup&gt; ATPase activation.
PMC9613642,Nat Commun,2022,cc by,ok,10,1,0,0,5,dataset_medium,mixed,Divergent regulation of basement membrane trafficking by human macrophages and cancer cells.
PMC9644071,Front Genet,2022,cc by,ok,3,2,0,0,1,dataset_medium,mixed;numeric,"Genetic variants associated with circulating liver injury markers in Mexican Americans, a population at risk for non-alcoholic fatty liver disease."
PMC9712114,Nature,2022,cc by,ok,8,3,1,0,3,dataset_large,mixed;omics,Single-cell genomic variation induced by mutational processes in cancer.
PMC9684078,Nature,2022,cc by,ok,17,10,1,0,3,dataset_large,mixed;numeric;omics,Phenotypic plasticity and genetic control in colorectal cancer evolution.
PMC9597957,J Hematol Oncol,2022,cc by,ok,2,1,0,0,1,dataset_large,omics,Direct identification of HLA class I and class II-restricted T cell epitopes in pancreatic cancer tissues by mass spectrometry.
PMC9615627,Sci Rep,2022,cc by,ok,2,1,0,0,1,dataset_large,numeric,Smoking modulates different secretory subpopulations expressing SARS-CoV-2 entry genes in the nasal and bronchial airways.
PMC9607737,Nature,2022,cc by,ok,4,0,1,0,3,small_table,,Neoadjuvant relatlimab and nivolumab in resectable melanoma.
PMC9632905,PLoS Biol,2022,cc by,ok,17,1,0,0,8,dataset_medium,numeric,Phosphoinositide species and filamentous actin formation mediate engulfment by senescent tumor cells.
PMC9588766,NPJ Precis Oncol,2022,cc by,ok,3,2,0,0,1,dataset_large,numeric,Leveraging patient derived models of FGFR2 fusion positive intrahepatic cholangiocarcinoma to identify synergistic therapies.
PMC9606253,Nat Commun,2022,cc by,ok,14,11,0,0,3,dataset_large,mixed;numeric,Rescue of deficits by Brwd1 copy number restoration in the Ts65Dn mouse model of Down syndrome.
PMC9595358,Cell Rep Med,2022,cc by-nc-nd,ok,3,1,0,0,2,dataset_medium,numeric,Nucleocapsid-specific antibody function is associated with therapeutic benefits from COVID-19 convalescent plasma therapy.
PMC9646960,iScience,2022,cc by-nc-nd,ok,2,1,0,0,1,dataset_large,numeric,Endogenous metabolism in endothelial and immune cells generates most of the tissue vitamin B3 (nicotinamide).
PMC9590160,Biol Sex Differ,2022,cc by,ok,4,2,1,0,1,dataset_large,mixed;numeric,"Bile acid distributions, sex-specificity, and prognosis in colorectal cancer."
PMC9588015,Sci Rep,2022,cc by,ok,3,1,1,0,1,dataset_medium,mixed,Personalized ctDNA micro-panels can monitor and predict clinical outcomes for patients with triple-negative breast cancer.
PMC9830954,Sci Signal,2022,cc by,ok,1,0,0,0,1,no_tabular_data,,Host protein kinases required for SARS-CoV-2 nucleocapsid phosphorylation and viral replication.
PMC9632919,PLoS Pathog,2022,cc by,ok,2,1,0,0,1,dataset_medium,mixed,CD169-mediated restrictive SARS-CoV-2 infection of macrophages induces pro-inflammatory responses.
PMC9585761,Breast Cancer Res,2022,cc by,ok,3,1,2,0,0,dataset_medium,mixed,"PredictCBC-2.0: a contralateral breast cancer risk prediction model developed and validated in ~ 200,000 patients."
PMC9583468,Clin Proteomics,2022,cc by,ok,1,1,0,0,0,dataset_large,omics,Neoplastic cell enrichment of tumor tissues using coring and laser microdissection for proteomic and genomic analyses of pancreatic ductal adenocarcinoma.
PMC9587084,Environ Sci Eur,2022,cc by,ok,5,3,1,0,1,dataset_medium,mixed;omics,The NORMAN Suspect List Exchange (NORMAN-SLE): facilitating European and worldwide collaboration on suspect screening in high resolution mass spectrometry.
PMC9585694,J Biomed Semantics,2022,cc by,ok,4,1,1,0,2,dataset_medium,mixed,A comprehensive update on CIDO: the community-based coronavirus infectious disease ontology.
PMC9584922,Nat Commun,2022,cc by,ok,4,0,0,0,3,no_tabular_data,,Acute deletion of TET enzymes results in aneuploidy in mouse embryonic stem cells through decreased expression of Khdc3.
PMC9583500,Genome Med,2022,cc by,too_large,0,0,0,0,0,no_supp_retrieved,,Computational quantification and characterization of independently evolving cellular subpopulations within tumors is critical to inhibit anti-cancer therapy resistance.
PMC9588035,Nat Commun,2022,cc by,ok,9,2,4,0,3,dataset_large,numeric,Epigenetic control of chromosome-associated lncRNA genes essential for replication and stability.
PMC9631916,ACS Omega,2022,cc by-nc-nd,ok,2,1,0,0,1,dataset_large,numeric,Genome-wide CRISPR Screen Reveal Targets of Chiral Gold(I) Anticancer Compound in Mammalian Cells.
PMC9587254,NPJ Precis Oncol,2022,cc by,ok,3,1,0,0,2,dataset_large,omics,SRC-RAC1 signaling drives drug resistance to BRAF inhibition in de-differentiated cutaneous melanomas.
PMC9584441,Oncotarget,2022,cc by,ok,4,1,2,0,1,dataset_medium,numeric,Therapeutic efficacy of the humanized JAA-F11 anti-Thomsen-Friedenreich antibody constructs H2aL2a and H3L3 in human breast and lung cancer xenograft models.
PMC9586861,Nat Cancer,2022,cc by,ok,9,3,4,0,2,dataset_large,mixed;omics,A phase II study of talazoparib monotherapy in patients with wild-type BRCA1 and BRCA2 with a mutation in other homologous recombination genes.
PMC9584945,Nat Commun,2022,cc by,ok,4,1,0,0,3,dataset_medium,omics,Tumor-produced and aging-associated oncometabolite methylmalonic acid promotes cancer-associated fibroblast activation to drive metastatic progression.
PMC9612825,PLoS Comput Biol,2022,cc by,ok,10,5,0,0,5,dataset_medium,mixed;numeric,Kinetic and data-driven modeling of pancreatic β-cell central carbon metabolism and insulin secretion.
PMC9582000,Nat Commun,2022,cc by,ok,4,0,1,0,3,small_table,,P300 promotes tumor recurrence by regulating radiation-induced conversion of glioma stem cells to vascular-like cells.
PMC9578630,PLoS One,2022,cc by,ok,1,1,0,0,0,dataset_large,mixed,"Prevalence of multimorbidity in men of African descent with and without prostate cancer in Soweto, South Africa."
PMC9568651,Nat Commun,2022,cc by,ok,7,3,0,0,4,dataset_large,numeric;omics,DNA methylation at birth in monozygotic twins discordant for pediatric acute lymphoblastic leukemia.
PMC9562983,Nat Commun,2022,cc by,ok,3,1,0,0,2,dataset_medium,numeric,TGF-β-dependent lymphoid tissue residency of stem-like T cells limits response to tumor vaccine.
PMC9671803,Nat Med,2022,cc by,ok,3,1,0,0,2,dataset_medium,mixed,Clinical and molecular response to tebentafusp in previously treated patients with metastatic uveal melanoma: a phase 2 trial.
PMC9555101,BMC Cancer,2022,cc by,ok,8,1,3,4,0,dataset_large,numeric,"NSMCE2, a novel super-enhancer-regulated gene, is linked to poor prognosis and therapy resistance in breast cancer."
PMC9562361,Nat Commun,2022,cc by,ok,3,1,0,0,2,dataset_large,omics,Single cell analysis of cribriform prostate cancer reveals cell intrinsic and tumor microenvironmental pathways of aggressive disease.
PMC9729115,Nat Genet,2022,cc by,ok,29,13,6,0,10,dataset_large,clinical;mixed;numeric;omics,Loss of NECTIN1 triggers melanoma dissemination upon local IGF1 depletion.
PMC9553936,Nat Commun,2022,cc by,ok,4,1,0,0,3,dataset_medium,numeric,Monobody adapter for functional antibody display on nanoparticles for adaptable targeted delivery applications.
PMC9615116,ACS Cent Sci,2022,cc by,ok,6,4,0,0,2,dataset_large,mixed;omics,Direct Identification of Proteolytic Cleavages on Living Cells Using a Glycan-Tethered Peptide Ligase.
PMC9609053,ACS Omega,2022,cc by-nc-nd,ok,1,1,0,0,0,dataset_large,omics,Sequential Method for Analysis of CTCs and Exosomes from the Same Sample of Patient Blood.
PMC9792371,Nat Biomed Eng,2022,cc by,ok,8,2,5,0,1,dataset_large,mixed;numeric,Fast and scalable search of whole-slide images via self-supervised deep learning.
PMC9619300,iScience,2022,cc by-nc-nd,ok,5,3,1,0,1,dataset_medium,mixed;numeric;omics,<i>De novo</i> serine biosynthesis from glucose predicts sex-specific response to antifolates in non-small cell lung cancer cell lines.
PMC10035394,Cancer Res Commun,2022,cc by,ok,5,1,0,0,4,dataset_medium,omics,Under-Representation of Racial Groups in Genomics Studies of Gastroenteropancreatic Neuroendocrine Neoplasms.
PMC9627671,EMBO J,2022,cc by-nc-nd,ok,12,2,1,0,8,dataset_medium,numeric;omics,A rare human centenarian variant of SIRT6 enhances genome stability and interaction with Lamin A.
PMC9636025,Nat Methods,2022,cc by,ok,7,3,1,0,3,dataset_large,numeric;omics,Light-Seq: light-directed in situ barcoding of biomolecules in fixed cells and tissues for spatially indexed sequencing.
PMC9590235,Biomed Pharmacother,2022,cc by-nc-nd,ok,1,0,0,0,0,no_tabular_data,,Histone deacetylase inhibitors enhance oncolytic herpes simplex virus therapy for malignant meningioma.
PMC9537519,Commun Biol,2022,cc by,ok,5,1,0,0,4,dataset_large,mixed,Copy number variants as modifiers of breast cancer risk for BRCA1/BRCA2 pathogenic variant carriers.
PMC9536838,Elife,2022,cc by,ok,17,5,10,0,2,dataset_medium,mixed;numeric,Independent regulation of mitochondrial DNA quantity and quality in <i>Caenorhabditis elegans</i> primordial germ cells.
PMC9536598,PLoS One,2022,cc by,ok,8,2,6,0,0,dataset_medium,numeric,The IL-4/IL-13 signaling axis promotes prostatic fibrosis.
PMC9535845,BMC Med,2022,cc by,ok,2,1,0,0,1,dataset_medium,numeric,Assessment of genetic susceptibility to multiple primary cancers through whole-exome sequencing in two large multi-ancestry studies.
PMC9636422,Exp Mol Med,2022,cc by,ok,2,1,0,0,1,dataset_large,omics,"AZIN1 RNA editing alters protein interactions, leading to nuclear translocation and worse outcomes in prostate cancer."
PMC9536567,PLoS One,2022,cc by,ok,3,2,0,0,1,dataset_large,numeric;omics,Feasibility of a novel non-invasive swab technique for serial whole-exome sequencing of cervical tumors during chemoradiation therapy.
PMC9600254,mBio,2022,cc by,ok,3,0,3,0,0,small_table,,Diisonitrile Lipopeptides Mediate Resistance to Copper Starvation in Pathogenic Mycobacteria.
PMC9546862,Sci Rep,2022,cc by,ok,10,8,1,0,1,dataset_large,mixed;numeric;omics,Comparative genomic and biochemical analyses identify a collagen galactosylhydroxylysyl glucosyltransferase from Acanthamoeba polyphaga mimivirus.
PMC9531347,J Exp Clin Cancer Res,2022,cc by,ok,1,1,0,0,0,dataset_large,omics,Distinct immune signature predicts progression of vestibular schwannoma and unveils a possible viral etiology.
PMC9588640,Nature,2022,cc by,ok,19,2,9,0,3,dataset_medium,numeric,Collagenolysis-dependent DDR1 signalling dictates pancreatic cancer outcome.
PMC9584824,Nat Metab,2022,cc by,ok,8,3,0,0,4,dataset_large,numeric,GAB functions as a bioenergetic and signalling gatekeeper to control T cell inflammation.
PMC9532437,Signal Transduct Target Ther,2022,cc by,ok,7,4,2,0,1,dataset_large,mixed;numeric,Single-cell transcriptomic profiling reveals the tumor heterogeneity of small-cell lung cancer.
PMC9560553,PLoS Pathog,2022,cc by,ok,2,1,0,0,1,dataset_large,numeric,Modulation of the extracellular matrix by Streptococcus gallolyticus subsp. gallolyticus and importance in cell proliferation.
PMC9577940,J Immunother Cancer,2022,cc by-nc,ok,5,1,0,0,4,dataset_large,omics,Phase Ib study of pembrolizumab in combination with trastuzumab emtansine for metastatic HER2-positive breast cancer.
PMC9527525,Neuro Oncol,2022,cc by-nc,ok,2,0,1,0,1,small_table,,"Prospective genomically guided identification of ""early/evolving"" and ""undersampled"" IDH-wildtype glioblastoma leads to improved clinical outcomes."
PMC9530645,Mol Cancer Res,2022,cc by-nc-nd,ok,1,1,0,0,0,dataset_medium,numeric,Pan-Cancer Analysis Reveals Recurrent BCAR4 Gene Fusions across Solid Tumors.
PMC9578578,PLoS Pathog,2022,cc by,ok,2,1,0,0,1,dataset_large,omics,Human neutrophil IL1β directs intestinal epithelial cell extrusion during Salmonella infection.
PMC9524707,PLoS One,2022,cc by,ok,8,5,2,0,0,dataset_large,numeric;omics,Genomic insights into host and parasite interactions during intracellular infection by Toxoplasma gondii.
PMC9529101,PLoS One,2022,cc by,ok,5,1,0,0,4,dataset_medium,mixed,Simulation models of sugary drink policies: A scoping review.
PMC9560158,Elife,2022,cc by,ok,14,0,1,0,4,small_table,,Bronchus-associated macrophages efficiently capture and present soluble inhaled antigens and are capable of local Th2 cell activation.
PMC9529062,Hemasphere,2022,cc by,ok,2,1,0,0,1,dataset_medium,omics,Duplex Sequencing Uncovers Recurrent Low-frequency Cancer-associated Mutations in Infant and Childhood <i>KMT2A</i>-rearranged Acute Leukemia.
PMC9522828,Nat Commun,2022,cc by,ok,17,11,1,0,3,dataset_large,mixed;numeric;omics,Cost-effective methylome sequencing of cell-free DNA for accurately detecting and locating cancer.
PMC9524666,PLoS Genet,2022,cc by,ok,12,3,0,7,2,dataset_medium,mixed;omics,Widespread employment of conserved C. elegans homeobox genes in neuronal identity specification.
PMC9577935,J Immunother Cancer,2022,cc by-nc,ok,5,4,0,0,1,dataset_large,omics,Localized ablative immunotherapy drives de novo CD8<sup>+</sup> T-cell responses to poorly immunogenic tumors.
PMC9526499,Oncologist,2022,cc by-nc,ok,2,1,1,0,0,dataset_medium,numeric,Physician Payments from Pharmaceutical Companies Related to Cancer Drugs.
PMC9561606,Clin Cancer Res,2022,cc by-nc-nd,ok,4,0,1,1,2,small_table,,"Identification of a Molecularly-Defined Subset of Breast and Ovarian Cancer Models that Respond to WEE1 or ATR Inhibition, Overcoming PARP Inhibitor Resistance."
PMC9523023,Sci Rep,2022,cc by,ok,5,1,1,0,1,dataset_medium,numeric,p38MAPK guards the integrity of endosomal compartments through regulating necrotic death.
PMC9604157,Microbiol Spectr,2022,cc by,ok,2,0,1,0,1,small_table,,Exogenously Scavenged and Endogenously Synthesized Heme Are Differentially Utilized by Mycobacterium tuberculosis.
PMC9555662,PLoS Comput Biol,2022,cc by,ok,10,0,6,0,4,small_table,,Computational multiplex panel reduction to maximize information retention in breast cancer tissue microarrays.
PMC9515187,Nat Commun,2022,cc by,ok,8,2,2,0,3,dataset_medium,mixed;numeric,Rejuvenation of the aged brain immune cell landscape in mice through p16-positive senescent cell clearance.
PMC9515147,Nat Commun,2022,cc by,ok,4,1,0,0,3,dataset_large,numeric,Predicting the evolution of the Lassa virus endemic area and population at risk over the next decades.
PMC9519589,Sci Rep,2022,cc by,too_large,0,0,0,0,0,no_supp_retrieved,,Multiparameter analysis of timelapse imaging reveals kinetics of megakaryocytic erythroid progenitor clonal expansion and differentiation.
PMC9515221,Nat Commun,2022,cc by,ok,16,10,3,0,3,dataset_large,mixed;numeric;omics,TP53 mutations and RNA-binding protein MUSASHI-2 drive resistance to PRMT5-targeted therapy in B-cell lymphoma.
PMC9512400,Elife,2022,cc by,ok,13,1,1,0,11,dataset_medium,numeric,c-Myc plays a key role in IFN-γ-induced persistence of <i>Chlamydia trachomatis</i>.
PMC9681858,Br J Cancer,2022,cc by,ok,10,5,2,1,2,dataset_medium,numeric,Genome wide DNA methylation analysis identifies novel molecular subgroups and predicts survival in neuroblastoma.
PMC9519740,Nat Commun,2022,cc by,ok,4,0,1,0,3,small_table,,TFEB regulates sulfur amino acid and coenzyme A metabolism to support hepatic metabolic adaptation and redox homeostasis.
PMC9638851,EMBO Rep,2022,cc by,ok,13,3,1,0,8,dataset_large,omics,MCU controls melanoma progression through a redox-controlled phenotype switch.
PMC9509397,Nat Commun,2022,cc by,ok,3,1,0,0,2,dataset_medium,numeric,Interferon gamma mediates the reduction of adipose tissue regulatory T cells in human obesity.
PMC9652445,Clin Transl Sci,2022,cc by-nc,ok,3,2,1,0,0,dataset_medium,numeric,Lipidomics of cyclophosphamide 4-hydroxylation in patients receiving post-transplant cyclophosphamide.
PMC9508258,Blood Cancer J,2022,cc by,ok,2,0,2,0,0,small_table,,Integrative analysis identifies an older female-linked AML patient group with better risk in ECOG-ACRIN Cancer Research Group's clinical trial E3999.
PMC9512825,Nat Commun,2022,cc by,ok,6,1,0,0,4,dataset_medium,omics,Modeling tissue-specific breakpoint proximity of structural variations from whole-genomes to identify cancer drivers.
PMC9539451,Front Immunol,2022,cc by,ok,1,0,1,0,0,small_table,,A real-time GPU-accelerated parallelized image processor for large-scale multiplexed fluorescence microscopy data.
PMC9556930,iScience,2022,cc by-nc-nd,ok,5,3,0,0,2,dataset_large,mixed;numeric,Differential N-terminal processing of beta and gamma actin.
PMC9534600,Front Oncol,2022,cc by,ok,1,0,1,0,0,small_table,,A major role for Nrf2 transcription factors in cell transformation by KSHV encoded oncogenes.
PMC9508103,Nat Commun,2022,cc by,too_large,0,0,0,0,0,no_supp_retrieved,,CNS myelination requires VAMP2/3-mediated membrane expansion in oligodendrocytes.
PMC9492777,Nat Commun,2022,cc by,ok,4,1,0,0,3,dataset_medium,numeric,Reaction-based fluorogenic probes for detecting protein cysteine oxidation in living cells.
PMC9492699,Commun Biol,2022,cc by,ok,5,1,0,0,4,dataset_medium,numeric,Blockade of PGK1 and ALDOA enhances bilirubin control of Th17 cells in Crohn's disease.
PMC9713070,EJHaem,2022,cc by,ok,2,1,0,1,0,dataset_large,mixed,"Establishment and characterization of a new mantle cell lymphoma cell line with a NOTCH2 mutation, Arbo."
PMC9484160,BMC Genomics,2022,cc by,ok,2,0,0,0,1,tables_only,,A robust and transformation-free joint model with matching and regularization for metagenomic trajectory and disease onset.
PMC9522329,Proc Natl Acad Sci U S A,2022,cc by-nc-nd,ok,4,2,1,0,1,dataset_large,omics,Lysosomal cathepsin D mediates endogenous mucin glycodomain catabolism in mammals.
PMC9498964,PLoS Biol,2022,cc by,ok,5,1,1,0,2,dataset_large,omics,Primary and metastatic tumors exhibit systems-level differences in dependence on mitochondrial respiratory function.
PMC9485166,Nat Commun,2022,cc by,ok,9,1,1,0,4,dataset_large,numeric,Modeling human HSV infection via a vascularized immune-competent skin-on-chip platform.
PMC9488546,J Med Internet Res,2022,cc by,ok,3,1,1,0,1,dataset_medium,mixed,The Impact of the COVID-19 Pandemic on Internet Use and the Use of Digital Health Tools: Secondary Analysis of the 2020 Health Information National Trends Survey.
PMC9485122,Nat Commun,2022,cc by,ok,3,1,0,0,2,dataset_large,numeric,Integrated stem cell signature and cytomolecular risk determination in pediatric acute myeloid leukemia.
PMC9485123,Commun Biol,2022,cc by,ok,10,4,2,0,4,dataset_medium,numeric;omics,Stretching muscle cells induces transcriptional and splicing transitions and changes in SR proteins.
PMC9479231,BMC Med Genomics,2022,cc by,ok,8,1,0,0,7,dataset_medium,numeric,Quality control recommendations for RNASeq using FFPE samples based on pre-sequencing lab metrics and post-sequencing bioinformatics metrics.
PMC9594772,ACS Synth Biol,2022,cc by,ok,2,1,0,0,1,dataset_medium,mixed,Functional Comparison between Endogenous and Synthetic Notch Systems.
PMC9481613,Nat Commun,2022,cc by,ok,4,1,0,0,3,dataset_medium,numeric,Conserved features of TERT promoter duplications reveal an activation mechanism that mimics hotspot mutations in cancer.
PMC9477881,Nat Commun,2022,cc by,ok,8,3,1,0,4,dataset_large,mixed;omics,Murine fetal bone marrow does not support functional hematopoietic stem and progenitor cells until birth.
PMC9997094,Mitochondrion,2022,cc by-nc-nd,ok,1,0,0,0,0,no_tabular_data,,"Mitochondrial DNA haplogroup, genetic ancestry, and susceptibility to Ewing sarcoma."
PMC9472407,Genome Biol,2022,cc by,ok,4,1,0,0,3,dataset_medium,mixed,Testing the generalizability of ancestry-specific polygenic risk scores to predict prostate cancer in sub-Saharan Africa.
PMC9648417,Cancer Res Commun,2022,cc by,ok,4,0,3,0,1,small_table,,SLFN11 negatively regulates non-canonical NFkB signaling to promote glioblastoma progression.
PMC9499858,Nat Med,2022,cc by,ok,3,1,0,0,2,dataset_large,numeric,Variability of strain engraftment and predictability of microbiome composition after fecal microbiota transplantation across different diseases.
PMC9510767,Front Genet,2022,cc by,ok,1,1,0,0,0,dataset_medium,mixed,10 Years of Toxicogenomics section in Frontiers in Genetics: Past discoveries and Future Perspectives.
PMC9469539,J Neuroinflammation,2022,cc by,ok,1,1,0,0,0,dataset_medium,numeric,Chronic delta-9-tetrahydrocannabinol (THC) treatment counteracts SIV-induced modulation of proinflammatory microRNA cargo in basal ganglia-derived extracellular vesicles.
PMC9477876,Nat Commun,2022,cc by,ok,8,5,0,0,3,dataset_large,numeric;omics,Transcriptional profiling of matched patient biopsies clarifies molecular determinants of enzalutamide-induced lineage plasticity.
PMC9515784,Front Oncol,2022,cc by,ok,1,0,1,0,0,small_table,,Hospitalized cancer patients with comorbidities and low lymphocyte counts had poor clinical outcomes to immune checkpoint inhibitors.
PMC9574515,J Biol Chem,2022,cc by,ok,10,2,0,0,8,dataset_large,numeric,"A STUB1 ubiquitin ligase/CHIC2 protein complex negatively regulates the IL-3, IL-5, and GM-CSF cytokine receptor common β chain (CSF2RB) protein stability."
PMC9467357,PLoS One,2022,cc by,ok,7,1,0,0,6,dataset_medium,numeric,Critical evaluation of an autologous peripheral blood mononuclear cell-based humanized cancer model.
PMC9474870,Commun Biol,2022,cc by,ok,9,0,4,0,3,small_table,,Oral microbial extracellular DNA initiates periodontitis through gingival degradation by fibroblast-derived cathepsin K in mice.
PMC9473445,PLoS One,2022,cc by,ok,4,1,0,0,3,dataset_large,numeric,Perish and publish: Dynamics of biomedical publications by deceased authors.
PMC9499273,PLoS Pathog,2022,cc by,ok,3,0,2,0,1,small_table,,Novel viral splicing events and open reading frames revealed by long-read direct RNA sequencing of adenovirus transcripts.
PMC9473689,Elife,2022,cc by,ok,17,8,1,0,3,dataset_medium,numeric;omics,Innexin function dictates the spatial relationship between distal somatic cells in the <i>Caenorhabditis elegans</i> gonad without impacting the germline stem cell pool.
PMC9470157,Elife,2022,cc by,ok,2,0,1,0,1,small_table,,A unified view of low complexity regions (LCRs) across species.
PMC9469990,PLoS One,2022,cc by,ok,12,5,2,0,3,dataset_large,mixed;numeric,The genomic landscape of canine osteosarcoma cell lines reveals conserved structural complexity and pathway alterations.
PMC9470702,Nat Commun,2022,cc by,ok,3,0,1,0,2,small_table,,Interleukin-1 contributes to clonal expansion and progression of bone marrow fibrosis in JAK2V617F-induced myeloproliferative neoplasm.
PMC9468155,Sci Rep,2022,cc by,ok,5,1,0,0,4,dataset_medium,numeric,Evaluation of fluorescence-based viability stains in cells dissociated from scleractinian coral Pocillopora damicornis.
PMC9499598,Proc Natl Acad Sci U S A,2022,cc by-nc-nd,ok,6,5,0,0,1,dataset_large,mixed;numeric;omics,Arsenite toxicity is regulated by queuine availability and oxidation-induced reprogramming of the human tRNA epitranscriptome.
PMC9463168,Nat Commun,2022,cc by,ok,4,0,0,0,3,no_tabular_data,,Lagging strand gap suppression connects BRCA-mediated fork protection to nucleosome assembly through PCNA-dependent CAF-1 recycling.
PMC9461263,Genome Med,2022,cc by,ok,8,4,3,0,1,dataset_large,numeric,Leveraging genomic diversity for discovery in an electronic health record linked biobank: the UCLA ATLAS Community Health Initiative.
PMC9461201,BMC Med,2022,cc by,ok,6,1,1,0,1,dataset_medium,omics,Dissection of transcriptome dysregulation and immune characterization in women with germline BRCA1 mutation at single-cell resolution.
PMC9593740,Mol Cell Proteomics,2022,cc by,ok,4,2,1,0,1,dataset_large,numeric;omics,Improving Statistical Certainty of Glycosylation Similarity between Influenza A Virus Variants Using Data-Independent Acquisition Mass Spectrometry.
PMC9536274,JCI Insight,2022,cc by,ok,3,2,0,0,1,dataset_medium,numeric;omics,Succinate dehydrogenase inversely regulates red cell distribution width and healthy life span in chronically hypoxic mice.
PMC9461447,Nat Commun,2022,cc by,ok,14,6,4,0,4,dataset_large,mixed;numeric;omics,CAR-T cell therapy-related cytokine release syndrome and therapeutic response is modulated by the gut microbiome in hematologic malignancies.
PMC9464371,BMC Med Genomics,2022,cc by,ok,2,1,0,0,1,dataset_medium,mixed,Genetic pleiotropy underpinning adiposity and inflammation in self-identified Hispanic/Latino populations.
PMC9582795,Mol Cell Proteomics,2022,cc by-nc-nd,ok,10,9,1,0,0,dataset_large,numeric;omics,Comparative Proteomic Analysis Identifies Key Metabolic Regulators of Gemcitabine Resistance in Pancreatic Cancer.
PMC9549706,EMBO Mol Med,2022,cc by,ok,5,0,2,0,3,small_table,,Proteolytically generated soluble Tweak Receptor Fn14 is a blood biomarker for γ-secretase activity.
PMC9500393,Front Immunol,2022,cc by,ok,3,1,1,0,1,dataset_medium,omics,Case report: A persistently expanded T cell response in an exceptional responder to radiation and atezolizumab for metastatic non-small cell lung cancer.
PMC9448784,NPJ Precis Oncol,2022,cc by,ok,4,1,1,0,2,dataset_medium,mixed,Circulating tumor DNA sequencing provides comprehensive mutation profiling for pediatric central nervous system tumors.
PMC9451534,Elife,2022,cc by,ok,12,1,1,0,1,dataset_medium,mixed,Recovering mixtures of fast-diffusing states from short single-particle trajectories.
PMC9446843,J Transl Med,2022,cc by,ok,2,0,1,0,1,small_table,,Higher polygenic risk for melanoma is associated with improved survival in a high ultraviolet radiation setting.
PMC9512659,Cell Rep Med,2022,cc by,ok,8,4,1,0,2,dataset_medium,mixed;numeric,Design principles to assemble drug combinations for effective tuberculosis therapy using interpretable pairwise drug response measurements.
PMC9458655,Nat Commun,2022,cc by,ok,4,1,1,0,2,dataset_large,omics,Germline-somatic JAK2 interactions are associated with clonal expansion in myelofibrosis.
PMC9448806,Nat Commun,2022,cc by,ok,10,6,1,0,3,dataset_large,mixed;numeric;omics,Lactate increases stemness of CD8 + T cells to augment anti-tumor immunity.
PMC9458747,Nat Commun,2022,cc by,ok,4,0,1,0,3,small_table,,"Multi-pathway DNA-repair reporters reveal competition between end-joining, single-strand annealing and homologous recombination at Cas9-induced DNA double-strand breaks."
PMC9455855,PLoS One,2022,cc0,ok,4,1,1,0,2,dataset_large,clinical,The characteristics of bacteremia among patients with acute febrile illness requiring hospitalization in Indonesia.
PMC9481459,Nat Cell Biol,2022,cc by,too_large,0,0,0,0,0,no_supp_retrieved,,Massively parallel genomic perturbations with multi-target CRISPR interrogates Cas9 activity and DNA repair at endogenous sites.
PMC9550684,Breast Cancer Res Treat,2022,cc by,ok,2,1,1,0,0,dataset_medium,clinical,Highly accurate response prediction in high-risk early breast cancer patients using a biophysical simulation platform.
PMC10010310,Cancer Res Commun,2022,cc by,ok,3,1,0,0,2,dataset_medium,mixed,An Informatics Bridge to Improve the Design and Efficiency of Phase I Clinical Trials for Anticancer Drug Combinations.
PMC9440216,Sci Rep,2022,cc by,ok,5,4,0,0,1,dataset_medium,numeric,ICOS is upregulated on T cells following radiation and agonism combined with radiation results in enhanced tumor control.
PMC9438248,Genome Biol,2022,cc by,ok,4,0,1,0,2,small_table,,MIRTH: Metabolite Imputation via Rank-Transformation and Harmonization.
PMC9438314,BMC Cancer,2022,cc by,ok,2,0,1,0,1,small_table,,"Metagenomes of rectal swabs in larger, advanced stage cervical cancers have enhanced mucus degrading functionalities and distinct taxonomic structure."
PMC9487630,Brief Bioinform,2022,cc by,ok,8,3,3,0,1,dataset_medium,mixed;numeric;omics,A Markov random field model-based approach for differentially expressed gene detection from single-cell RNA-seq data.
PMC9662924,Clin Cancer Res,2022,cc by-nc-nd,ok,9,1,0,6,2,dataset_medium,mixed,Baseline Serum Autoantibody Signatures Predict Recurrence and Toxicity in Melanoma Patients Receiving Adjuvant Immune Checkpoint Blockade.
PMC9478530,Cancer Res,2022,cc by-nc-nd,ok,15,3,2,9,1,dataset_large,mixed;numeric,Targeting RAS Mutant Colorectal Cancer with Dual Inhibition of MEK and CDK4/6.
PMC9437568,Cancer Discov,2022,cc by-nc-nd,ok,8,2,1,0,5,dataset_large,mixed;omics,"AACR Project GENIE: 100,000 Cases and Beyond."
PMC9441716,J Exp Med,2022,cc by-nc-sa,ok,15,2,7,0,6,dataset_medium,mixed;omics,Megakaryopoiesis impairment through acute innate immune signaling activation by azacitidine.
PMC9440225,Sci Rep,2022,cc by,ok,5,1,0,0,4,dataset_medium,numeric,Selective transfer of maternal antibodies in preterm and fullterm children.
PMC9439193,PLoS One,2022,cc by,ok,1,1,0,0,0,dataset_medium,omics,Dietary fiber intake and metabolic syndrome in postmenopausal African American women with obesity.
PMC9437063,Commun Biol,2022,cc by,ok,12,1,5,0,4,dataset_medium,omics,Reversible epigenetic alterations regulate class I HLA loss in prostate cancer.
PMC9437030,Sci Rep,2022,cc by,ok,1,1,0,0,0,dataset_medium,omics,Urinary marker panels for aggressive prostate cancer detection.
PMC9465418,Front Oncol,2022,cc by,ok,2,0,0,1,0,tables_only,,Radiation induces ESCRT pathway dependent CD44v3<sup>+</sup> extracellular vesicle production stimulating pro-tumor fibroblast activity in breast cancer.
PMC9499856,Nat Med,2022,cc by,ok,3,1,0,0,2,dataset_large,omics,Tumor immune contexture is a determinant of anti-CD19 CAR T cell efficacy in large B cell lymphoma.
PMC9513783,J Biol Chem,2022,cc by,ok,3,2,0,0,1,dataset_medium,mixed;numeric,Protein arginine methyltransferase 5 is essential for oncogene product EWSR1-ATF1-mediated gene transcription in clear cell sarcoma.
PMC9580881,Mol Oncol,2022,cc by,ok,5,1,0,1,3,dataset_medium,omics,Identification and targeting of a HES1-YAP1-CDKN1C functional interaction in fusion-negative rhabdomyosarcoma.
PMC9418176,Nat Commun,2022,cc by,ok,5,0,1,0,3,small_table,,DAXX-ATRX regulation of p53 chromatin binding and DNA damage response.
PMC9586871,Nat Cancer,2022,cc by,ok,18,8,8,0,2,dataset_large,mixed;numeric;omics,"Multimodal integration of radiology, pathology and genomics for prediction of response to PD-(L)1 blockade in patients with non-small cell lung cancer."
PMC9480855,Genes Dev,2022,cc by-nc,ok,6,2,1,0,2,dataset_large,mixed;omics,Both YAP1-MAML2 and constitutively active YAP1 drive the formation of tumors that resemble NF2 mutant meningiomas in mice.
PMC9400285,BMC Biol,2022,cc by,ok,4,1,0,0,2,dataset_large,clinical,Analysis of KIR gene variants in The Cancer Genome Atlas and UK Biobank using KIRCLE.
PMC9512470,Hepatol Commun,2022,cc by-nc-nd,ok,3,3,0,0,0,dataset_large,numeric;omics,β-catenin cancer-enhancing genomic regions axis is involved in the development of fibrolamellar hepatocellular carcinoma.
PMC9399096,Nat Commun,2022,cc by,ok,4,1,0,0,3,dataset_medium,numeric,Multifunctional nanoparticle potentiates the in situ vaccination effect of radiation therapy and enhances response to immune checkpoint blockade.
PMC9418136,Nat Commun,2022,cc by,ok,4,1,0,0,3,dataset_large,numeric,Efficient DNA fluorescence labeling via base excision trapping.
PMC9395154,Alzheimers Dement (N Y),2022,cc by-nc-nd,ok,12,5,1,0,6,dataset_medium,omics,Fingolimod mitigates synaptic deficits and psychosis-like behavior in APP/PSEN1 mice.
PMC9395431,Nat Commun,2022,cc by,ok,4,1,1,0,2,dataset_large,mixed,Whole Genome Association Study of the Plasma Metabolome Identifies Metabolites Linked to Cardiometabolic Disease in Black Individuals.
PMC9409561,PLoS One,2022,cc by,ok,5,1,2,0,2,dataset_medium,numeric,Short-form adaptive measure of financial toxicity from the Economic Strain and Resilience in Cancer (ENRICh) study: Derivation using modern psychometric techniques.
PMC9470535,Nat Genet,2022,cc by,ok,8,5,0,0,2,dataset_large,mixed;numeric;omics,Spatially restricted drivers and transitional cell populations cooperate with the microenvironment in untreated and chemo-resistant pancreatic cancer.
PMC9436123,PLoS Genet,2022,cc by,ok,8,2,0,0,0,dataset_large,clinical,Reduced sister chromatid cohesion acts as a tumor penetrance modifier.
PMC9400270,J Exp Clin Cancer Res,2022,cc by,ok,7,5,1,0,1,dataset_large,numeric;omics,"Identification of novel early pancreatic cancer biomarkers KIF5B and SFRP2 from ""first contact"" interactions in the tumor microenvironment."
PMC9518748,Cell Genom,2022,cc by-nc-nd,ok,9,5,1,0,2,dataset_large,mixed;numeric,A patient-driven clinicogenomic partnership for metastatic prostate cancer.
PMC9392266,Epigenetics Chromatin,2022,cc by,ok,5,1,2,0,2,dataset_large,numeric,PDS5A and PDS5B differentially affect gene expression without altering cohesin localization across the genome.
PMC9386996,Acta Neuropathol Commun,2022,cc by,ok,2,0,0,0,0,no_tabular_data,,C5aR1 antagonism alters microglial polarization and mitigates disease progression in a mouse model of Alzheimer's disease.
PMC9481922,Stem Cell Reports,2022,cc by,ok,9,1,0,0,2,dataset_medium,mixed,Rapid tissue prototyping with micro-organospheres.
PMC9442791,J Proteome Res,2022,cc by,ok,7,3,3,0,1,dataset_large,numeric;omics,Subgroup-Enriched Pathways and Kinase Signatures in Medulloblastoma Patient-Derived Xenografts.
PMC9385702,Nat Commun,2022,cc by,too_large,0,0,0,0,0,no_supp_retrieved,,A nanoengineered topical transmucosal cisplatin delivery system induces anti-tumor response in animal models and patients with oral cancer.
PMC9385633,NPJ Precis Oncol,2022,cc by,ok,6,4,0,0,2,dataset_large,mixed;omics,Multi-omics data integration and modeling unravels new mechanisms for pancreatic cancer and improves prognostic prediction.
PMC9381513,Nat Commun,2022,cc by,ok,17,3,10,0,4,dataset_large,mixed;omics,Single cell spatial analysis reveals the topology of immunomodulatory purinergic signaling in glioblastoma.
PMC9387837,PLoS One,2022,cc by,ok,4,2,0,0,1,dataset_large,numeric,Acyloxyacyl hydrolase regulates microglia-mediated pelvic pain.
PMC9381535,Nat Commun,2022,cc by,ok,4,1,0,0,3,dataset_medium,numeric,Mannose ameliorates experimental colitis by protecting intestinal barrier integrity.
PMC9420996,Front Physiol,2022,cc by,ok,6,3,0,0,3,dataset_large,numeric;omics,Multi-tissue transcriptional changes and core circadian clock disruption following intensive care.
PMC9423679,Front Oncol,2022,cc by,ok,3,2,0,1,0,dataset_large,numeric;omics,Fatty acid desaturase 1 (FADS1) is a cancer marker for patient survival and a potential novel target for precision cancer treatment.
PMC9407673,Proc Natl Acad Sci U S A,2022,cc by-nc-nd,ok,4,1,2,0,1,dataset_medium,numeric,Bromodomain inhibition overcomes treatment resistance in distinct molecular subtypes of melanoma.
PMC9507127,Elife,2022,cc by,ok,14,6,4,0,1,dataset_medium,numeric,PLK4 drives centriole amplification and apical surface area expansion in multiciliated cells.
PMC9513271,J Biol Chem,2022,cc by-nc-nd,ok,5,4,0,0,1,dataset_large,mixed;numeric;omics,Proximity labeling of endogenous RICTOR identifies mTOR complex 2 regulation by ADP ribosylation factor ARF1.
PMC9377129,Genome Med,2022,cc by,ok,4,1,1,0,1,dataset_medium,omics,Diagnostic yield and clinical relevance of expanded genetic testing for cancer patients.
PMC9403360,Patterns (N Y),2022,cc by-nc-nd,ok,3,0,3,0,0,small_table,,"The &lt;i&gt;All of Us&lt;/i&gt; Research Program: Data quality, utility, and diversity."
PMC9372016,Cell Mol Life Sci,2022,cc by,ok,10,7,2,0,1,dataset_large,mixed;omics,Systems spatiotemporal dynamics of traumatic brain injury at single-cell resolution reveals humanin as a therapeutic target.
PMC9365794,NPJ Parkinsons Dis,2022,cc by,ok,5,4,0,0,1,dataset_large,mixed;omics,Reduced synaptic activity and dysregulated extracellular matrix pathways in midbrain neurons from Parkinson's disease patients.
PMC9374731,Commun Biol,2022,cc by,ok,5,0,1,0,4,small_table,,IL-1-dependent enteric gliosis guides intestinal inflammation and dysmotility and modulates macrophage function.
PMC9402440,Nature,2022,cc by,ok,4,1,0,0,3,dataset_large,omics,Diverse mutational landscapes in human lymphocytes.
PMC9468105,Acta Neuropathol,2022,cc by,ok,2,1,0,0,1,dataset_large,omics,Multiplatform molecular analyses refine classification of gliomas arising in patients with neurofibromatosis type 1.
PMC9363494,Commun Biol,2022,cc by,ok,7,2,0,0,4,dataset_medium,numeric,C-terminal truncation modulates α-Synuclein's cytotoxicity and aggregation by promoting the interactions with membrane and chaperone.
PMC9467882,J Biol Chem,2022,cc by,ok,2,1,0,0,1,dataset_medium,omics,Extracellular 5'-methylthioadenosine inhibits intracellular symmetric dimethylarginine protein methylation of FUSE-binding proteins.
PMC9360445,Nat Commun,2022,cc by,ok,3,1,0,0,2,dataset_large,numeric,A long-acting formulation of rifabutin is effective for prevention and treatment of Mycobacterium tuberculosis.
PMC9360004,Nat Commun,2022,cc by,ok,10,4,2,0,4,dataset_large,mixed;numeric;omics,Adaptation to chronic ER stress enforces pancreatic β-cell plasticity.
PMC9426528,mBio,2022,cc by,ok,9,2,0,0,7,dataset_large,mixed;numeric,Light/Dark and Temperature Cycling Modulate Metabolic Electron Flow in Pseudomonas aeruginosa Biofilms.
PMC9360018,Commun Biol,2022,cc by,ok,16,1,1,0,4,dataset_medium,omics,"Multiparametric quantitative phase imaging for real-time, single cell, drug screening in breast cancer."
PMC9360428,NPJ Precis Oncol,2022,cc by,ok,3,1,0,0,2,dataset_large,omics,A single-cell based precision medicine approach using glioblastoma patient-specific models.
PMC9356575,Heliyon,2022,cc by-nc-nd,ok,17,3,3,0,10,dataset_medium,numeric,Quantitative chest computed tomography combined with plasma cytokines predict outcomes in COVID-19 patients.
PMC9542977,Neuropathol Appl Neurobiol,2022,cc by,ok,4,2,2,0,0,dataset_medium,clinical;mixed,The genomic landscape of dysembryoplastic neuroepithelial tumours and a comprehensive analysis of recurrent cases.
PMC9360437,Nat Commun,2022,cc by,ok,4,1,0,0,3,dataset_large,numeric,Blocking ActRIIB and restoring appetite reverses cachexia and improves survival in mice with lung cancer.
PMC9361917,Appl Microbiol Biotechnol,2022,cc by,ok,2,1,0,0,1,dataset_large,numeric,Bacterial communities of hookah tobacco products are diverse and differ across brands and flavors.
PMC9586870,Nat Cancer,2022,cc by,ok,12,11,0,0,1,dataset_large,clinical;mixed;numeric;omics,cfDNA methylome profiling for detection and subtyping of small cell lung cancers.
PMC9359553,PLoS One,2022,cc by,ok,1,0,1,0,0,small_table,,Evaluation of the use of a novel bioabsorbable polymer drug-eluting microsphere for transarterial embolization of hepatocellular neoplasia in dogs.
PMC9462470,JCI Insight,2022,cc by,ok,2,0,2,0,0,small_table,,Markers of fungal translocation are elevated during post-acute sequelae of SARS-CoV-2 and induce NF-κB signaling.
PMC9352658,Nat Commun,2022,cc by,ok,4,1,0,0,3,dataset_large,numeric,Poly(ADP) ribose polymerase promotes DNA polymerase theta-mediated end joining by activation of end resection.
PMC9354433,Microbiome,2022,cc by,ok,4,1,0,0,2,dataset_medium,mixed,"Microbial risk score for capturing microbial characteristics, integrating multi-omics data, and predicting disease risk."
PMC9359916,Nat Cell Biol,2022,cc by,ok,24,6,6,0,8,dataset_medium,numeric;omics,Nucleotide imbalance decouples cell growth from cell proliferation.
PMC9352714,Nat Commun,2022,cc by,ok,5,1,0,0,3,dataset_large,numeric,Accurate determination of CRISPR-mediated gene fitness in transplantable tumours.
PMC9380910,PLoS Comput Biol,2022,cc by,ok,15,2,0,0,13,dataset_medium,mixed,Computational approach to modeling microbiome landscapes associated with chronic human disease progression.
PMC10025763,Genomics Proteomics Bioinformatics,2022,cc by,ok,5,3,2,0,0,dataset_medium,mixed;numeric,Assessment and Optimization of Explainable Machine Learning Models Applied to Transcriptomic Data.
PMC9417991,Leukemia,2022,cc by,ok,2,1,0,0,1,dataset_large,mixed,Genomic landscape of patients with FLT3-mutated acute myeloid leukemia (AML) treated within the CALGB 10603/RATIFY trial.
PMC9349320,Nat Commun,2022,cc by,ok,6,2,0,0,4,dataset_large,numeric,The spatio-temporal evolution of multiple myeloma from baseline to relapse-refractory states.
PMC9352875,Nat Commun,2022,cc by,ok,4,1,0,0,3,dataset_large,numeric,Pan-African genome demonstrates how population-specific genome graphs improve high-throughput sequencing data analysis.
PMC9349174,Nat Commun,2022,cc by,ok,8,4,0,0,3,dataset_large,mixed,Histone H3K36me2 and H3K36me3 form a chromatin platform essential for DNMT3A-dependent DNA methylation in mouse oocytes.
PMC10690958,Matrix Biol,2022,cc by-nc-nd,ok,1,0,0,0,0,no_tabular_data,,Chemotherapy treatment induces pro-invasive changes in liver ECM composition.
PMC10412460,Eur J Cancer,2022,cc by,ok,2,1,1,0,0,dataset_medium,clinical,Incorporating progesterone receptor expression into the PREDICT breast prognostic model.
PMC9345898,Commun Biol,2022,cc by,too_large,0,0,0,0,0,no_supp_retrieved,,Reduced calcium levels and accumulation of abnormal insulin granules in stem cell models of HNF1A deficiency.
PMC9343354,Nat Commun,2022,cc by,ok,7,0,0,0,4,no_tabular_data,,Aβ42 oligomers trigger synaptic loss through CAMKK2-AMPK-dependent effectors coordinating mitochondrial fission and mitophagy.
PMC9631676,Blood Adv,2022,cc by-nc-nd,ok,2,0,1,0,1,small_table,,Single-cell spatial analysis of tumor immune architecture in diffuse large B-cell lymphoma.
PMC9383033,Front Oncol,2022,cc by,ok,1,1,0,0,0,dataset_medium,mixed,The role of adjuvant chemotherapy in the management of acute promyelocytic leukemia differentiation syndrome.
PMC9376450,Front Oncol,2022,cc by,ok,10,4,2,0,2,dataset_large,numeric,Cyclic adenosine monophosphate/phosphodiesterase 4 pathway associated with immune infiltration and PD-L1 expression in lung adenocarcinoma cells.
PMC9396529,Cell Rep,2022,cc by,ok,4,1,0,0,3,dataset_medium,numeric,Systems approach to define humoral correlates of immunity to Shigella.
PMC9343607,Commun Biol,2022,cc by,ok,15,1,0,0,4,dataset_large,numeric,Invadopodia enable cooperative invasion and metastasis of breast cancer cells.
PMC9348737,PLoS One,2022,cc by,ok,7,1,2,0,4,dataset_medium,mixed,Single-cell analysis of a high-grade serous ovarian cancer cell line reveals transcriptomic changes and cell subpopulations sensitive to epigenetic combination treatment.
PMC9346131,Nat Commun,2022,cc by,ok,4,1,0,0,3,dataset_large,numeric,Distinctive roles of translesion polymerases DinB1 and DnaE2 in diversification of the mycobacterial genome through substitution and frameshift mutagenesis.
PMC8903451,Clin Infect Dis,2022,,ok,2,0,1,0,1,small_table,,Trends in Severe Acute Respiratory Syndrome Coronavirus 2 (SARS-CoV-2) Seroprevalence in Massachusetts Estimated from Newborn Screening Specimens.
PMC9508617,Cell Rep,2022,cc by-nc-nd,ok,1,0,0,0,1,no_tabular_data,,DEPDC5-dependent mTORC1 signaling mechanisms are critical for the anti-seizure effects of acute fasting.
PMC9433729,Hum Mol Genet,2022,cc by,ok,2,1,0,0,0,dataset_medium,omics,Frequency of pathogenic germline variants in cancer susceptibility genes in 1336 renal cell carcinoma cases.
PMC9472066,JTO Clin Res Rep,2022,cc by-nc-nd,ok,3,0,1,0,0,small_table,,Association of Pathologic Complete Response and Long-Term Survival Outcomes Among Patients Treated With Neoadjuvant Chemotherapy or Chemoradiotherapy for NSCLC: A Meta-Analysis.
PMC9338297,Nat Commun,2022,cc by,ok,18,12,2,0,4,dataset_large,mixed;numeric;omics,Mouse fetal growth restriction through parental and fetal immune gene variation and intercellular communications cascade.
PMC9334280,Commun Biol,2022,cc by,ok,5,0,2,0,3,small_table,,Mutant p53 drives an immune cold tumor immune microenvironment in oral squamous cell carcinoma.
PMC9338066,Sci Rep,2022,cc by,ok,2,1,1,0,0,dataset_medium,numeric,CombPDX: a unified statistical framework for evaluating drug synergism in patient-derived xenografts.
PMC9338285,Nat Commun,2022,cc by,ok,8,3,0,0,4,dataset_medium,mixed;numeric,DNA methylation-based epigenetic signatures predict somatic genomic alterations in gliomas.
PMC9352192,PLoS Comput Biol,2022,cc by,ok,8,0,1,4,1,small_table,,A model for the intrinsic limit of cancer therapy: Duality of treatment-induced cell death and treatment-induced stemness.
PMC9312965,PLoS One,2022,cc by,ok,18,5,7,0,6,dataset_medium,numeric,Assessing the added value of linking electronic health records to improve the prediction of self-reported COVID-19 testing and diagnosis.
PMC9718662,Mol Psychiatry,2022,cc by,ok,2,0,1,0,1,small_table,,Alcohol consumption and telomere length: Mendelian randomization clarifies alcohol's effects.
PMC9334637,Commun Biol,2022,cc by,ok,4,1,0,0,3,dataset_medium,omics,Whole genome sequence association analysis of fasting glucose and fasting insulin levels in diverse cohorts from the NHLBI TOPMed program.
PMC9327422,Clin Proteomics,2022,cc by,ok,2,1,0,0,1,dataset_medium,numeric,Proteomic and phosphoproteomic measurements enhance ability to predict ex vivo drug response in AML.
PMC9352595,Nature,2022,cc by,ok,6,2,1,0,3,dataset_large,mixed;numeric,PI3K drives the de novo synthesis of coenzyme A from vitamin B5.
PMC9351707,J Cell Biol,2022,cc by-nc-sa,too_large,0,0,0,0,0,no_supp_retrieved,,Small changes in phospho-occupancy at the kinetochore-microtubule interface drive mitotic fidelity.
PMC9314348,Nat Commun,2022,cc by,ok,4,1,0,0,3,dataset_large,omics,KSTAR: An algorithm to predict patient-specific kinase activities from phosphoproteomic data.
PMC9308817,Nat Commun,2022,cc by,ok,3,1,0,0,2,dataset_large,numeric,Development of a nanoparticle-based immunotherapy targeting PD-L1 and PLK1 for lung cancer treatment.
PMC9316731,Genome Biol,2022,cc by,ok,3,1,0,0,2,dataset_large,numeric,Large-scale manipulation of promoter DNA methylation reveals context-specific transcriptional responses and stability.
PMC9308769,Sci Data,2022,cc by,ok,1,1,0,0,0,dataset_medium,numeric,Expert tumor annotations and radiomics for locally advanced breast cancer in DCE-MRI for ACRIN 6657/I-SPY1.
PMC9314382,Nat Commun,2022,cc by,ok,3,1,0,0,2,dataset_large,numeric,Therapeutic targeting of ATR in alveolar rhabdomyosarcoma.
PMC9348712,PLoS Comput Biol,2022,cc by,ok,3,2,0,0,1,dataset_medium,mixed,Simulations of tumor growth and response to immunotherapy by coupling a spatial agent-based model with a whole-patient quantitative systems pharmacology model.
PMC9314425,Nat Commun,2022,cc by,ok,3,0,1,0,2,small_table,,Lymphatic-preserving treatment sequencing with immune checkpoint inhibition unleashes cDC1-dependent antitumor immunity in HNSCC.
PMC9348714,PLoS Genet,2022,cc by,ok,7,1,0,0,5,dataset_large,numeric,Combinatorial Gli activity directs immune infiltration and tumor growth in pancreatic cancer.
PMC9514988,Mod Pathol,2022,cc by,ok,4,2,1,0,1,dataset_medium,mixed,"Mucoepidermoid carcinoma (MEC) and adenosquamous carcinoma (ASC), the same or different entities?"
PMC9295969,PLoS Biol,2022,cc by,ok,7,1,3,0,1,dataset_large,numeric,Alternative splicing of METTL3 explains apparently METTL3-independent m6A modifications in mRNA.
PMC9299331,PLoS One,2022,cc by,ok,1,1,0,0,0,dataset_large,numeric,Exercise-induced myokines downregulates the ACE2 level in bronchial epithelial cells: Implications for SARS-CoV-2 prevention.
PMC9097883,Sci Immunol,2022,cc by,ok,2,1,0,0,1,dataset_medium,numeric,SARS-CoV-2 epitope-specific CD4<sup>+</sup> memory T cell responses across COVID-19 disease severity and antibody durability.
PMC9410708,Elife,2022,cc by,ok,32,19,10,0,1,dataset_large,numeric;omics,Control of nuclear size by osmotic forces in <i>Schizosaccharomyces pombe</i>.
PMC10021438,PLOS Glob Public Health,2022,cc by,ok,6,0,3,0,1,small_table,,Differential diagnosis of COVID-19 and influenza.
PMC9340058,Proc Natl Acad Sci U S A,2022,cc by-nc-nd,ok,1,0,0,0,0,no_tabular_data,,Coordinated NADPH oxidase/hydrogen peroxide functions regulate cutaneous sensory axon de- and regeneration.
PMC9306143,BMC Med Res Methodol,2022,cc by,ok,2,1,1,0,0,dataset_large,numeric,Accommodating heterogeneous missing data patterns for prostate cancer risk prediction.
PMC9645801,Cancer Res Commun,2022,cc by,ok,10,2,0,0,8,dataset_large,numeric;omics,"Loss of vascular endothelial glutaminase inhibits tumor growth and metastasis, and increases sensitivity to chemotherapy."
PMC9396412,J Biol Chem,2022,cc by,ok,2,1,0,0,1,dataset_medium,numeric,EPDR1 is a noncanonical effector of insulin-mediated angiogenesis regulated by an endothelial-specific TGF-β receptor complex.
PMC9851810,J Invest Dermatol,2022,cc by,ok,1,0,0,0,1,no_tabular_data,,The M3 Muscarinic Acetylcholine Receptor Promotes Epidermal Differentiation.
PMC9295380,BMC Urol,2022,cc by,ok,1,1,0,0,0,dataset_medium,numeric,Assessing the accuracy of multiparametric MRI to predict clinically significant prostate cancer in biopsy naïve men across racial/ethnic groups.
PMC9333448,PLoS Comput Biol,2022,cc by,ok,11,7,1,0,2,dataset_large,numeric;omics,Single-cell network biology characterizes cell type gene regulation for drug repurposing and phenotype prediction in Alzheimer's disease.
PMC9835395,Sci Transl Med,2022,cc by,ok,4,2,0,0,2,dataset_medium,numeric,Intranasal vaccination with lipid-conjugated immunogens promotes antigen transmucosal uptake to drive mucosal and systemic immunity.
PMC9295503,BMC Cancer,2022,cc by,ok,6,4,2,0,0,dataset_medium,mixed;numeric,Integration of metabolites from meta-analysis with transcriptome reveals enhanced SPHK1 in PDAC with a background of pancreatitis.
PMC9297586,Life Sci Alliance,2022,cc by,ok,4,0,2,0,1,small_table,,Improving the computation efficiency of polygenic risk score modeling: faster in Julia.
PMC9287306,Sci Rep,2022,cc by,ok,9,7,2,0,0,dataset_large,mixed;numeric;omics,iCodon customizes gene expression based on the codon composition.
PMC9287322,Nat Commun,2022,cc by,ok,14,11,1,0,2,dataset_large,numeric;omics,The surfaceome of multiple myeloma cells suggests potential immunotherapeutic strategies and protein markers of drug resistance.
PMC9303974,Proc Natl Acad Sci U S A,2022,cc by-nc-nd,ok,9,5,3,0,1,dataset_large,omics,Sox9 directs divergent epigenomic states in brain tumor subtypes.
PMC9663307,Cancer Gene Ther,2022,cc by,ok,8,1,1,4,2,dataset_large,omics,Loss-of-function of the hippo transducer TAZ reduces mammary tumor growth through a myeloid-derived suppressor cell-dependent mechanism.
PMC9283537,Nat Commun,2022,cc by,ok,9,4,1,0,4,dataset_large,numeric;omics,Accelerated lysine metabolism conveys kidney protection in salt-sensitive hypertension.
PMC9287310,Commun Med (Lond),2022,cc by,ok,5,0,1,0,4,small_table,,"Hybrid-control arm construction using historical trial data for an early-phase, randomized controlled trial in metastatic colorectal cancer."
PMC9287415,Nat Commun,2022,cc by,ok,4,0,1,0,3,small_table,,Oncogenic BRAF induces whole-genome doubling through suppression of cytokinesis.
PMC9275596,Life Sci Alliance,2022,cc by,ok,8,0,6,0,1,small_table,,PVT1 is a stress-responsive lncRNA that drives ovarian cancer metastasis and chemoresistance.
PMC9275597,Life Sci Alliance,2022,cc by,ok,10,8,1,0,1,dataset_large,omics,ScRNA-seq expression of &lt;i&gt;IFI27&lt;/i&gt; and &lt;i&gt;APOC2&lt;/i&gt; identifies four alveolar macrophage superclusters in healthy BALF.
PMC9283393,Nat Commun,2022,cc by,ok,4,0,1,0,3,small_table,,HRS phosphorylation drives immunosuppressive exosome secretion and restricts CD8<sup>+</sup> T-cell infiltration into tumors.
PMC9328765,Elife,2022,cc by,ok,10,1,0,0,1,dataset_medium,numeric,Metabolic requirement for GOT2 in pancreatic cancer depends on environmental context.
PMC9308436,J Vet Intern Med,2022,cc by-nc,ok,4,1,0,0,3,dataset_medium,omics,Targeted sequencing of candidate gene regions for myelofibrosis in dogs.
PMC9273060,PLoS One,2022,cc0,ok,3,0,2,0,0,small_table,,Development of an aerosol intervention for COVID-19 disease: Tolerability of soluble ACE2 (APN01) administered via nebulizer.
PMC9279310,Sci Rep,2022,cc by,ok,4,1,2,0,1,dataset_medium,numeric,Transgenic overexpression of microRNA-30d in pancreatic beta-cells progressively regulates beta-cell function and identity.
PMC9287628,Neoplasia,2022,cc by-nc-nd,ok,15,4,8,1,1,dataset_large,mixed;numeric,Fusobacterium is enriched in oral cancer and promotes induction of programmed death-ligand 1 (PD-L1).
PMC9271055,Nat Commun,2022,cc by,ok,5,1,0,0,4,dataset_large,omics,Variance-quantitative trait loci enable systematic discovery of gene-environment interactions for cardiometabolic serum biomarkers.
PMC9273645,Sci Rep,2022,cc by,ok,7,3,3,0,1,dataset_medium,omics,Genomic instability genes in lung and colon adenocarcinoma indicate organ specificity of transcriptomic impact on Copy Number Alterations.
PMC9651629,Proc Natl Acad Sci U S A,2022,cc by-nc-nd,ok,2,1,0,0,1,dataset_medium,numeric,Hypersensitivity to ferroptosis in chromophobe RCC is mediated by a glutathione metabolic dependency and cystine import via solute carrier family 7 member 11.
PMC9322982,Elife,2022,cc0,ok,3,0,2,0,1,small_table,,Validation of a multi-ancestry polygenic risk score and age-specific risks of prostate cancer: A meta-analysis within diverse populations.
PMC9310528,JCI Insight,2022,cc by,ok,2,0,2,0,0,small_table,,Milademetan is a highly potent MDM2 inhibitor in Merkel cell carcinoma.
PMC9264694,Genome Biol,2022,cc by,ok,3,0,0,0,2,no_tabular_data,,DeCAF: a novel method to identify cell-type specific regulatory variants and their role in cancer risk.
PMC9310538,JCI Insight,2022,cc by,ok,5,1,1,0,3,dataset_large,mixed,Anti-nucleocapsid antibody levels and pulmonary comorbid conditions are linked to post-COVID-19 syndrome.
PMC9262967,Nat Commun,2022,cc by,ok,18,11,1,0,3,dataset_large,mixed;numeric;omics,Characterization of core fucosylation via sequential enzymatic treatments of intact glycopeptides and mass spectrometry analysis.
PMC9282426,Proc Natl Acad Sci U S A,2022,cc by-nc-nd,ok,2,1,0,0,1,dataset_medium,numeric,Adenosine A&lt;sub&gt;2A&lt;/sub&gt; receptor blockade prevents cisplatin-induced impairments in neurogenesis and cognitive function.
PMC9261898,Nat Commun,2022,cc by,ok,3,1,0,0,2,dataset_medium,numeric,Characterization of SARS-CoV-2 Spike mutations important for infection of mice and escape from human immune sera.
PMC9271073,Nat Commun,2022,cc by,ok,15,6,0,0,8,dataset_large,mixed;numeric;omics,Multi-modal molecular programs regulate melanoma cell state.
PMC9270744,Clin Proteomics,2022,cc by,ok,1,0,1,0,0,small_table,,Optimized data-independent acquisition approach for proteomic analysis at single-cell level.
PMC9259736,Nat Commun,2022,cc by,ok,6,3,0,0,3,dataset_medium,numeric;omics,Mitochondrial fission induces immunoescape in solid tumors through decreasing MHC-I surface expression.
PMC9663301,Cancer Gene Ther,2022,cc by,ok,2,1,0,0,1,dataset_large,omics,Functional characterization of the PI3K/AKT/MTOR signaling pathway for targeted therapy in B-precursor acute lymphoblastic leukemia.
PMC9270330,Nat Commun,2022,cc by,ok,4,2,0,0,2,dataset_medium,mixed;numeric,Recurrent somatic mutations as predictors of immunotherapy response.
PMC9264648,Genome Biol,2022,cc by,ok,5,2,1,0,2,dataset_medium,numeric;omics,scSTEM: clustering pseudotime ordered single-cell data.
PMC9596374,Mod Pathol,2022,cc by,ok,3,0,1,0,2,small_table,,Endometrial polyps are non-neoplastic but harbor epithelial mutations in endometrial cancer drivers at low allelic frequencies.
PMC9289280,Front Genet,2022,cc by,ok,5,0,3,0,1,small_table,,Barriers and Facilitators for Population Genetic Screening in Healthy Populations: A Systematic Review.
PMC9256669,Nat Commun,2022,cc by,ok,7,2,2,0,3,dataset_medium,numeric,Monomethyl auristatin antibody and peptide drug conjugates for trimodal cancer chemo-radio-immunotherapy.
PMC9356275,J Biol Chem,2022,cc by,ok,4,3,0,0,1,dataset_medium,mixed;numeric;omics,A quantitative high-throughput screen identifies compounds that lower expression of the SCA2-and ALS-associated gene ATXN2.
PMC9341188,J Immunother Cancer,2022,cc by-nc,ok,6,0,0,0,4,tables_only,,"Reshaping the tumor microenvironment with oncolytic viruses, positive regulation of the immune synapse, and blockade of the immunosuppressive oncometabolic circuitry."
PMC9252988,Nat Commun,2022,cc by,ok,3,1,1,0,1,dataset_medium,numeric,Clonal barcoding with qPCR detection enables live cell functional analyses for cancer research.
PMC9740515,J Law Biosci,2022,cc by,ok,1,1,0,0,0,dataset_large,mixed,Exploring access to genomic risk information and the contours of the HIPAA public health exception.
PMC9277371,J Immunother Cancer,2022,cc by-nc,ok,5,3,0,0,2,dataset_large,omics,Dendritic cell-mediated cross presentation of tumor-derived peptides is biased against plasma membrane proteins.
PMC9271990,Clin Transl Med,2022,cc by,ok,11,3,5,0,1,dataset_medium,numeric;omics,Transcriptional profiling of single tumour cells from pleural effusions reveals heterogeneity of epithelial to mesenchymal transition and extra-cellular matrix marker expression.
PMC9246394,J Clin Invest,2022,cc by,ok,4,1,0,0,3,dataset_medium,clinical,Specific in situ inflammatory states associate with progression to renal failure in lupus nephritis.
PMC9251535,Life Sci Alliance,2022,cc by,ok,10,7,2,0,1,dataset_large,mixed;omics,chromMAGMA: regulatory element-centric interrogation of risk variants.
PMC9351615,Cell Genom,2022,cc by-nc-nd,ok,3,0,1,0,2,small_table,,Incorporating family history of disease improves polygenic risk scores in diverse populations.
PMC9314315,J Extracell Vesicles,2022,cc by-nc-nd,ok,1,0,1,0,0,small_table,,A secretory form of Parkin-independent mitophagy contributes to the repertoire of extracellular vesicles released into the tumour interstitial fluid in vivo.
PMC9249768,Blood Cancer J,2022,cc by,ok,10,5,3,0,1,dataset_large,mixed;numeric;omics,B cell receptor signaling drives APOBEC3 expression via direct enhancer regulation in chronic lymphocytic leukemia B cells.
PMC9280547,Glycobiology,2022,cc by,ok,3,2,0,0,1,dataset_medium,mixed;omics,CarboGrove: a resource of glycan-binding specificities through analyzed glycan-array datasets from all platforms.
PMC9287163,Nat Struct Mol Biol,2022,cc by,ok,29,8,5,0,8,dataset_large,numeric,Telomeric 8-oxo-guanine drives rapid premature senescence in the absence of telomere shortening.
PMC9241261,Genome Biol,2022,cc by,ok,5,1,1,0,3,dataset_medium,numeric,Deep oncopanel sequencing reveals within block position-dependent quality degradation in FFPE processed samples.
PMC9242979,NPJ Precis Oncol,2022,cc by,ok,3,1,0,0,2,dataset_medium,clinical,PALB2 or BARD1 loss confers homologous recombination deficiency and PARP inhibitor sensitivity in prostate cancer.
PMC9241233,Genome Biol,2022,cc by,ok,5,1,1,0,2,dataset_large,numeric,Dynamic rewiring of biological activity across genotype and lineage revealed by context-dependent functional interactions.
PMC9280723,Anal Chem,2022,cc by-nc-nd,ok,2,0,0,0,1,no_tabular_data,,Internal Standard Triggered-Parallel Reaction Monitoring Mass Spectrometry Enables Multiplexed Quantification of Candidate Biomarkers in Plasma.
PMC9243106,Commun Biol,2022,cc by,ok,13,1,0,0,4,dataset_medium,mixed,Engineering bioactive nanoparticles to rejuvenate vascular progenitor cells.
PMC9271168,Proc Natl Acad Sci U S A,2022,cc by-nc-nd,ok,3,2,0,0,1,dataset_large,omics,C16orf72/HAPSTR1 is a molecular rheostat in an integrated network of stress response pathways.
PMC9339328,G3 (Bethesda),2022,cc by,ok,1,1,0,0,0,dataset_large,mixed,CaveCrawler: an interactive analysis suite for cavefish bioinformatics.
PMC9327551,Blood Adv,2022,cc by-nc-nd,ok,2,1,0,0,1,dataset_medium,numeric,Epigenome-wide association study of acute lymphoblastic leukemia in children with Down syndrome.
PMC9244807,Haematologica,2022,cc by-nc,ok,2,0,1,0,1,small_table,,"Decitabine salvage for <i>TP53</i>-mutated, relapsed/refractory acute myeloid leukemia after cytotoxic induction therapy."
PMC9247717,J Exp Med,2022,cc by-nc-sa,ok,12,1,1,0,10,dataset_medium,omics,Phostensin enables lymphocyte integrin activation and population of peripheral lymphoid organs.
PMC9239994,Nat Commun,2022,cc by,ok,6,2,0,0,3,dataset_medium,numeric,Maternal immune response and placental antibody transfer after COVID-19 vaccination across trimester and platforms.
PMC9284272,Front Mol Biosci,2022,cc by,ok,2,2,0,0,0,dataset_medium,numeric,BLM Sumoylation Is Required for Replication Stability and Normal Fork Velocity During DNA Replication.
PMC9327544,Blood Adv,2022,cc by-nc-nd,ok,6,3,0,0,1,dataset_large,mixed;omics,Unmasking the suppressed immunopeptidome of EZH2-mutated diffuse large B-cell lymphomas through combination drug treatment.
PMC9240040,Nat Commun,2022,cc by,too_large,0,0,0,0,0,no_supp_retrieved,,Lentivector cryptic splicing mediates increase in CD34+ clones expressing truncated HMGA2 in human X-linked severe combined immunodeficiency.
PMC9426538,mBio,2022,cc by,ok,2,0,2,0,0,small_table,,Glutamine Is Required for M1-like Polarization of Macrophages in Response to Mycobacterium tuberculosis Infection.
PMC9575333,IEEE Trans Med Imaging,2022,cc by,ok,1,0,0,0,0,no_tabular_data,,Radiomic Deformation and Textural Heterogeneity (R-DepTH) Descriptor to Characterize Tumor Field Effect: Application to Survival Prediction in Glioblastoma.
PMC9296005,Genes Dev,2022,cc by-nc,ok,6,2,2,0,1,dataset_medium,mixed;numeric,Upstream open reading frames control PLK4 translation and centriole duplication in primordial germ cells.
PMC9237045,Nat Commun,2022,cc by,ok,7,2,1,0,4,dataset_medium,mixed,Frequency and mechanisms of LINE-1 retrotransposon insertions at CRISPR/Cas9 sites.
PMC9246987,Commun Biol,2022,cc by,ok,5,1,1,0,3,dataset_medium,numeric,Variational autoencoders learn transferrable representations of metabolomics data.
PMC9237024,Nat Commun,2022,cc by,ok,12,6,2,0,3,dataset_large,mixed;numeric;omics,"GenomicSuperSignature facilitates interpretation of RNA-seq experiments through robust, efficient comparison to public databases."
PMC9238138,Genome Biol,2022,cc by,ok,3,0,1,0,2,small_table,,Widespread redundancy in -omics profiles of cancer mutation states.
PMC9239907,Nat Cancer,2022,cc by,ok,18,12,2,0,2,dataset_large,mixed;numeric;omics,Multimodal data integration using machine learning improves risk stratification of high-grade serous ovarian cancer.
PMC9233706,Commun Biol,2022,cc by,ok,6,2,0,0,3,dataset_medium,numeric,Ribonuclease 4 is associated with aggressiveness and progression of prostate cancer.
PMC9280948,ACS Omega,2022,cc by-nc-nd,ok,2,1,0,0,1,dataset_large,omics,Predicting the Success of Fmoc-Based Peptide Synthesis.
PMC9218963,RSC Adv,2022,cc by-nc,ok,2,1,0,0,0,dataset_medium,omics,Quantitative glycoproteomics of high-density lipoproteins.
PMC9213506,Nat Commun,2022,cc by,ok,7,3,0,0,3,dataset_large,mixed;omics,Cyclic microchip assay for measurement of hundreds of functional proteins in single neurons.
PMC9245686,Proc Natl Acad Sci U S A,2022,cc by-nc-nd,ok,3,2,0,0,1,dataset_medium,clinical;omics,Retromer dysfunction in amyotrophic lateral sclerosis.
PMC9213456,Nat Commun,2022,cc by,ok,27,18,2,0,3,dataset_large,mixed;numeric;omics,"A scalable, open-source implementation of a large-scale mechanistic model for single cell proliferation and death signaling."
PMC9426488,mBio,2022,cc by,ok,4,2,0,0,0,dataset_large,omics,Dense Granule Protein GRA64 Interacts with Host Cell ESCRT Proteins during &lt;i&gt;Toxoplasma gondii&lt;/i&gt; Infection.
PMC9279149,Nat Genet,2022,cc by,ok,3,1,0,0,2,dataset_medium,omics,Single-cell analyses define a continuum of cell state and composition changes in the malignant transformation of polyps to colorectal cancer.
PMC9226089,Cell Mol Life Sci,2022,cc by,ok,8,4,1,0,2,dataset_medium,mixed;numeric;omics,Coupled fibromodulin and SOX2 signaling as a critical regulator of metastatic outgrowth in melanoma.
PMC9209528,Nat Commun,2022,cc by,ok,19,12,2,0,4,dataset_large,mixed;numeric;omics,Revealing the human mucinome.
PMC9209431,Sci Rep,2022,cc by,ok,2,1,0,0,1,dataset_medium,omics,Germline variants of ATG7 in familial cholangiocarcinoma alter autophagy and p62.
PMC9201272,Nat Commun,2022,cc by,ok,5,1,1,0,3,dataset_large,numeric,Single-cell profiling of the antigen-specific response to BNT162b2 SARS-CoV-2 RNA vaccine.
PMC9203519,Nat Commun,2022,cc by,ok,7,3,1,0,3,dataset_large,numeric;omics,Pilot study of bempegaldesleukin in combination with nivolumab in patients with metastatic sarcoma.
PMC9200814,Nat Commun,2022,cc by,ok,4,1,0,0,2,dataset_large,mixed,Clinical genomic profiling in the management of patients with soft tissue and bone sarcoma.
PMC9197725,Curr Nutr Rep,2022,,ok,2,1,0,0,1,dataset_large,mixed,"Diet, Microbes, and Cancer Across the Tree of Life: a Systematic Review."
PMC9205954,Sci Rep,2022,cc by,ok,2,1,0,0,1,dataset_medium,omics,Association between germline variants and somatic mutations in colorectal cancer.
PMC9231605,Proc Natl Acad Sci U S A,2022,cc by-nc-nd,ok,4,3,0,0,1,dataset_large,omics,Nuclear speckle integrity and function require TAO2 kinase.
PMC9341510,Genome Res,2022,cc by-nc,ok,1,0,0,0,1,no_tabular_data,,Extensive protein dosage compensation in aneuploid human cancers.
PMC9616985,Geroscience,2022,cc by,ok,3,3,0,0,0,dataset_large,numeric;omics,Evidence that conserved essential genes are enriched for pro-longevity factors.
PMC9202124,Genome Med,2022,cc by,ok,8,6,1,0,1,dataset_large,mixed;numeric;omics,Integrated genomic analyses of acral and mucosal melanomas nominate novel driver genes.
PMC9192737,NPJ Breast Cancer,2022,cc by,ok,7,5,0,0,2,dataset_large,clinical;omics,Adaptive stress response genes associated with breast cancer subtypes and survival outcomes reveal race-related differences.
PMC9191894,Elife,2022,cc0,ok,10,3,1,0,1,dataset_large,mixed;numeric;omics,RNA-binding proteins direct myogenic cell fate decisions.
PMC9200818,Nat Commun,2022,cc by,ok,4,2,0,0,2,dataset_large,clinical;numeric,Clinical sequencing of soft tissue and bone sarcomas delineates diverse genomic landscapes and potential therapeutic targets.
PMC9231494,Proc Natl Acad Sci U S A,2022,cc by-nc-nd,ok,8,7,0,0,1,dataset_large,mixed;numeric;omics,Integrated screens uncover a cell surface tumor suppressor gene <i>KIRREL</i> involved in Hippo pathway.
PMC9197933,Nat Commun,2022,cc by,too_large,0,0,0,0,0,no_supp_retrieved,,Brain-wide reconstruction of inhibitory circuits after traumatic brain injury.
PMC9583893,Gastro Hep Adv,2022,cc by,ok,11,1,1,0,9,dataset_medium,numeric,"Eicosanoids in the pancreatic tumor microenvironment - a multicellular, multifaceted progression."
PMC9191893,Elife,2022,cc by,ok,15,7,6,0,2,dataset_large,mixed;numeric;omics,Systematic lncRNA mapping to genome-wide co-essential modules uncovers cancer dependency on uncharacterized lncRNAs.
PMC9229593,Front Immunol,2022,cc by,ok,4,0,1,0,3,small_table,,Antibody-Mediated LILRB2-Receptor Antagonism Induces Human Myeloid-Derived Suppressor Cells to Kill <i>Mycobacterium tuberculosis</i>.
PMC9187115,PLoS One,2022,cc by,ok,3,0,1,0,2,small_table,,Alpha-synuclein and tau are abundantly expressed in the ENS of the human appendix and monkey cecum.
PMC9188215,Hered Cancer Clin Pract,2022,cc by,ok,3,1,2,0,0,dataset_medium,mixed,"Literacy-adapted, electronic family history assessment for genetics referral in primary care: patient user insights from qualitative interviews."
PMC9177591,Commun Med (Lond),2022,cc by,ok,7,4,1,0,2,dataset_large,numeric,Predicting biochemical recurrence of prostate cancer with artificial intelligence.
PMC9184597,Nat Commun,2022,cc by,ok,3,0,2,0,1,small_table,,Molecularly cleavable bioinks facilitate high-performance digital light processing-based bioprinting of functional volumetric soft tissues.
PMC9184626,Nat Commun,2022,cc by,ok,11,0,1,0,4,small_table,,Mechanically active integrins target lytic secretion at the immune synapse to facilitate cellular cytotoxicity.
PMC9188573,Nat Commun,2022,cc by,ok,4,1,0,0,3,dataset_medium,numeric,Antigen glycosylation regulates efficacy of CAR T cells targeting CD19.
PMC9242854,Nature,2022,cc by,ok,5,0,1,0,1,small_table,,ATGL is a biosynthetic enzyme for fatty acid esters of hydroxy fatty acids.
PMC9212170,PLoS Genet,2022,cc by,ok,1,1,0,0,0,dataset_medium,mixed,Identification of Arhgef12 and Prkci as genetic modifiers of retinal dysplasia in the Crb1rd8 mouse model.
PMC9170540,Immunity,2022,,ok,8,4,1,0,1,dataset_medium,mixed;numeric,Mass cytometry reveals a conserved immune trajectory of recovery in hospitalized COVID-19 patients.
PMC9646486,Nat Biotechnol,2022,cc by,ok,2,1,0,0,1,dataset_medium,numeric,Variant to function mapping at single-cell resolution through network propagation.
PMC9170682,Commun Biol,2022,cc by,ok,5,1,0,0,4,dataset_large,omics,Comprehensive identification of SWI/SNF complex subunits underpins deep eukaryotic ancestry and reveals new plant components.
PMC9213002,Elife,2022,cc by,ok,11,3,1,0,1,dataset_medium,numeric,Cross-modality synthesis of EM time series and live fluorescence imaging.
PMC9197769,Nat Genet,2022,cc by,ok,5,2,0,0,3,dataset_large,omics,Genomic analysis defines clonal relationships of ductal carcinoma in situ and recurrent invasive breast cancer.
PMC9203275,Nat Cell Biol,2022,cc by,ok,16,4,7,0,3,dataset_large,mixed;numeric,Lysosome lipid signalling from the periphery to neurons regulates longevity.
PMC9282838,Aging Cell,2022,cc by,ok,3,1,1,0,1,dataset_medium,numeric,Accelerated epigenetic aging in newborns with Down syndrome.
PMC9177965,Nat Commun,2022,cc by,ok,6,3,0,0,3,dataset_large,numeric,RNF43 G659fs is an oncogenic colorectal cancer mutation and sensitizes tumor cells to PI3K/mTOR inhibition.
PMC9170101,PLoS One,2022,cc0,ok,2,2,0,0,0,dataset_large,numeric,Changes in dynamics of tumor/endothelial cell adhesive interactions depending on endothelial cell growth state and elastic properties.
PMC9170690,Nat Commun,2022,cc by,ok,21,17,1,0,3,dataset_large,mixed;numeric,Comprehensive genetic analysis of the human lipidome identifies loci associated with lipid homeostasis with links to coronary artery disease.
PMC9170691,Nat Commun,2022,cc by,ok,3,1,0,0,2,dataset_large,mixed,Identifying colorectal cancer caused by biallelic MUTYH pathogenic variants using tumor mutational signatures.
PMC9163327,Commun Biol,2022,cc by,ok,6,2,0,0,4,dataset_medium,mixed;numeric,Hypoxia-induced inhibin promotes tumor growth and vascular permeability in ovarian cancers.
PMC9170468,Am J Clin Nutr,2022,cc by,ok,1,0,1,0,0,small_table,,Validity of continuous glucose monitoring for categorizing glycemic responses to diet: implications for use in personalized nutrition.
PMC9631567,Blood Adv,2022,cc by-nc-nd,ok,2,1,0,0,1,dataset_medium,mixed,"Racial and ethnic differences in clonal hematopoiesis, tumor markers, and outcomes of patients with multiple myeloma."
PMC9464116,Eur J Nutr,2022,cc by,ok,2,0,2,0,0,small_table,,Associations between exploratory dietary patterns and incident type 2 diabetes: a federated meta-analysis of individual participant data from 25 cohort studies.
PMC9177633,Cancer Res,2022,cc by-nc-nd,ok,2,1,0,0,1,dataset_large,clinical,Immune Determinants of the Association between Tumor Mutational Burden and Immunotherapy Response across Cancer Types.
PMC9166814,NPJ Genom Med,2022,cc by,ok,3,1,0,0,2,dataset_medium,numeric,An integrative model for the comprehensive classification of BRCA1 and BRCA2 variants of uncertain clinical significance.
PMC9159945,Nat Microbiol,2022,cc by,ok,13,5,5,0,2,dataset_large,numeric,Genome-wide protein-DNA interaction site mapping in bacteria using a double-stranded DNA-specific cytosine deaminase.
PMC9153212,Acta Neuropathol Commun,2022,cc by,ok,3,1,0,0,2,dataset_medium,clinical,Convergent evolution and multi-wave clonal invasion in H3 K27-altered diffuse midline gliomas treated with a PDGFR inhibitor.
PMC9205782,Nat Struct Mol Biol,2022,cc by,ok,12,4,5,0,2,dataset_large,numeric,Identifying amyloid-related diseases by mapping mutations in low-complexity protein domains to pathologies.
PMC9163065,Commun Biol,2022,cc by,ok,4,1,0,0,3,dataset_large,omics,Chromosome-specific retention of cancer-associated DNA hypermethylation following pharmacological inhibition of DNMT1.
PMC9239082,mBio,2022,cc by,ok,2,2,0,0,0,dataset_medium,mixed,"PKR Binds Enterovirus IRESs, Displaces Host Translation Factors, and Impairs Viral Translation to Enable Innate Antiviral Signaling."
PMC9149241,Cancer Cell,2022,,ok,5,2,1,0,2,dataset_medium,clinical;mixed,Impaired humoral immunity is associated with prolonged COVID-19 despite robust CD8 T cell responses.
PMC9153095,BMC Biol,2022,cc by,ok,8,6,0,1,0,dataset_large,numeric,"The H3K27M mutation alters stem cell growth, epigenetic regulation, and differentiation potential."
PMC9206227,J Extracell Vesicles,2022,cc by-nc-nd,ok,6,1,0,0,5,dataset_large,omics,Ascorbate peroxidase-mediated in situ labelling of proteins in secreted exosomes.
PMC9359745,Clin Cancer Res,2022,cc by-nc-nd,ok,6,1,0,0,5,dataset_large,numeric,Circulating Tumor DNA Is Associated with Response and Survival in Patients with Advanced Leiomyosarcoma.
PMC9194136,iScience,2022,cc by-nc-nd,ok,8,5,0,0,1,dataset_large,mixed;numeric;omics,Exploring the metabolic landscape of pancreatic ductal adenocarcinoma cells using genome-scale metabolic modeling.
PMC9151796,NPJ Precis Oncol,2022,cc by,ok,2,0,1,0,1,small_table,,Polygenic risk scores to stratify cancer screening should predict mortality not incidence.
PMC9226983,J Immunother Cancer,2022,cc by,ok,2,1,0,0,1,dataset_medium,mixed,Antibody and T cell responses to COVID-19 vaccination in patients receiving anticancer therapies.
PMC9204399,J Immunother Cancer,2022,cc by-nc,ok,2,0,0,0,1,tables_only,,Wilms tumor reveals DNA repair gene hyperexpression is linked to lack of tumor immune infiltration.
PMC9189831,J Immunother Cancer,2022,cc by-nc,ok,2,1,0,0,1,dataset_medium,mixed,Peripheral blood immune cell dynamics reflect antitumor immune responses and predict clinical response to immunotherapy.
PMC9248364,Cell Rep,2022,cc by-nc-nd,ok,1,0,0,0,1,no_tabular_data,,Time-resolved proximity labeling of protein networks associated with ligand-activated EGFR.
PMC9140236,PLoS One,2022,cc by,ok,9,1,3,0,4,dataset_large,omics,Oncologist phenotypes and associations with response to a machine learning-based intervention to increase advance care planning: Secondary analysis of a randomized clinical trial.
PMC9238724,J Am Heart Assoc,2022,cc by-nc-nd,ok,2,1,0,0,1,dataset_large,numeric,Genetic Architecture of Plasma Alpha-Aminoadipic Acid Reveals a Relationship With High-Density Lipoprotein Cholesterol.
PMC9142507,Nat Commun,2022,cc by,too_large,0,0,0,0,0,no_supp_retrieved,,Gene-specific nonsense-mediated mRNA decay targeting for cystic fibrosis therapy.
PMC9135222,PLoS Biol,2022,cc by,ok,4,2,2,0,0,dataset_medium,numeric,A microfluidic system that replicates pharmacokinetic (PK) profiles in vitro improves prediction of in vivo efficacy in preclinical models.
PMC9134605,BMC Genomics,2022,cc by,ok,3,0,2,0,1,small_table,,Harnessing changes in open chromatin determined by ATAC-seq to generate insulin-responsive reporter constructs.
PMC9222982,PLOS Digit Health,2022,cc by,ok,1,0,1,0,0,small_table,,Clinical time-to-event prediction enhanced by incorporating compatible related outcomes.
PMC9133083,Nat Commun,2022,cc by,ok,4,1,0,0,3,dataset_large,numeric,A high-throughput multiparameter screen for accelerated development and optimization of soluble genetically encoded fluorescent biosensors.
PMC9234238,J Biol Chem,2022,cc by,ok,11,9,1,0,1,dataset_medium,omics,Fringe GlcNAc-transferases differentially extend O-fucose on endogenous NOTCH1 in mouse activated T cells.
PMC9244995,Cell Rep Med,2022,cc by-nc-nd,ok,6,4,1,0,1,dataset_medium,mixed;numeric;omics,Genetic changes associated with relapse in favorable histology Wilms tumor: A Children's Oncology Group AREN03B2 study.
PMC9132995,Sci Rep,2022,cc by,ok,1,0,1,0,0,small_table,,Chronic treatment with serelaxin mitigates adverse remodeling in a murine model of ischemic heart failure and modulates bioactive sphingolipid signaling.
PMC9175010,Front Plant Sci,2022,cc by,ok,3,2,1,0,0,dataset_large,mixed;omics,"A Conserved Long Intergenic Non-coding RNA Containing snoRNA Sequences, <i>lncCOBRA1</i>, Affects Arabidopsis Germination and Development."
PMC9130225,EBioMedicine,2022,cc by-nc-nd,ok,3,1,1,0,1,dataset_large,mixed,Pathophysiologic and clinical implications of molecular profiles resultant from deletion 5q.
PMC9132259,Oncotarget,2022,cc by,ok,3,2,0,0,1,dataset_medium,numeric;omics,Identification of lung cancer drivers by comparison of the observed and the expected numbers of missense and nonsense mutations in individual human genes.
PMC9123004,Nat Commun,2022,cc by,ok,5,1,0,0,3,dataset_large,mixed,Automated next-generation profiling of genomic alterations in human cancers.
PMC9127983,J Exp Med,2022,cc by-nc-sa,ok,8,6,1,0,0,dataset_large,mixed;numeric,The long noncoding RNA Malat1 regulates CD8+ T cell differentiation by mediating epigenetic repression.
PMC9177421,Nature,2022,cc by,ok,16,9,4,0,2,dataset_large,mixed;numeric;omics,Neoantigen quality predicts immunoediting in survivors of pancreatic cancer.
PMC9236905,Nat Cancer,2022,cc by,ok,4,1,0,0,3,dataset_large,numeric,Acute lymphoblastic leukemia displays a distinct highly methylated genome.
PMC9371970,Nat Biotechnol,2022,cc by,ok,15,7,3,0,2,dataset_large,numeric;omics,Deep Visual Proteomics defines single-cell identity and heterogeneity.
PMC9157216,iScience,2022,cc by,ok,7,7,0,0,0,dataset_large,mixed;numeric;omics,Extracellular vesicles carry distinct proteo-transcriptomic signatures that are different from their cancer cell of origin.
PMC9677209,Adv Radiat Oncol,2022,cc by-nc-nd,ok,2,1,0,0,1,dataset_medium,mixed,Evolutionary Action Score of &lt;i&gt;TP53&lt;/i&gt; Analysis in Pathologically High-Risk Human Papillomavirus-Negative Head and Neck Cancer From a Phase 2 Clinical Trial: NRG Oncology Radiation Therapy Oncology Group 0234.
PMC9158543,Front Plant Sci,2022,cc by,ok,5,4,1,0,0,dataset_medium,mixed;numeric,"Comparative Metabolic Analysis Reveals a Metabolic Switch in Mature, Hydrated, and Germinated Pollen in <i>Arabidopsis thaliana</i>."
PMC9114392,Nat Commun,2022,cc by,ok,4,0,1,0,3,small_table,,Enhancers regulate 3' end processing activity to control expression of alternative 3'UTR isoforms.
PMC9114105,Nat Commun,2022,cc by,ok,3,0,1,0,2,small_table,,Targeted detection of cancer at the cellular level during biopsy by near-infrared confocal laser endomicroscopy.
PMC9109914,PLoS One,2022,cc by,ok,3,1,2,0,0,dataset_medium,mixed,Prevalence and determinants of oral and cervicogenital HPV infection: Baseline analysis of the Michigan HPV and Oropharyngeal Cancer (MHOC) cohort study.
PMC9110385,Nat Commun,2022,cc by,ok,4,1,0,0,3,dataset_medium,numeric,Purine nucleotide depletion prompts cell migration by stimulating the serine synthesis pathway.
PMC9117241,Nat Commun,2022,cc by,ok,15,7,2,0,4,dataset_medium,mixed;numeric;omics,Feasibility of whole genome and transcriptome profiling in pediatric and young adult cancers.
PMC9112473,BMC Bioinformatics,2022,cc by,ok,14,0,12,0,2,small_table,,Machine learning approach informs biology of cancer drug response.
PMC9110415,Nat Commun,2022,cc by,ok,7,1,3,0,3,dataset_large,omics,"Identification of a modulator of the actin cytoskeleton, mitochondria, nutrient metabolism and lifespan in yeast."
PMC9136019,Front Cell Dev Biol,2022,cc by,ok,3,1,0,0,2,dataset_medium,numeric,Nuclear GSK-3β and Oncogenic KRas Lead to the Retention of Pancreatic Ductal Progenitor Cells Phenotypically Similar to Those Seen in IPMN.
PMC9098435,Commun Med (Lond),2022,cc by,ok,5,0,0,0,3,tables_only,,Patient-reported outcomes and neurotoxicity markers in patients treated with bispecific LV20.19 CAR T cell therapy.
PMC9098488,Nat Commun,2022,cc by,ok,7,1,1,0,4,dataset_medium,numeric,Genome editing in animals with minimal PAM CRISPR-Cas9 enzymes.
PMC9106650,Nat Commun,2022,cc by,ok,11,7,0,0,4,dataset_large,numeric;omics,Proteogenomic characterization of 2002 human cancers reveals pan-cancer molecular subtypes and associated pathways.
PMC9385763,Breast Cancer,2022,cc by,ok,2,1,0,0,1,dataset_medium,numeric,Relevance of the MHC region for breast cancer susceptibility in Asians.
PMC9102743,J Ovarian Res,2022,cc by,ok,4,1,0,0,2,dataset_large,numeric,Lifetime ovulatory years and ovarian cancer gene expression profiles.
PMC9090323,Elife,2022,cc by,ok,2,1,0,0,1,dataset_large,numeric,Single-cell monitoring of dry mass and dry mass density reveals exocytosis of cellular dry contents in mitosis.
PMC9088131,Genome Med,2022,cc by,ok,7,5,1,0,1,dataset_large,mixed;numeric;omics,Single-cell profiling of human dura and meningioma reveals cellular meningeal landscape and insights into meningioma immune response.
PMC9356987,Hum Mutat,2022,cc by,ok,2,2,0,0,0,dataset_large,mixed;numeric,Large scale genotype- and phenotype-driven machine learning in Von Hippel-Lindau disease.
PMC9179018,Nat Genet,2022,,ok,1,0,0,0,0,no_tabular_data,,Multi-ancestry genetic study of type 2 diabetes highlights the power of diverse populations for discovery and translation.
PMC9422020,EJHaem,2022,cc by,ok,3,2,0,0,1,dataset_large,numeric;omics,Transcriptional profiles define drug refractory disease in myeloma.
PMC9095627,Nat Commun,2022,cc by,ok,6,1,0,0,4,dataset_medium,mixed,PERSIST platform provides programmable RNA regulation using CRISPR endoRNases.
PMC9092788,J Exp Clin Cancer Res,2022,cc by,ok,2,1,0,0,1,dataset_large,numeric,Immunogenomic intertumor heterogeneity across primary and metastatic sites in a patient with lung adenocarcinoma.
PMC9095674,Nat Commun,2022,cc by,ok,3,1,0,0,2,dataset_medium,numeric,Off-the-shelf CAR natural killer cells secreting IL-15 target spike in treating COVID-19.
PMC9095647,Commun Biol,2022,cc by,ok,5,1,0,0,4,dataset_medium,omics,A framework for multiplex imaging optimization and reproducible analysis.
PMC9082907,Genome Biol,2022,cc by,ok,4,0,1,0,3,small_table,,Bi-order multimodal integration of single-cell data.
PMC9095594,Sci Rep,2022,cc by,ok,2,2,0,0,0,dataset_medium,numeric;omics,"Rapid, sensitive, and low-cost detection of Escherichia coli bacteria in contaminated water samples using a phage-based assay."
PMC9159948,Nature,2022,cc by,ok,10,1,4,0,3,dataset_medium,numeric,Fundamental immune-oncogenicity trade-offs define driver mutation fitness.
PMC9090761,Commun Biol,2022,cc by,ok,5,1,0,0,3,dataset_medium,numeric,"Infiltrating natural killer cells bind, lyse and increase chemotherapy efficacy in glioblastoma stem-like tumorospheres."
PMC9082625,J Exp Med,2022,cc by,ok,1,0,0,0,0,tables_only,,Inhibition of FGF receptor blocks adaptive resistance to RET inhibition in CCDC6-RET-rearranged thyroid cancer.
PMC9106456,Oxid Med Cell Longev,2022,cc by,ok,1,1,0,0,0,dataset_medium,clinical,Urinary Biomarkers of Oxidative Stress in Aging: Implications for Prediction of Accelerated Biological Age in Prospective Cohort Studies.
PMC9072436,Nat Commun,2022,cc by,ok,15,8,0,0,3,dataset_large,mixed;numeric;omics,Comparative optimization of combinatorial CRISPR screens.
PMC9067695,PLoS One,2022,cc by,ok,6,2,0,0,4,dataset_large,clinical;numeric,Financial incentives to increase stool collection rates for microbiome studies in adult bone marrow transplant patients.
PMC9247831,Am J Hum Genet,2022,cc by-nc-nd,ok,18,12,4,0,2,dataset_large,omics,Germline predisposition to pediatric Ewing sarcoma is characterized by inherited pathogenic variants in DNA damage repair genes.
PMC9066728,J Hematol Oncol,2022,cc by,ok,5,2,1,0,2,dataset_large,numeric;omics,Prostate cancer multiparametric magnetic resonance imaging visibility is a tumor-intrinsic phenomena.
PMC9171763,Proc Natl Acad Sci U S A,2022,cc by,ok,2,1,0,0,1,dataset_large,numeric,Triple-helix potential of the mouse genome.
PMC9065149,Nat Commun,2022,cc by,ok,10,6,0,0,4,dataset_large,mixed;numeric;omics,Alterations in homologous recombination repair genes in prostate cancer brain metastases.
PMC9136943,Cell Rep,2022,cc by-nc-nd,ok,1,0,0,0,0,no_tabular_data,,Interactomic analysis reveals a homeostatic role for the HIV restriction factor TRIM5α in mitophagy.
PMC9106346,J Clin Invest,2022,cc by,ok,4,1,1,0,1,dataset_large,omics,Rapamycin limits CD4+ T cell proliferation in simian immunodeficiency virus-infected rhesus macaques on antiretroviral therapy.
PMC9071229,Hum Reprod,2022,cc by-nc,ok,25,4,1,0,19,dataset_large,mixed;numeric;omics,Genome-wide association study meta-analysis identifies three novel loci for circulating anti-Müllerian hormone levels in women.
PMC9154343,Stem Cells Transl Med,2022,cc by-nc,ok,3,1,0,0,1,dataset_medium,numeric,SAHA Enhances Differentiation of CD34+CD45+ Hematopoietic Stem and Progenitor Cells from Pluripotent Stem Cells Concomitant with an Increase in Hemogenic Endothelium.
PMC9381104,Cancer Res,2022,cc by-nc-nd,ok,2,1,0,0,1,dataset_large,numeric,Chemotherapy-Induced Collagen IV Drives Cancer Cell Motility through Activation of Src and Focal Adhesion Kinase.
PMC9106345,J Clin Invest,2022,cc by,ok,5,1,3,0,1,dataset_large,omics,ZFP36L2 suppresses mTORc1 through a P53-dependent pathway to prevent peripartum cardiomyopathy in mice.
PMC9365348,Clin Cancer Res,2022,cc by-nc-nd,ok,5,2,1,0,2,dataset_large,numeric;omics,Targeting the Ubiquitin-Proteasome System Using the UBA1 Inhibitor TAK-243 is a Potential Therapeutic Strategy for Small-Cell Lung Cancer.
PMC9221390,Cell Rep,2022,cc by,ok,1,0,0,0,0,no_tabular_data,,Serum autoantibodyome reveals that healthy individuals share common autoantibodies.
PMC9065033,Nat Commun,2022,cc by,ok,3,1,0,0,2,dataset_large,numeric,Simultaneous stabilization of actin cytoskeleton in multiple nephron-specific cells protects the kidney from diverse injury.
PMC9158790,NPJ Aging,2022,cc by,too_large,0,0,0,0,0,no_supp_retrieved,,Genetic associations with healthy ageing among Chinese adults.
PMC9112329,ACS Infect Dis,2022,cc by-nc-nd,ok,2,1,0,0,1,dataset_medium,omics,Glycomic Analysis Reveals a Conserved Response to Bacterial Sepsis Induced by Different Bacterial Pathogens.
PMC9090804,Eur J Hum Genet,2022,cc by,ok,5,3,2,0,0,dataset_large,numeric,Correction: Polygenic risk modeling for prediction of epithelial ovarian cancer risk.
PMC9050725,NPJ Breast Cancer,2022,cc by,ok,3,1,1,0,1,dataset_medium,mixed,Is conservative management of ductal carcinoma in situ risky?
PMC9051098,Commun Biol,2022,cc by,ok,10,5,1,0,4,dataset_medium,mixed;numeric;omics,Loss of SIRT1 inhibits hematopoietic stem cell aging and age-dependent mixed phenotype acute leukemia.
PMC9257990,Cancer Commun (Lond),2022,cc by-nc-nd,ok,2,1,0,0,1,dataset_medium,omics,ZBED2 expression enhances interferon signaling and predicts better survival of estrogen receptor-negative breast cancer patients.
PMC9106351,J Clin Invest,2022,cc by,ok,3,2,0,0,1,dataset_medium,mixed,Iron deficiency linked to altered bile acid metabolism promotes Helicobacter pylori-induced inflammation-driven gastric carcinogenesis.
PMC9157165,G3 (Bethesda),2022,cc by,ok,4,0,1,0,3,small_table,,The Nab2 RNA-binding protein patterns dendritic and axonal projections through a planar cell polarity-sensitive mechanism.
PMC9050710,NPJ Precis Oncol,2022,cc by,ok,6,4,0,0,2,dataset_large,mixed;numeric;omics,DNA-based copy number analysis confirms genomic evolution of PDX models.
PMC9051102,Nat Commun,2022,cc by,ok,4,0,1,0,3,small_table,,Targeting CD123 in blastic plasmacytoid dendritic cell neoplasm using allogeneic anti-CD123 CAR T cells.
PMC9050731,Nat Commun,2022,cc by,ok,4,1,0,0,3,dataset_medium,omics,Allogeneic TCRαβ deficient CAR T-cells targeting CD123 in acute myeloid leukemia.
PMC9050715,Nat Commun,2022,cc by,too_large,0,0,0,0,0,no_supp_retrieved,,Somatic whole genome dynamics of precancer in Barrett's esophagus reveals features associated with disease progression.
PMC9046531,Breast Cancer Res Treat,2022,,ok,2,1,1,0,0,dataset_large,numeric,The feasibility of using an autologous GM-CSF-secreting breast cancer vaccine to induce immunity in patients with stage II-III and metastatic breast cancers.
PMC9149656,Front Immunol,2022,cc by,ok,2,2,0,0,0,dataset_medium,omics,Isoforms of Neuropilin-2 Denote Unique Tumor-Associated Macrophages in Breast Cancer.
PMC9045816,Elife,2022,cc by,ok,3,0,0,0,1,tables_only,,Development and characterization of new tools for detecting poly(ADP-ribose) in vitro and in vivo.
PMC8995028,Sci Transl Med,2022,cc by,ok,3,0,1,0,2,small_table,,Omicron variant Spike-specific antibody binding and Fc activity are preserved in recipients of mRNA or inactivated COVID-19 vaccines.
PMC9091171,Front Physiol,2022,cc by,ok,3,0,3,0,0,small_table,,Enteroendocrine Cell Formation Is an Early Event in Pancreatic Tumorigenesis.
PMC9084524,PLoS Biol,2022,cc by,ok,19,15,1,0,3,dataset_large,mixed;numeric;omics,The X-linked splicing regulator MBNL3 has been co-opted to restrict placental growth in eutherians.
PMC9071266,Elife,2022,cc by,ok,8,6,1,0,1,dataset_large,numeric;omics,Neuronal apoptosis drives remodeling states of microglia and shifts in survival pathway dependence.
PMC9051212,Nat Commun,2022,cc by,ok,8,1,0,0,4,dataset_large,numeric,Hypoxia-activated neuropeptide Y/Y5 receptor/RhoA pathway triggers chromosomal instability and bone metastasis in Ewing sarcoma.
PMC9127577,J Biol Chem,2022,cc by,ok,4,3,0,0,1,dataset_large,omics,Histone chaperone ASF1 acts with RIF1 to promote DNA end joining in BRCA1-deficient cells.
PMC9133468,Cell Rep Med,2022,cc by-nc-nd,ok,5,2,1,0,1,dataset_large,mixed;omics,Transcriptional profiling of macrophages in situ in metastatic melanoma reveals localization-dependent phenotypes and function.
PMC9157009,J Biol Chem,2022,cc by,ok,3,2,1,0,0,dataset_large,omics,Protein proximity networks and functional evaluation of the casein kinase 1 gamma family reveal unique roles for CK1γ3 in WNT signaling.
PMC9046084,Nat Cancer,2022,cc by,ok,9,3,4,0,2,dataset_large,clinical;omics,Cell type and gene expression deconvolution with BayesPrism enables Bayesian integrative analysis across bulk and single-cell RNA sequencing in oncology.
PMC9042912,Nat Commun,2022,cc by,ok,10,5,0,0,4,dataset_large,mixed;numeric;omics,T cell receptor and IL-2 signaling strength control memory CD8<sup>+</sup> T cell functional fitness via chromatin remodeling.
PMC9040206,BMC Med,2022,cc by,ok,4,2,1,0,1,dataset_medium,mixed;omics,"Overlap of high-risk individuals predicted by family history, and genetic and non-genetic breast cancer risk prediction models: implications for risk stratification."
PMC9033827,Nat Commun,2022,cc by,ok,8,5,0,0,3,dataset_large,mixed;numeric;omics,ZNF117 regulates glioblastoma stem cell differentiation towards oligodendroglial lineage.
PMC9064297,Elife,2022,cc by,ok,8,1,1,0,1,dataset_medium,mixed,A tRNA processing enzyme is a key regulator of the mitochondrial unfolded protein response.
PMC9251811,Int J Cancer,2022,cc by,ok,2,0,1,0,1,small_table,,Diabetes mellitus in relation to colorectal tumor molecular subtypes: A pooled analysis of more than 9000 cases.
PMC9678104,Cancer Med,2022,cc by,ok,2,0,0,0,1,tables_only,,Germline mutations in penetrant cancer predisposition genes are rare in men with prostate cancer selecting active surveillance.
PMC9033817,Nat Commun,2022,cc by,ok,4,1,1,0,2,dataset_medium,numeric,A targetable CoQ-FSP1 axis drives ferroptosis- and radiation-resistance in KEAP1 inactive lung cancers.
PMC9118112,Am J Hum Genet,2022,cc by,ok,3,1,0,0,2,dataset_medium,mixed,Germline MBD4 deficiency causes a multi-tumor predisposition syndrome.
PMC9136110,J Biol Chem,2022,cc by,ok,3,0,1,0,2,small_table,,Identification of a reciprocal negative feedback loop between tau-modifying proteins MARK2 kinase and CBP acetyltransferase.
PMC9106907,Nat Immunol,2022,,ok,1,0,0,0,0,no_tabular_data,,Dynamic transcriptional activity and chromatin remodeling of regulatory T cells after varied duration of interleukin-2 receptor signaling.
PMC8995036,Sci Transl Med,2022,cc by,ok,3,1,0,0,2,dataset_medium,numeric,Characterization of immune responses in fully vaccinated individuals after breakthrough infection with the SARS-CoV-2 delta variant.
PMC9127220,J Biol Chem,2022,cc by-nc-nd,ok,5,3,0,0,1,dataset_large,numeric,Intersubunit and intrasubunit interactions driving the MukBEF ATPase.
PMC9018685,Nat Commun,2022,cc by,ok,5,1,1,0,3,dataset_large,numeric,Genomic and transcriptomic analysis of a library of small cell lung cancer patient-derived xenografts.
PMC9016944,Microbiome,2022,cc by,ok,3,1,0,0,1,dataset_large,mixed,Diversity and distribution of sulfur metabolic genes in the human gut microbiome and their association with colorectal cancer.
PMC9017004,BMC Med,2022,cc by,ok,3,1,1,0,1,dataset_large,mixed,Identifying molecular mediators of the relationship between body mass index and endometrial cancer risk: a Mendelian randomization analysis.
PMC9220319,Immunity,2022,cc by,ok,4,0,2,0,1,small_table,,Combined protein and nucleic acid imaging reveals virus-dependent B cell and macrophage immunosuppression of tissue microenvironments.
PMC9012827,Cell Death Dis,2022,cc by,ok,7,0,1,0,3,small_table,,Targeted CUL4A inhibition synergizes with cisplatin to yield long-term survival in models of head and neck squamous cell carcinoma through a DDB2-mediated mechanism.
PMC9008031,Sci Rep,2022,cc by,ok,2,2,0,0,0,dataset_large,numeric,Temporal reproducibility of IgG and IgM autoantibodies in serum from healthy women.
PMC9007589,Elife,2022,cc by,ok,9,1,3,0,1,dataset_medium,numeric,"Aspirin's effect on kinetic parameters of cells contributes to its role in reducing incidence of advanced colorectal adenomas, shown by a multiscale computational study."
PMC9111734,Influenza Other Respir Viruses,2022,cc by,ok,1,1,0,0,0,dataset_medium,omics,COVID-19 severity from Omicron and Delta SARS-CoV-2 variants.
PMC9005657,Sci Rep,2022,cc by,ok,3,2,0,0,1,dataset_large,mixed,Manifestations of Alzheimer's disease genetic risk in the blood are evident in a multiomic analysis in healthy adults aged 18 to 90.
PMC9054036,Nat Cell Biol,2022,,ok,1,0,0,0,0,no_tabular_data,,Stem cell conversion to the cardiac lineage requires nucleotide signalling from apoptosing cells.
PMC9005525,Nat Commun,2022,cc by,ok,10,4,2,0,4,dataset_large,omics,Distinct molecular and immune hallmarks of inflammatory arthritis induced by immune checkpoint inhibitors for cancer therapy.
PMC9098103,Front Bioinform,2022,cc by,ok,2,1,0,0,1,dataset_medium,mixed,MethylMasteR: A Comparison and Customization of Methylation-Based Copy Number Variation Calling Software in Cancers Harboring Large Scale Chromosomal Deletions.
PMC9004104,Skelet Muscle,2022,cc by,ok,5,0,1,4,0,small_table,,Endurance exercise attenuates juvenile irradiation-induced skeletal muscle functional decline and mitochondrial stress.
PMC9001684,Nat Commun,2022,cc by,ok,7,3,0,0,4,dataset_medium,mixed;numeric,Designing highly multiplex PCR primer sets with Simulated Annealing Design using Dimer Likelihood Estimation (SADDLE).
PMC9006312,J Exp Med,2022,cc by,ok,2,2,0,0,0,dataset_large,numeric;omics,CCR2/CCR5 inhibitor permits the radiation-induced effector T cell infiltration in pancreatic adenocarcinoma.
PMC9001699,Commun Biol,2022,cc by,ok,6,1,0,0,4,dataset_medium,mixed,Non-coding RNA LEVER sequestration of PRC2 can mediate long range gene regulation.
PMC9022812,PLoS Genet,2022,cc by,ok,6,0,1,0,5,small_table,,TTLL1 and TTLL4 polyglutamylases are required for the neurodegenerative phenotypes in pcd mice.
PMC9007954,Nat Commun,2022,cc by,ok,7,1,0,0,3,dataset_large,numeric,Nuclear translocation of p85β promotes tumorigenesis of PIK3CA helical domain mutant cancer.
PMC9006574,Breast Cancer Res,2022,cc by,ok,2,1,0,0,1,dataset_large,numeric,Genome-wide and transcriptome-wide association studies of mammographic density phenotypes reveal novel loci.
PMC9005610,Nat Commun,2022,cc by,ok,3,1,0,0,2,dataset_large,numeric,Inducible and reversible RNA N<sup>6</sup>-methyladenosine editing.
PMC9038871,Acta Neuropathol,2022,cc by,ok,2,1,0,0,1,dataset_medium,mixed,Somatic LINE-1 promoter acquisition drives oncogenic FOXR2 activation in pediatric brain tumor.
PMC9251876,Mol Oncol,2022,cc by,ok,2,1,1,0,0,dataset_medium,mixed,Precision medicine-based therapies in advanced colorectal cancer: The University of California San Diego Molecular Tumor Board experience.
PMC9844147,Nat Genet,2022,,ok,1,0,0,0,1,no_tabular_data,,Single-cell analysis of somatic mutations in human bronchial epithelial cells in relation to aging and smoking.
PMC9007735,Nat Methods,2022,cc by,ok,1,0,0,0,1,no_tabular_data,,Searching thousands of genomes to classify somatic and novel structural variants using STIX.
PMC8989978,Sci Rep,2022,cc by,ok,3,0,1,0,2,small_table,,Affective response to physical activity as a deep phenotype in a non-randomized pilot study.
PMC9046262,iScience,2022,cc by-nc-nd,ok,7,6,0,0,0,dataset_large,mixed;numeric;omics,Metabolomics-based phenotypic screens for evaluation of drug synergy via direct-infusion mass spectrometry.
PMC8987088,Nat Commun,2022,cc by,ok,12,1,0,0,4,dataset_large,numeric,CRISPR-mediated multiplexed live cell imaging of nonrepetitive genomic loci with one guide RNA per locus.
PMC9007740,Nat Methods,2022,cc by,too_large,0,0,0,0,0,no_supp_retrieved,,SLEAP: A deep learning system for multi-animal pose tracking.
PMC8980042,Nat Commun,2022,cc by,ok,7,1,0,0,4,dataset_medium,numeric,Astrocyte plasticity in mice ensures continued endfoot coverage of cerebral blood vessels following injury and declines with age.
PMC9169651,Proc Natl Acad Sci U S A,2022,cc by-nc-nd,ok,6,5,0,0,1,dataset_large,numeric,Single cell enhancer activity distinguishes GABAergic and cholinergic lineages in embryonic mouse basal ganglia.
PMC9040630,mSystems,2022,cc by,ok,10,1,1,0,8,dataset_medium,omics,Phylogeny-Aware Analysis of Metagenome Community Ecology Based on Matched Reference Genomes while Bypassing Taxonomy.
PMC8985385,Genome Biol,2022,cc by,ok,6,1,1,0,1,dataset_medium,mixed,Cell type determination for cardiac differentiation occurs soon after seeding of human-induced pluripotent stem cells.
PMC8989357,PLoS One,2022,cc by,ok,5,2,1,0,2,dataset_medium,numeric,"Sulfite preservatives effects on the mouth microbiome: Changes in viability, diversity and composition of microbiota."
PMC8979981,Nat Commun,2022,cc by,ok,6,2,1,0,3,dataset_large,mixed,Ensemble of nucleic acid absolute quantitation modules for copy number variation detection and RNA profiling.
PMC9015667,Front Oncol,2022,cc by,ok,4,1,1,0,1,dataset_large,numeric,BRAF Inhibitor Resistance Confers Increased Sensitivity to Mitotic Inhibitors.
PMC9169737,Proc Natl Acad Sci U S A,2022,cc by,ok,10,7,2,0,1,dataset_large,mixed;numeric;omics,Cellular and transcriptional diversity over the course of human lactation.
PMC8986786,Nat Commun,2022,cc by,ok,6,1,1,0,4,dataset_large,numeric,STAG2 regulates interferon signaling in melanoma via enhancer loop reprogramming.
PMC8980015,Nat Commun,2022,cc by,ok,4,1,0,0,2,dataset_medium,mixed,MTAP deficiency creates an exploitable target for antifolate therapy in 9p21-loss cancers.
PMC8980094,NPJ Precis Oncol,2022,cc by,ok,11,9,0,0,2,dataset_large,numeric;omics,Multi-site desmoplastic small round cell tumors are genetically related and immune-cold.
PMC8987059,Nat Commun,2022,cc by,ok,3,1,0,0,2,dataset_medium,numeric,Depletion of tumor associated macrophages enhances local and systemic platelet-mediated anti-PD-1 delivery for post-surgery tumor recurrence treatment.
PMC8985253,BMC Infect Dis,2022,cc by,ok,1,1,0,0,0,dataset_medium,omics,"Prevalence of vaginal HPV infection among adolescent and early adult girls in Jos, North-Central Nigeria."
PMC8976016,Blood Cancer J,2022,cc by,ok,5,1,0,0,4,dataset_large,omics,Identification and validation of ecto-5' nucleotidase as an immunotherapeutic target in multiple myeloma.
PMC8990177,Neoplasia,2022,cc by-nc-nd,ok,4,2,2,0,0,dataset_large,mixed;numeric,Notch3 signaling between myeloma cells and osteocytes in the tumor niche promotes tumor growth and bone destruction.
PMC9007392,PLoS Comput Biol,2022,cc by,ok,32,15,10,0,4,dataset_large,mixed;numeric;omics,Non-linear archetypal analysis of single-cell RNA-seq data by deep autoencoders.
PMC9381093,Cancer Epidemiol Biomarkers Prev,2022,cc by-nc-nd,ok,3,1,0,0,2,dataset_medium,mixed,The Movember Global Action Plan 1 (GAP1): Unique Prostate Cancer Tissue Microarray Resource.
PMC8977792,J Immunother Cancer,2022,cc by-nc,ok,1,1,0,0,0,dataset_medium,omics,"Clinical, genomic, and transcriptomic correlates of response to immune checkpoint blockade-based therapy in a cohort of patients with angiosarcoma treated at a single center."
PMC8978419,BMC Med Genomics,2022,cc by,ok,2,2,0,0,0,dataset_medium,mixed;omics,Differential gene expression of 3D primary human airway cultures exposed to cigarette smoke and electronic nicotine delivery system (ENDS) preparations.
PMC9168619,J Biol Chem,2022,cc by,ok,8,6,0,0,2,dataset_large,numeric;omics,Proteomic elucidation of the targets and primary functions of the picornavirus 2A protease.
PMC8973562,Breast Cancer Res,2022,cc by,ok,4,0,2,0,1,small_table,,Population-based estimates of age-specific cumulative risk of breast cancer for pathogenic variants in ATM.
PMC8970679,J Clin Invest,2022,cc by,ok,3,1,0,0,1,dataset_large,omics,Targeting TGF-β for treatment of osteogenesis imperfecta.
PMC8971507,Sci Rep,2022,cc by,ok,9,4,0,4,1,dataset_large,mixed;numeric;omics,Collateral responses to classical cytotoxic chemotherapies are heterogeneous and sensitivities are sparse.
PMC8971492,Nat Commun,2022,cc by,ok,5,1,0,0,4,dataset_medium,mixed,cyCombine allows for robust integration of single-cell cytometry datasets within and across technologies.
PMC8976353,J Exp Clin Cancer Res,2022,cc by,ok,10,1,3,0,2,dataset_medium,omics,Differential responses to immune checkpoint inhibitor dictated by pre-existing differential immune profiles in squamous cell carcinomas caused by same initial oncogenic drivers.
PMC8975949,Nat Commun,2022,cc by,ok,4,1,0,0,3,dataset_medium,numeric,PI3Kγ stimulates a high molecular weight form of myosin light chain kinase to promote myeloid cell adhesion and tumor inflammation.
PMC8990373,Blood,2022,cc by-nc-nd,ok,7,5,1,0,1,dataset_large,numeric;omics,"Single-cell multiomics reveals increased plasticity, resistant populations, and stem-cell-like blasts in KMT2A-rearranged leukemia."
PMC8968878,Haematologica,2022,cc by-nc,ok,2,1,0,0,1,dataset_large,numeric,Perturbed hematopoiesis in individuals with germline DNMT3A overgrowth Tatton-Brown-Rahman syndrome.
PMC8964745,Nat Commun,2022,cc by,ok,3,1,0,0,2,dataset_medium,numeric,Lung type II alveolar epithelial cells collaborate with CCR2<sup>+</sup> inflammatory monocytes in host defense against poxvirus infection.
PMC8966171,BMC Microbiol,2022,cc by,ok,2,2,0,0,0,dataset_medium,numeric,"Dietary lignans, plasma enterolactone levels, and metabolic risk in men: exploring the role of the gut microbiome."
PMC9177690,Leukemia,2022,,ok,1,0,0,0,1,no_tabular_data,,RNAseqCNV: analysis of large-scale copy number variations from RNA-seq data.
PMC9049976,Elife,2022,cc by,ok,3,1,0,0,2,dataset_large,numeric,Assessing the causal role of epigenetic clocks in the development of multiple cancers: a Mendelian randomization study.
PMC9168845,Proc Natl Acad Sci U S A,2022,cc by-nc-nd,ok,3,2,0,0,1,dataset_large,mixed;omics,HIPK2 directs cell type-specific regulation of STAT3 transcriptional activity in Th17 cell differentiation.
PMC8967916,Nat Commun,2022,cc by,ok,4,1,1,0,2,dataset_medium,numeric,Phase II trial of cytarabine and mitoxantrone with devimistat in acute myeloid leukemia.
PMC8962113,Parasit Vectors,2022,cc by,ok,1,0,1,0,0,small_table,,Transgenesis in parasitic helminths: a brief history and prospects for the future.
PMC9311708,J Pathol,2022,cc by,ok,2,1,0,0,1,dataset_large,numeric,Comparative genomics of primary prostate cancer and paired metastases: insights from 12 molecular case studies.
PMC8961902,Genome Med,2022,cc by,ok,7,0,1,0,6,small_table,,Interaction of bacterial genera associated with therapeutic response to immune checkpoint PD-1 blockade in a United States cohort.
PMC8990895,Front Cardiovasc Med,2022,cc by,ok,2,0,1,0,1,small_table,,Divergent Cardiac Effects of Angiotensin II and Isoproterenol Following Juvenile Exposure to Doxorubicin.
PMC8995898,Front Immunol,2022,cc by,ok,13,1,3,0,9,dataset_medium,mixed,Variation of Immune Cell Responses in Humans Reveals Sex-Specific Coordinated Signaling Across Cell Types.
PMC8964420,Nat Metab,2022,cc by,ok,1,0,0,0,0,no_tabular_data,,Switching to the cyclic pentose phosphate pathway powers the oxidative burst in activated neutrophils.
PMC8956724,Sci Rep,2022,cc by,ok,3,1,1,0,1,dataset_medium,mixed,Reduced expression of mitochondrial complex I subunit Ndufs2 does not impact healthspan in mice.
PMC8965145,EBioMedicine,2022,cc by,ok,2,1,0,0,1,dataset_large,numeric,Coagulation factor protein abundance in the pre-septic state predicts coagulopathic activities that arise during late-stage murine sepsis.
PMC9265153,Mol Biol Cell,2022,cc by-nc-sa,ok,2,1,0,0,1,dataset_medium,numeric,An epigenetic small molecule screen to target abnormal nuclear morphology in human cells.
PMC8987778,Front Immunol,2022,cc by,ok,2,2,0,0,0,dataset_medium,mixed;numeric,An Autoantigen Atlas From Human Lung HFL1 Cells Offers Clues to Neurological and Diverse Autoimmune Manifestations of COVID-19.
PMC8947257,PLoS One,2022,cc by,ok,2,1,0,0,1,dataset_medium,numeric,Loss of Tpl2 activates compensatory signaling and resistance to EGFR/MET dual inhibition in v-RAS transduced keratinocytes.
PMC8943013,Commun Biol,2022,cc by,ok,6,1,1,0,4,dataset_large,numeric,A multi-encoder variational autoencoder controls multiple transformational features in single-cell image analysis.
PMC8983885,Front Cell Dev Biol,2022,cc by,ok,12,11,0,0,1,dataset_large,mixed;numeric,Origin and Evolution of the Multifaceted Adherens Junction Component Plekha7.
PMC8939766,Sci Transl Med,2022,cc by,ok,3,0,1,0,2,small_table,,Neutralizing antibody responses elicited by SARS-CoV-2 mRNA vaccination wane over time and are boosted by breakthrough infection.
PMC8938495,Nat Commun,2022,cc by,ok,4,0,0,0,3,no_tabular_data,,Fatty acid oxidation fuels glioblastoma radioresistance with CD47-mediated immune evasion.
PMC8940181,Elife,2022,cc by,ok,17,10,2,0,1,dataset_large,mixed;numeric;omics,Combining genotypes and T cell receptor distributions to infer genetic loci determining V(D)J recombination probabilities.
PMC9178041,Eur J Hum Genet,2022,cc by,ok,2,1,0,0,1,dataset_large,omics,Gene-lifestyle interactions in the genomics of human complex traits.
PMC9034101,J Biol Chem,2022,cc by,ok,3,1,0,0,2,dataset_medium,omics,Enzymatic analysis of WWP2 E3 ubiquitin ligase using protein microarrays identifies autophagy-related substrates.
PMC8933392,Nat Commun,2022,cc by,ok,3,1,0,0,2,dataset_medium,mixed,p16<sup>INK4A</sup>-deficiency predicts response to combined HER2 and CDK4/6 inhibition in HER2+ breast cancer brain metastases.
PMC8933498,Sci Rep,2022,cc by,ok,2,1,0,0,1,dataset_medium,mixed,Dynamic changes in gene alterations during chemotherapy in metastatic castrate resistant prostate cancer.
PMC9089460,Nat Biomed Eng,2022,,ok,1,0,0,0,0,no_tabular_data,,Massively parallel enrichment of low-frequency alleles enables duplex sequencing at low depth.
PMC8970044,Front Oncol,2022,cc by,ok,5,4,1,0,0,dataset_large,mixed,A Fucosylated Glycopeptide as a Candidate Biomarker for Early Diagnosis of NASH Hepatocellular Carcinoma Using a Stepped HCD Method and PRM Evaluation.
PMC8931048,Nat Commun,2022,cc by,ok,10,5,1,0,3,dataset_large,mixed;numeric;omics,Oncogenic gene expression and epigenetic remodeling of cis-regulatory elements in ASXL1-mutant chronic myelomonocytic leukemia.
PMC8933465,Nat Commun,2022,cc by,ok,3,1,0,0,2,dataset_large,numeric,Thermosensitive hydrogel releasing nitric oxide donor and anti-CTLA-4 micelles for anti-tumor immunotherapy.
PMC8955962,PLoS Comput Biol,2022,cc by,ok,2,1,0,0,1,dataset_large,numeric,In vitro machine learning-based CAR T immunological synapse quality measurements correlate with patient clinical outcomes.
PMC8944661,Proc Natl Acad Sci U S A,2022,cc by-nc-nd,ok,5,4,0,0,1,dataset_large,mixed;numeric;omics,Intermittent treatment of BRAF<sup>V600E</sup> melanoma cells delays resistance by adaptive resensitization to drug rechallenge.
PMC9009107,Aging Cell,2022,cc by,ok,2,0,1,0,1,small_table,,Quantitative restoration of immune defense in old animals determined by naive antigen-specific CD8 T-cell numbers.
PMC8933840,STAR Protoc,2022,cc by-nc-nd,ok,1,1,0,0,0,dataset_medium,numeric,FLAMBE: A kinetic fluorescence polarization assay to study activation of monomeric BAX.
PMC8921520,Nat Commun,2022,cc by,ok,6,1,0,0,5,dataset_medium,numeric,β&lt;sub&gt;IV&lt;/sub&gt;-spectrin as a stalk cell-intrinsic regulator of VEGF signaling.
PMC8989655,Nat Immunol,2022,,ok,1,0,0,0,0,no_tabular_data,,Type I interferon transcriptional network regulates expression of coinhibitory receptors in human T cells.
PMC8931092,Blood Cancer J,2022,cc by,ok,9,4,2,0,1,dataset_medium,omics,Proteomic profiling based classification of CLL provides prognostication for modern therapy and identifies novel therapeutic targets.
PMC8919571,Genome Med,2022,cc by,ok,7,6,0,0,1,dataset_large,mixed;numeric;omics,Calorie restriction improves metabolic state independently of gut microbiome composition: a randomized dietary intervention trial.
PMC8921328,Nat Commun,2022,cc by,ok,3,1,0,0,2,dataset_medium,numeric,Phase 2 study of pembrolizumab in patients with recurrent and residual high-grade meningiomas.
PMC8917698,Mol Cancer,2022,cc by,ok,3,1,1,0,1,dataset_medium,omics,Interaction of lncRNA MIR100HG with hnRNPA2B1 facilitates m<sup>6</sup>A-dependent stabilization of TCF7L2 mRNA and colorectal cancer progression.
PMC8960247,Front Oncol,2022,cc by,ok,5,3,1,0,1,dataset_large,numeric;omics,Chemical Biology Screening Identifies a Vulnerability to Checkpoint Kinase Inhibitors in TSC2-Deficient Renal Angiomyolipomas.
PMC8907307,Sci Rep,2022,cc by,ok,3,1,0,0,2,dataset_medium,omics,MTAP loss correlates with an immunosuppressive profile in GBM and its substrate MTA stimulates alternative macrophage polarization.
PMC8907344,Sci Rep,2022,cc by,ok,6,4,0,0,1,dataset_large,omics,Quantitative proteomic analysis of the lysine acetylome reveals diverse SIRT2 substrates.
PMC8962947,Front Immunol,2022,cc by,ok,18,6,2,0,9,dataset_large,mixed,"A Comprehensive Atlas of Immunological Differences Between Humans, Mice, and Non-Human Primates."
PMC8983049,Elife,2022,cc by,ok,13,8,2,0,1,dataset_large,numeric;omics,Cell-surface tethered promiscuous biotinylators enable comparative small-scale surface proteomic analysis of human extracellular vesicles and cells.
PMC8980884,JTO Clin Res Rep,2022,cc by,ok,3,1,0,0,2,dataset_medium,mixed,Plasma Genotyping at the Time of Diagnostic Tissue Biopsy Decreases Time-to-Treatment in Patients With Advanced NSCLC-Results From a Prospective Pilot Study.
PMC8903276,PLoS One,2022,cc by,ok,2,1,0,0,1,dataset_medium,mixed,Anti-SARS-CoV-2 IgG and IgA antibodies in COVID-19 convalescent plasma do not enhance viral infection.
PMC8960989,Front Med (Lausanne),2022,cc by,ok,4,0,1,0,3,small_table,,Cell-Matrix Interactions Contribute to Barrier Function in Human Colon Organoids.
PMC8958012,Front Oncol,2022,cc by,ok,2,1,0,0,1,dataset_medium,numeric,Immune Checkpoint Inhibitor-Induced Hypophysitis and Patterns of Loss of Pituitary Function.
PMC8902726,Sci Rep,2022,cc by,ok,1,0,1,0,0,small_table,,Mass COVID-19 patient screening using UvsX and UvsY mediated DNA recombination and high throughput parallel sequencing.
PMC8919618,J Cell Biol,2022,cc by,ok,15,2,0,0,12,dataset_large,mixed;omics,"The E3 ligase TRIM1 ubiquitinates LRRK2 and controls its localization, degradation, and toxicity."
PMC8900372,Genome Biol,2022,cc by,ok,2,0,1,0,1,small_table,,TraSig: inferring cell-cell interactions from pseudotime ordering of scRNA-Seq data.
PMC8907233,Sci Rep,2022,cc by,ok,2,1,0,0,1,dataset_medium,numeric,Astrocyte-secreted chordin-like 1 regulates spine density after ischemic injury.
PMC8906608,PLoS One,2022,cc by,ok,6,5,0,0,1,dataset_large,mixed;numeric,An integrated analysis of the effects of maternal broccoli sprouts exposure on transcriptome and methylome in prevention of offspring mammary cancer.
PMC9098194,ACS Synth Biol,2022,cc by,ok,2,1,1,0,0,dataset_medium,numeric,Constructing Cell-Free Expression Systems for Low-Cost Access.
PMC8948429,Front Oncol,2022,cc by,ok,5,1,0,0,0,dataset_large,omics,"Epstein-Barr Virus in Burkitt Lymphoma in Africa Reveals a Limited Set of Whole Genome and &lt;i&gt;LMP-1&lt;/i&gt; Sequence Patterns: Analysis of Archival Datasets and Field Samples From Uganda, Tanzania, and Kenya."
PMC9094745,Elife,2022,cc by,ok,6,2,3,0,1,dataset_medium,numeric;omics,Detection of malignant peripheral nerve sheath tumors in patients with neurofibromatosis using aneuploidy and mutation identification in plasma.
PMC8933692,iScience,2022,cc by-nc-nd,ok,4,3,0,0,1,dataset_large,numeric,"Somatic <i>Dnmt3a</i> inactivation leads to slow, canonical DNA methylation loss in murine hematopoietic cells."
PMC8956292,Elife,2022,cc by,too_large,0,0,0,0,0,no_supp_retrieved,,Coil-to-α-helix transition at the Nup358-BicD2 interface activates BicD2 for dynein recruitment.
PMC8905691,Blood Adv,2022,cc by-nc-nd,ok,4,0,2,0,1,small_table,,Outcomes of relapsed B-cell acute lymphoblastic leukemia after sequential treatment with blinatumomab and inotuzumab.
PMC8928405,J Immunother Cancer,2022,cc by,ok,3,1,0,0,2,dataset_large,numeric,MEK1/2 inhibition transiently alters the tumor immune microenvironment to enhance immunotherapy efficacy against head and neck cancer.
PMC8919251,Mol Syst Biol,2022,cc by,ok,8,4,0,0,4,dataset_large,omics,Time-series transcriptomics and proteomics reveal alternative modes to decode p53 oscillations.
PMC8915285,J Immunother Cancer,2022,cc by,ok,1,1,0,0,0,dataset_medium,omics,Spatial profiling reveals association between WNT pathway activation and T-cell exclusion in acquired resistance of synovial sarcoma to NY-ESO-1 transgenic T-cell therapy.
PMC8971834,Adv Radiat Oncol,2022,cc by-nc-nd,ok,2,1,1,0,0,dataset_medium,mixed,A Patient-Level Data Meta-analysis of the Abscopal Effect.
PMC8894426,NPJ Genom Med,2022,cc by,ok,7,5,0,0,2,dataset_medium,mixed;numeric,Distinct metabolic profiles associated with autism spectrum disorder versus cancer in individuals with germline PTEN mutations.
PMC8896005,G3 (Bethesda),2022,cc by,ok,14,11,2,0,1,dataset_large,mixed;numeric,Caenorhabditis elegans transposable elements harbor diverse transcription factor DNA-binding sites.
PMC8958550,Mol Metab,2022,cc by-nc-nd,ok,4,0,3,0,0,small_table,,Neurons undergo pathogenic metabolic reprogramming in models of familial ALS.
PMC8938266,Nat Med,2022,cc by,ok,18,6,8,0,3,dataset_large,numeric;omics,Stem cell architecture drives myelodysplastic syndrome progression and predicts response to venetoclax-based therapy.
PMC8897705,Prev Med Rep,2022,cc by-nc-nd,ok,2,1,0,0,1,dataset_medium,mixed,E-cigarette characteristics and cigarette smoking cessation behaviors among U.S. Adult dual users of cigarettes and e-cigarettes.
PMC9018425,Nat Med,2022,cc by,ok,11,1,8,0,2,dataset_medium,numeric,Nivolumab plus ipilimumab with or without live bacterial supplementation in metastatic renal cell carcinoma: a randomized phase 1 trial.
PMC8938922,ACS Chem Biol,2022,cc by-nc-nd,ok,4,1,1,0,2,dataset_medium,mixed,Machine Learning Classifies Ferroptosis and Apoptosis Cell Death Modalities with TfR1 Immunostaining.
PMC8892512,Proc Natl Acad Sci U S A,2022,cc by-nc-nd,ok,7,6,0,0,1,dataset_large,mixed;numeric,A PRC2-Kdm5b axis sustains tumorigenicity of acute myeloid leukemia.
PMC8898280,Cancer Res,2022,cc by-nc-nd,ok,5,3,1,0,1,dataset_medium,mixed,Quantification of T- and B-cell Immune Receptor Distribution Diversity Characterizes Immune Cell Infiltration and Lymphocyte Heterogeneity in Clear Cell Renal Cell Carcinoma.
PMC8888601,NPJ Precis Oncol,2022,cc by,ok,3,0,0,0,2,tables_only,,Crizotinib in patients with tumors harboring ALK or ROS1 rearrangements in the NCI-MATCH trial.
PMC8931386,Proc Natl Acad Sci U S A,2022,cc by,ok,20,16,3,0,1,dataset_large,mixed;numeric;omics,Specialized interferon action in COVID-19.
PMC8885678,Commun Biol,2022,cc by,ok,4,1,0,0,2,dataset_medium,numeric,Neuronal-glial communication perturbations in murine SOD1<sup>G93A</sup> spinal cord.
PMC8884513,PLoS One,2022,cc by,ok,3,1,0,0,2,dataset_medium,mixed,"Expression of epigenetic pathway related genes in association with PD-L1, ER/PgR and MLH1 in endometrial carcinoma."
PMC8881579,Nat Commun,2022,cc by,ok,6,2,0,0,4,dataset_large,numeric;omics,Phosphoproteomic profiling of T cell acute lymphoblastic leukemia reveals targetable kinases and combination treatment strategies.
PMC8973845,Genes Dev,2022,cc by-nc,ok,11,8,1,0,1,dataset_large,numeric;omics,Rap1 regulates TIP60 function during fate transition between two-cell-like and pluripotent states.
PMC8871369,Elife,2022,cc by,ok,11,0,5,0,1,small_table,,Complex effects of kinase localization revealed by compartment-specific regulation of protein kinase A activity.
PMC8881512,Nat Commun,2022,cc by,ok,3,1,0,0,2,dataset_large,numeric,Transcriptional repression of estrogen receptor alpha by YAP reveals the Hippo pathway as therapeutic target for ER<sup>+</sup> breast cancer.
PMC8880891,PLoS One,2022,cc by,ok,11,9,1,0,0,dataset_large,numeric;omics,Analyses of human cancer driver genes uncovers evolutionarily conserved RNA structural elements involved in posttranscriptional control.
PMC9016347,EMBO J,2022,cc by-nc-nd,ok,3,0,1,0,2,small_table,,Reduced ER-mitochondria connectivity promotes neuroblastoma multidrug resistance.
PMC8873264,Commun Biol,2022,cc by,ok,4,0,1,0,3,small_table,,TUSC2 immunogene enhances efficacy of chemo-immuno combination on KRAS/LKB1 mutant NSCLC in humanized mouse model.
PMC8873459,Nat Commun,2022,cc by,ok,7,2,1,0,4,dataset_large,mixed,Circulating microbial content in myeloid malignancy patients is associated with disease subtypes and patient outcomes.
PMC8903303,PLoS Pathog,2022,cc by,ok,4,1,2,0,1,dataset_medium,omics,Vaccinia virus D10 has broad decapping activity that is regulated by mRNA splicing.
PMC8938924,ACS Chem Biol,2022,cc by-nc-nd,ok,6,5,0,0,1,dataset_large,mixed;numeric,Chemical Interrogation of Nuclear Size Identifies Compounds with Cancer Cell Line-Specific Effects on Migration and Invasion.
PMC8866543,Sci Rep,2022,cc by,ok,4,4,0,0,0,dataset_large,omics,"Survival Genie, a web platform for survival analysis across pediatric and adult cancers."
PMC8866399,Oncogenesis,2022,cc by,ok,6,2,3,0,1,dataset_medium,numeric,PI3K-regulated Glycine N-methyltransferase is required for the development of prostate cancer.
PMC8872718,J Transl Autoimmun,2022,cc by-nc-nd,ok,1,1,0,0,0,dataset_medium,numeric,"A master autoantigen-ome links alternative splicing, female predilection, and COVID-19 to autoimmune diseases."
PMC8863827,Nat Commun,2022,cc by,ok,13,7,1,0,5,dataset_large,mixed;numeric,Short- and long-read metagenomics of urban and rural South African gut microbiomes reveal a transitional composition and undescribed taxa.
PMC8860706,Cancer Cell,2022,,ok,3,0,1,0,2,small_table,,Impact of COVID-19 on case fatality rate of patients with cancer during the Omicron wave.
PMC8863982,Nat Commun,2022,cc by,ok,9,5,1,0,3,dataset_large,mixed;numeric;omics,Dicer promotes genome stability via the bromodomain transcriptional co-activator BRD4.
PMC8876506,JCI Insight,2022,cc by,ok,8,1,0,0,1,dataset_medium,mixed,Fibrotic lung disease inhibits immune responses to staphylococcal pneumonia via impaired neutrophil and macrophage function.
PMC8860176,Oncotarget,2022,cc by,ok,5,1,0,0,1,dataset_medium,numeric,A liquid fraction of extracellular matrix inhibits glioma cell viability <i>in vitro</i> and <i>in vivo</i>.
PMC8871371,Elife,2022,cc by,ok,7,5,0,0,1,dataset_large,numeric,In vivo fluorescence lifetime imaging of macrophage intracellular metabolism during wound responses in zebrafish.
PMC8862331,Reprod Biol Endocrinol,2022,cc by,ok,2,1,1,0,0,dataset_medium,omics,Proteome-defined changes in cellular pathways for decidua and trophoblast tissues associated with location and viability of early-stage pregnancy.
PMC8957055,Mol Cell Proteomics,2022,cc by,too_large,0,0,0,0,0,no_supp_retrieved,,In-Depth Matrisome and Glycoproteomic Analysis of Human Brain Glioblastoma Versus Control Tissue.
PMC8901057,PLoS Comput Biol,2022,cc by,ok,17,1,1,0,15,dataset_medium,numeric,Multi-omics data integration reveals metabolome as the top predictor of the cervicovaginal microenvironment.
PMC9006863,Mol Cell Proteomics,2022,cc by-nc-nd,ok,11,10,0,0,1,dataset_large,numeric;omics,Hypoxia Is a Dominant Remodeler of the Effector T Cell Surface Proteome Relative to Activation and Regulatory T Cell Suppression.
PMC8865883,AAPS J,2022,cc by,ok,1,1,0,0,0,dataset_large,numeric,"State of the Art and Uses for the Biopharmaceutics Drug Disposition Classification System (BDDCS): New Additions, Revisions, and Citation References."
PMC8896459,Genome Res,2022,cc by,ok,6,1,2,0,0,dataset_medium,mixed,Predicting genotype-specific gene regulatory networks.
PMC8860360,Nat Biomed Eng,2022,,ok,6,0,0,0,2,tables_only,,Rapid manufacturing of non-activated potent CAR T cells.
PMC9099130,Clin Transl Sci,2022,cc by-nc,ok,13,3,3,0,7,dataset_medium,numeric,Pharmacometabonomic association of cyclophosphamide 4-hydroxylation in hematopoietic cell transplant recipients.
PMC8850221,Evolution (N Y),2022,cc by,ok,8,1,3,0,3,dataset_medium,numeric,The life history theory of the Lord of the Rings: a randomized controlled trial of using fact versus fiction to teach life history theory.
PMC8860095,Life Sci Alliance,2022,cc by,ok,2,1,0,0,1,dataset_medium,omics,Quantitative profiling of adaptation to cyclin E overproduction.
PMC8847344,Nat Commun,2022,cc by,ok,7,0,1,0,4,small_table,,Cancer patient survival can be parametrized to improve trial precision and reveal time-dependent therapeutic effects.
PMC8888678,Front Cell Dev Biol,2022,cc by,ok,3,1,2,0,0,dataset_large,omics,Genes Involved in Maintaining Mitochondrial Membrane Potential Upon Electron Transport Chain Disruption.
PMC9020823,Elife,2022,cc by,ok,11,5,4,0,1,dataset_medium,mixed;numeric,Comprehensive and unbiased multiparameter high-throughput screening by compaRe finds effective and subtle drug responses in AML models.
PMC8861971,Cell Rep Med,2022,cc by,too_large,0,0,0,0,0,no_supp_retrieved,,An omic and multidimensional spatial atlas from serial biopsies of an evolving metastatic breast cancer.
PMC8846513,PLoS Negl Trop Dis,2022,cc by,ok,16,5,5,0,6,dataset_large,mixed;omics,Host tissue proteomics reveal insights into the molecular basis of Schistosoma haematobium-induced bladder pathology.
PMC8967185,Cell Rep Methods,2022,cc by-nc-nd,ok,4,2,0,0,2,dataset_large,omics,High-throughput identification of autoantibodies that target the human exoproteome.
PMC8854441,Nat Commun,2022,cc by,ok,6,2,1,0,3,dataset_medium,mixed,CytofIn enables integrated analysis of public mass cytometry datasets using generalized anchors.
PMC9119356,Cancer Med,2022,cc by,ok,8,5,1,0,2,dataset_medium,clinical;mixed;numeric,Systematic review of neighborhood socioeconomic indices studied across the cancer control continuum.
PMC8850586,Nat Commun,2022,cc by,ok,5,2,0,0,3,dataset_large,numeric,A non-catalytic scaffolding activity of hexokinase 2 contributes to EMT and metastasis.
PMC8845406,Global Health,2022,cc by,ok,1,1,0,0,0,dataset_medium,mixed,"Strategies to expand corporate autonomy by the tobacco, alcohol and sugar-sweetened beverage industry: a scoping review of reviews."
PMC8873527,Front Cell Dev Biol,2022,cc by,ok,10,4,2,0,4,dataset_large,numeric;omics,Protein Posttranslational Signatures Identified in COVID-19 Patient Plasma.
PMC8963883,Elife,2022,cc by,ok,22,3,2,0,1,dataset_medium,numeric,Multiple motors cooperate to establish and maintain acentrosomal spindle bipolarity in <i>C. elegans</i> oocyte meiosis.
PMC8979589,Elife,2022,cc by,ok,17,10,4,0,1,dataset_large,mixed;numeric;omics,Barcoded bulk QTL mapping reveals highly polygenic and epistatic architecture of complex traits in yeast.
PMC8866573,Front Cell Infect Microbiol,2022,cc by,ok,18,0,3,0,15,small_table,,Natural Killer Cell Receptors and Ligands Are Associated With Markers of HIV-1 Persistence in Chronically Infected ART Suppressed Patients.
PMC8830681,PLoS Genet,2022,cc by,ok,6,1,2,0,0,dataset_medium,numeric,Circadian control of heparan sulfate levels times phagocytosis of amyloid beta aggregates.
PMC8956509,Oncogene,2022,cc by,ok,9,3,2,0,4,dataset_large,mixed;omics,Intratumor genetic heterogeneity and clonal evolution to decode endometrial cancer progression.
PMC8831582,Nat Commun,2022,cc by,ok,5,2,0,0,3,dataset_large,mixed;numeric,Deciphering spatial genomic heterogeneity at a single cell resolution in multiple myeloma.
PMC8837632,Commun Biol,2022,cc by,ok,6,3,0,0,3,dataset_large,mixed;numeric;omics,Three-dimensional spatial transcriptomics uncovers cell type localizations in the human rheumatoid arthritis synovium.
PMC9365884,J Robot Surg,2022,cc by,ok,2,1,1,0,0,dataset_large,clinical,Assessing the role of robotic proctectomy in obese patients: a contemporary NSQIP analysis.
PMC8832866,Genome Med,2022,cc by,ok,2,1,0,0,1,dataset_large,omics,Somatic mutational profiles and germline polygenic risk scores in human cancer.
PMC8825821,Nat Commun,2022,cc by,ok,6,2,0,0,4,dataset_large,numeric,SMAP is a pipeline for sample matching in proteogenomics.
PMC8967714,Nature,2022,cc by,ok,15,2,5,0,3,dataset_medium,numeric,GD2-CAR T cell therapy for H3K27M-mutated diffuse midline gliomas.
PMC9117392,Nat Biotechnol,2022,,ok,10,6,1,0,0,dataset_large,mixed;numeric;omics,Curated variation benchmarks for challenging medically relevant autosomal genes.
PMC8819949,Mol Cancer,2022,cc by,ok,8,0,5,0,2,small_table,,Dual CRISPR interference and activation for targeted reactivation of X-linked endogenous FOXP3 in human breast cancer cells.
PMC8828745,Nat Commun,2022,cc by,ok,4,1,0,0,3,dataset_large,omics,Combining p53 mRNA nanotherapy with immune checkpoint blockade reprograms the immune microenvironment for effective cancer therapy.
PMC8826421,Nat Commun,2022,cc by,too_large,0,0,0,0,0,no_supp_retrieved,,Differential activation mechanisms of lipid GPCRs by lysophosphatidic acid and sphingosine 1-phosphate.
PMC8842185,J Cell Biol,2022,cc by-nc-sa,ok,16,4,0,0,5,dataset_large,numeric;omics,Assessing Gq-GPCR-induced human astrocyte reactivity using bioengineered neural organoids.
PMC8824479,Elife,2022,cc by,ok,25,2,13,0,2,dataset_medium,numeric,Connexin hemichannels with prostaglandin release in anabolic function of bone to mechanical loading.
PMC9413368,Biotechniques,2022,cc by-nc-nd,ok,2,1,1,0,0,dataset_medium,mixed,Validation of CRISPR targeting for proliferation and cytarabine resistance control genes in the acute myeloid leukemia cell line MOLM-13.
PMC8815186,BMC Biol,2022,cc by,ok,3,2,0,0,1,dataset_medium,mixed;omics,Highly reliable creation of floxed alleles by electroporating single-cell embryos.
PMC8855115,Front Oncol,2022,cc by,ok,2,1,0,0,0,dataset_medium,numeric,A Multi-Compartment Model of Glioma Response to Fractionated Radiation Therapy Parameterized <i>via</i> Time-Resolved Microscopy Data.
PMC8813935,Nat Commun,2022,cc by,ok,10,1,1,0,3,dataset_large,numeric,Direct-laser writing for subnanometer focusing and single-molecule imaging.
PMC8813949,Nat Commun,2022,cc by,ok,4,1,0,0,3,dataset_large,numeric,TNF antagonist sensitizes synovial fibroblasts to ferroptotic cell death in collagen-induced arthritis mouse models.
PMC8813994,Sci Rep,2022,cc by,ok,6,4,1,0,1,dataset_large,mixed;numeric,WIN site inhibition disrupts a subset of WDR5 function.
PMC8861828,Cell Rep Med,2022,cc by-nc-nd,ok,5,3,0,0,2,dataset_large,numeric;omics,"SU086, an inhibitor of HSP90, impairs glycolysis and represents a treatment strategy for advanced prostate cancer."
PMC8810922,Nat Commun,2022,cc by,ok,7,4,0,0,3,dataset_large,numeric,A pan-CRISPR analysis of mammalian cell specificity identifies ultra-compact sgRNA subsets for genome-scale experiments.
PMC8807747,Nat Commun,2022,cc by,ok,17,8,3,0,4,dataset_large,mixed;numeric;omics,PPM1D mutations are oncogenic drivers of de novo diffuse midline glioma formation.
PMC8945299,Blood Adv,2022,cc by-nc-nd,ok,2,0,1,0,1,small_table,,Epstein Barr virus-positive B-cell lymphoma is highly vulnerable to MDM2 inhibitors in vivo.
PMC8809624,PLoS One,2022,cc by,ok,9,5,1,0,3,dataset_medium,numeric,Oral nimodipine treatment has no effect on amyloid pathology or neuritic dystrophy in the 5XFAD mouse model of amyloidosis.
PMC8832988,Proc Natl Acad Sci U S A,2022,cc by-nc-nd,ok,3,3,0,0,0,dataset_large,numeric;omics,Tracing the cis-regulatory changes underlying the endometrial control of placental invasion.
PMC9723553,ISME Commun,2022,cc by,ok,2,2,0,0,0,dataset_medium,mixed,MIxS-SA: a MIxS extension defining the minimum information standard for sequence data from symbiont-associated micro-organisms.
PMC8979493,Cell Genom,2022,cc by,ok,14,10,1,0,3,dataset_large,numeric;omics,SuperDendrix algorithm integrates genetic dependencies and genomic alterations across pathways and cancer types.
PMC8851539,Proc Natl Acad Sci U S A,2022,cc by-nc-nd,ok,6,2,0,0,0,dataset_large,mixed;numeric,Nitric oxide stimulates type IV MSHA pilus retraction in &lt;i&gt;Vibrio cholerae&lt;/i&gt; via activation of the phosphodiesterase CdpA.
PMC8811601,J Immunother Cancer,2022,cc by-nc,ok,2,1,0,0,1,dataset_medium,numeric,Platelets subvert antitumor efficacy of T cell-recruiting bispecific antibodies.
PMC8802428,BMC Med,2022,cc by,ok,2,2,0,0,0,dataset_large,mixed;omics,Investigating the effect of sexual behaviour on oropharyngeal cancer risk: a methodological assessment of Mendelian randomization.
PMC8812249,J Transl Med,2022,cc by,ok,3,2,0,0,1,dataset_large,omics,"Mutational signatures reveal ternary relationships between homologous recombination repair, APOBEC, and mismatch repair in gynecological cancers."
PMC8872788,Proc Natl Acad Sci U S A,2022,cc by-nc-nd,ok,5,4,0,0,1,dataset_large,numeric;omics,"LINE-1 expression in cancer correlates with p53 mutation, copy number alteration, and S phase checkpoint."
PMC8843735,J Clin Invest,2022,cc by,ok,11,7,2,0,2,dataset_large,numeric;omics,Rapid idiosyncratic mechanisms of clinical resistance to KRAS G12C inhibition.
PMC8800287,Acta Neuropathol Commun,2022,cc by,ok,3,2,0,0,1,dataset_large,omics,Targeting the A&lt;sub&gt;3&lt;/sub&gt; adenosine receptor to prevent and reverse chemotherapy-induced neurotoxicities in mice.
PMC8842368,Oncologist,2022,cc by,ok,2,0,1,0,1,small_table,,Evaluation of Targeted Next-Generation Sequencing for the Management of Patients Diagnosed with a Cancer of Unknown Primary.
PMC8800302,Breast Cancer Res,2022,cc by,ok,4,1,1,0,1,dataset_large,numeric,Gene expression predicts dormant metastatic breast cancer cell phenotype.
PMC8794090,PLoS Med,2022,cc0,ok,26,7,9,0,4,dataset_medium,numeric,The relationship between lipoprotein A and other lipids with prostate cancer risk: A multivariable Mendelian randomisation study.
PMC8795448,Commun Biol,2022,cc by,ok,6,3,1,0,2,dataset_medium,numeric,Differential toxicity to murine small and large intestinal epithelium induced by oncology drugs.
PMC8852293,Nat Microbiol,2022,,ok,1,0,0,0,0,no_tabular_data,,The transcriptional regulator HDP1 controls expansion of the inner membrane complex during early sexual differentiation of malaria parasites.
PMC8891971,J Biol Chem,2022,cc by,ok,4,2,0,0,2,dataset_large,mixed;omics,Enhanced immunoprecipitation techniques for the identification of RNA-binding protein partners: IGF2BP1 interactions in mammary epithelial cells.
PMC8933705,Mol Cell Proteomics,2022,cc by,ok,2,1,0,0,0,dataset_large,mixed,Multiattribute Glycan Identification and FDR Control for Glycoproteomics.
PMC9787288,Alzheimers Dement,2022,cc by-nc,ok,2,1,0,0,1,dataset_large,numeric,APOE ε2 resilience for Alzheimer's disease is mediated by plasma lipid species: Analysis of three independent cohort studies.
PMC8789144,PLoS One,2022,cc by,ok,1,0,1,0,0,small_table,,"P63 targeted deletion under the FOXN1 promoter disrupts pre-and post-natal thymus development, function and maintenance as well as induces severe hair loss."
PMC8799464,Nat Med,2022,cc by,ok,11,0,1,0,10,small_table,,Antisense oligonucleotide silencing of FUS expression as a therapeutic approach in amyotrophic lateral sclerosis.
PMC8861121,J Biol Chem,2022,cc by,ok,7,2,0,0,5,dataset_large,mixed;omics,T-cell activation decreases miRNA-15a/16 levels to promote MEK1-ERK1/2-Elk1 signaling and proliferative capacity.
PMC8855834,JCI Insight,2022,cc by,ok,2,1,0,0,1,dataset_medium,numeric,Liquid biopsy reveals collateral tissue damage in cancer.
PMC8782884,Nat Commun,2022,cc by,ok,12,6,3,0,3,dataset_medium,mixed;numeric;omics,Genome-wide detection of CRISPR editing in vivo using GUIDE-tag.
PMC9134808,Hepatol Commun,2022,cc by-nc-nd,ok,3,1,1,0,1,dataset_large,omics,A Dual-Filtration System for Single-Cell Sequencing of Circulating Tumor Cells and Clusters in HCC.
PMC8783448,Clin Epigenetics,2022,cc by,ok,5,3,0,0,1,dataset_large,numeric,Immune profiles and DNA methylation alterations related with non-muscle-invasive bladder cancer outcomes.
PMC8776765,Nat Commun,2022,cc by,ok,3,0,0,0,2,no_tabular_data,,Enrichment of the exocytosis protein STX4 in skeletal muscle remediates peripheral insulin resistance and alters mitochondrial dynamics via Drp1.
PMC8783009,Commun Biol,2022,cc by,ok,4,0,1,0,3,small_table,,An autonomous TCR signal-sensing switch influences CD4/CD8 lineage choice in mice.
PMC8776871,Commun Biol,2022,cc by,too_large,0,0,0,0,0,no_supp_retrieved,,Using Cryo-ET to distinguish platelets during pre-acute myeloid leukemia from steady state hematopoiesis.
PMC8776790,Nat Commun,2022,cc by,ok,6,2,0,0,4,dataset_large,mixed;numeric,Circulating ACE2-expressing extracellular vesicles block broad strains of SARS-CoV-2.
PMC8895114,Adv Sci (Weinh),2022,cc by,ok,2,0,1,0,1,small_table,,Extracellular Vesicles Mediate the Intercellular Exchange of Nanoparticles.
PMC9024182,J Gynecol Oncol,2022,cc by-nc,ok,2,0,0,0,0,tables_only,,"Clinicopathologic and protein markers distinguishing the ""polymerase epsilon exonuclease"" from the ""copy number low"" subtype of endometrial cancer."
PMC8941266,Mol Cell Proteomics,2022,cc by,ok,5,4,0,0,1,dataset_large,mixed;numeric;omics,A Dynamic and Combinatorial Histone Code Drives Malaria Parasite Asexual and Sexual Development.
PMC8865426,Cell Rep Methods,2022,cc by,ok,3,1,1,0,1,dataset_medium,omics,Detecting molecular subtypes from multi-omics datasets using SUMO.
PMC8904525,Eur J Hum Genet,2022,cc by,ok,17,8,5,0,3,dataset_large,numeric,Polygenic risk modeling for prediction of epithelial ovarian cancer risk.
PMC8760648,Mol Cancer,2022,cc by,ok,4,2,0,0,0,dataset_medium,mixed,A nuclear function for an oncogenic microRNA as a modulator of snRNA and splicing.
PMC8922273,EMBO J,2022,cc by,ok,6,1,0,0,3,dataset_large,omics,CDK4/6 inhibitors induce replication stress to cause long-term cell cycle withdrawal.
PMC8758681,NPJ Breast Cancer,2022,cc by,ok,3,1,0,0,2,dataset_medium,numeric,The breast pre-cancer atlas illustrates the molecular and micro-environmental diversity of ductal carcinoma in situ.
PMC8849574,Nat Cell Biol,2022,,ok,1,0,0,0,0,no_tabular_data,,53BP1-shieldin-dependent DSB processing in BRCA1-deficient cells requires CST-Polα-primase fill-in synthesis.
PMC8759285,Genome Biol,2022,cc by,ok,6,3,2,0,1,dataset_medium,mixed;numeric,Polygenic transcriptome risk scores (PTRS) can improve portability of polygenic risk scores across ancestries.
PMC8800087,JMIR Form Res,2022,cc by,ok,4,0,4,0,0,small_table,,Leveraging a Consumer-Based Product to Develop a Cancer-Specific Mobile Meditation App: Prototype Development Study.
PMC8752598,Commun Biol,2022,cc by,ok,11,4,3,0,4,dataset_large,numeric,Selective control of synaptically-connected circuit elements by all-optical synapses.
PMC8752746,Nat Commun,2022,cc by,ok,3,1,0,0,2,dataset_medium,omics,molBV reveals immune landscape of bacterial vaginosis and predicts human papillomavirus infection natural history.
PMC8750876,BMC Med,2022,cc by,ok,4,1,1,0,2,dataset_large,mixed,Circulating inflammatory cytokines and risk of five cancers: a Mendelian randomization analysis.
PMC8748879,Nat Commun,2022,cc by,ok,7,3,0,0,3,dataset_large,numeric,Proximity labeling identifies a repertoire of site-specific R-loop modulators.
PMC8748509,Nat Commun,2022,cc by,ok,4,1,1,0,2,dataset_large,mixed,Latency reversal plus natural killer cells diminish HIV reservoir in vivo.
PMC8748988,Nat Commun,2022,cc by,ok,6,2,1,0,3,dataset_medium,mixed;numeric,Mechanism for inverted-repeat recombination induced by a replication fork barrier.
PMC8748722,Nat Commun,2022,cc by,ok,8,1,0,0,4,dataset_large,numeric,Synthetic recovery of impulse propagation in myocardial infarction via silicon carbide semiconductive nanowires.
PMC8748974,Oncogenesis,2022,cc by,ok,2,1,0,0,1,dataset_large,omics,CCND3 is indispensable for the maintenance of B-cell acute lymphoblastic leukemia.
PMC8748679,Commun Biol,2022,cc by,ok,4,1,0,0,3,dataset_large,numeric,Real time imaging of single extracellular vesicle pH regulation in a microfluidic cross-flow filtration platform.
PMC8744333,Anim Microbiome,2022,cc by,ok,12,0,2,0,8,small_table,,Gut microbiota and age shape susceptibility to clostridial enteritis in lorikeets under human care.
PMC8818612,J Cachexia Sarcopenia Muscle,2022,cc by-nc-nd,ok,8,5,0,0,3,dataset_large,numeric;omics,Numb is required for optimal contraction of skeletal muscle.
PMC8752853,Nat Commun,2022,cc by,ok,11,6,2,0,3,dataset_large,numeric;omics,Age influences on the molecular presentation of tumours.
PMC8752785,Nat Commun,2022,cc by,ok,9,4,1,0,3,dataset_large,numeric,Identification of a modular super-enhancer in murine retinal development.
PMC9286490,Cancer Res Commun,2022,cc by,ok,1,1,0,0,0,dataset_medium,omics,A randomized clinical trial of precision prevention materials incorporating <i>MC1R</i> genetic risk to improve skin cancer prevention activities among Hispanics.
PMC8752777,Nat Commun,2022,cc by,ok,9,6,0,0,3,dataset_large,mixed;numeric;omics,A GATA4-regulated secretory program suppresses tumors through recruitment of cytotoxic CD8 T cells.
PMC8801379,HGG Adv,2022,cc by,ok,4,2,2,0,0,dataset_medium,omics,Prediction of breast cancer risk based on flow variant analysis of circulating peripheral blood mononuclear cells.
PMC8744064,J Hematol Oncol,2022,cc by,ok,3,2,1,0,0,dataset_medium,numeric,Treatment with soluble CD24 attenuates COVID-19-associated systemic immunopathology.
PMC8748689,Nat Commun,2022,cc by,ok,12,6,0,0,4,dataset_large,clinical;mixed;omics,Prediction of biomarkers and therapeutic combinations for anti-PD-1 immunotherapy using the global gene network association.
PMC8741932,Sci Rep,2022,cc by,ok,2,1,0,0,1,dataset_medium,numeric,Changes in beta-catenin expression and activation during progression of primary sclerosing cholangitis predict disease recurrence.
PMC8881297,Int J Obes (Lond),2022,,ok,1,0,0,0,0,no_tabular_data,,A national evaluation of geographic accessibility and provider availability of obesity medicine diplomates in the United States between 2011 and 2019.
PMC8765754,Elife,2022,cc by,too_large,0,0,0,0,0,no_supp_retrieved,,Type I and II PRMTs inversely regulate post-transcriptional intron detention through Sm and CHTOP methylation.
PMC8741762,Sci Rep,2022,cc by,ok,5,0,0,0,1,tables_only,,Genomic studies controvert the existence of the CUX1 p75 isoform.
PMC8739494,Life Sci Alliance,2022,cc by,ok,4,3,0,0,1,dataset_large,numeric,Retinoblastoma protein regulates carcinogen susceptibility at heterochromatic cancer driver loci.
PMC8725583,mBio,2022,cc by,ok,2,1,0,0,0,dataset_large,omics,Evidence for Multiple Subpopulations of Herpesvirus-Latently Infected Cells.
PMC8725568,Breast Cancer Res,2022,cc by,ok,4,1,0,0,3,dataset_medium,mixed,Common variants in breast cancer risk loci predispose to distinct tumor subtypes.
PMC8692908,Theranostics,2022,cc by,ok,3,2,0,0,1,dataset_large,numeric,HDAC6 inhibition reverses long-term doxorubicin-induced cognitive dysfunction by restoring microglia homeostasis and synaptic integrity.
PMC8753197,Blood Adv,2022,cc by-nc-nd,ok,4,1,2,0,1,dataset_medium,mixed,Association of allele-specific methylation of the ASNS gene with asparaginase sensitivity and prognosis in T-ALL.
PMC8759636,PLoS Genet,2022,cc by,ok,14,2,1,0,8,dataset_medium,mixed,The SWI/SNF chromatin remodeling assemblies BAF and PBAF differentially regulate cell cycle exit and cellular invasion in vivo.
PMC8794850,Proc Natl Acad Sci U S A,2022,cc by-nc-nd,ok,4,3,0,0,1,dataset_large,numeric;omics,Disruption of MeCP2-TCF20 complex underlies distinct neurodevelopmental disorders.
PMC8794880,Proc Natl Acad Sci U S A,2022,cc by-nc-nd,ok,2,2,0,0,0,dataset_medium,mixed;numeric,"A large fraction of trisomy 12, 17p<sup>-</sup>, and 11q<sup>-</sup> CLL cases carry unidentified microdeletions of <i>miR-15a/16-1</i>."
PMC9052999,Pulm Circ,2022,cc by-nc,ok,3,1,1,0,1,dataset_medium,numeric,A unique gut microbiota signature in pulmonary arterial hypertension: A pilot study.
PMC9151447,Gastro Hep Adv,2022,cc by,ok,12,4,0,0,7,dataset_large,numeric;omics,Master Transcription Regulators and Transcription Factors Regulate Immune-Associated Differences Between Patients of African and European Ancestry With Colorectal Cancer.
PMC8792442,Cell,2022,cc by-nc-nd,ok,1,0,0,0,0,no_tabular_data,,Transition to invasive breast cancer is associated with progressive changes in the structure and composition of tumor stroma.
PMC9389428,Neurooncol Adv,2022,cc by,ok,3,1,1,0,1,dataset_medium,omics,An affinity for brainstem microglia in pediatric high-grade gliomas of brainstem origin.
PMC8807355,Mol Oncol,2022,cc by,ok,2,1,0,0,1,dataset_large,mixed,Epigenetic priming in chronic liver disease impacts the transcriptional and genetic landscapes of hepatocellular carcinoma.
PMC9092641,Neurooncol Adv,2022,cc by-nc,ok,1,1,0,0,0,dataset_medium,numeric,Mitochondrial 1555 G&gt;A variant as a potential risk factor for childhood glioblastoma.
PMC8785210,J Immunother Cancer,2022,cc by,ok,3,1,0,0,2,dataset_large,omics,CCR1 and CCR5 mediate cancer-induced myelopoiesis and differentiation of myeloid cells in the tumor.
PMC8243556,Clin Infect Dis,2022,,ok,15,1,7,0,7,dataset_medium,numeric,Differential Cytokine Signatures of Severe Acute Respiratory Syndrome Coronavirus 2 (SARS-CoV-2) and Influenza Infection Highlight Key Differences in Pathobiology.
PMC8824432,J Am Soc Mass Spectrom,2022,cc by-nc-nd,ok,2,1,0,0,0,dataset_large,numeric,Proteomic Analysis Reveals Low-Dose PARP Inhibitor-Induced Differential Protein Expression in BRCA1-Mutated High-Grade Serous Ovarian Cancer Cells.
PMC8931934,J Cell Biol,2022,cc by-nc-sa,ok,3,1,0,0,2,dataset_large,numeric,Arf6 anchors Cdr2 nodes at the cell cortex to control cell size at division.
PMC7613779,Nat Cancer,2022,cc by,too_large,0,0,0,0,0,no_supp_retrieved,,Three-dimensional imaging mass cytometry for highly multiplexed molecular and cellular mapping of tissues and the tumor microenvironment.
PMC8753123,iScience,2022,cc by-nc-nd,ok,6,1,4,0,1,dataset_large,mixed,"Peptide ancestry informative markers in uterine neoplasms from women of European, African, and Asian ancestry."
PMC9095477,Mol Psychiatry,2022,cc by,ok,9,1,3,0,1,dataset_medium,mixed,Novel open reading frames in human accelerated regions and transposable elements reveal new leads to understand schizophrenia and bipolar disorder.
PMC8770127,Nature,2022,cc by,ok,21,10,8,0,3,dataset_large,mixed;numeric;omics,Targeting SWI/SNF ATPases in enhancer-addicted prostate cancer.
PMC8752443,Nat Ecol Evol,2022,cc by,ok,14,13,0,0,1,dataset_large,mixed;numeric;omics,Spatial patterns of tumour growth impact clonal diversification in a computational model and the TRACERx Renal study.
PMC8787749,ACS Chem Biol,2022,cc by,ok,2,1,0,0,1,dataset_large,omics,"4-Deoxy-4-fluoro-GalNAz (4FGalNAz) Is a Metabolic Chemical Reporter of O-GlcNAc Modifications, Highlighting the Notable Substrate Flexibility of O-GlcNAc Transferase."
PMC9207157,Nat Biomed Eng,2022,,ok,1,0,0,0,0,no_tabular_data,,Genetically engineered and enucleated human mesenchymal stromal cells for the targeted delivery of therapeutics to diseased tissue.
PMC9401511,Cancer Discov,2022,cc by-nc-nd,ok,5,4,0,0,1,dataset_medium,mixed,A Summary of the Inaugural WHO Classification of Pediatric Tumors: Transitioning from the Optical into the Molecular Era.
PMC8695353,Transl Oncol,2022,cc by-nc-nd,ok,2,1,0,0,1,dataset_medium,omics,"Chondroitin sulfate proteoglycan 4, a targetable oncoantigen that promotes ovarian cancer growth, invasion, cisplatin resistance and spheroid formation."
PMC7612481,Genet Med,2022,cc by,ok,5,1,1,0,1,dataset_large,mixed,Polygenic risk scores for prediction of breast cancer risk in Asian populations.
PMC8761171,Metab Eng,2022,cc by-nc-nd,ok,1,0,0,0,1,no_tabular_data,,Metabolic flux analysis of the non-transitory starch tradeoff for lipid production in mature tobacco leaves.
PMC8738143,J Pathol,2022,cc by,ok,7,3,1,0,3,dataset_medium,clinical;mixed;omics,Mouse-INtraDuctal (MIND): an in vivo model for studying the underlying mechanisms of DCIS malignancy.
PMC8711851,Life Sci Alliance,2022,cc by,ok,4,2,1,0,1,dataset_medium,mixed;omics,Loss of Nup210 results in muscle repair delays and age-associated alterations in muscle integrity.
PMC8760900,Neurooncol Adv,2022,cc by-nc,ok,4,2,0,0,2,dataset_medium,clinical;numeric,"The dominant TP53 hotspot mutation in <b><i>IDH</i></b> -mutant astrocytoma, R273C, has distinctive pathologic features and sex-specific prognostic implications."
PMC8744682,Genome Res,2022,cc by-nc,ok,10,6,1,0,1,dataset_large,mixed;numeric;omics,De novo individualized disease modules reveal the synthetic penetrance of genes and inform personalized treatment regimens.
PMC8756518,HGG Adv,2022,cc by-nc-nd,ok,3,1,0,0,2,dataset_medium,numeric,Associations of genetic susceptibility to 16 cancers with risk of breast cancer overall and by intrinsic subtypes.
PMC11178283,J King Saud Univ Sci,2022,cc by,ok,1,0,0,0,0,no_tabular_data,,<i>In silico</i> CD4 + T-cell multiepitope prediction and HLA distribution analysis for Marburg Virus-A strategy for vaccine designing.
PMC8649620,Neoplasia,2022,cc by,ok,4,4,0,0,0,dataset_large,mixed;numeric,Global molecular alterations involving recurrence or progression of pediatric brain tumors.
PMC8771003,JBMR Plus,2022,cc by,ok,11,8,2,0,1,dataset_large,numeric;omics,Vitamin D Modulation of Mitochondrial Oxidative Metabolism and mTOR Enforces Stress Adaptations and Anticancer Responses.
PMC8703189,Mol Ther Oncolytics,2022,cc by-nc-nd,ok,1,1,0,0,0,dataset_large,numeric,Acquired chemoresistance can lead to increased resistance of pancreatic cancer cells to oncolytic vesicular stomatitis virus.
PMC9680700,Genet Med,2022,cc by,ok,1,0,0,0,0,no_tabular_data,,Performance of polygenic risk scores for cancer prediction in a racially diverse academic biobank.
PMC8916547,ACR Open Rheumatol,2022,cc by-nc-nd,ok,3,1,1,0,1,dataset_medium,mixed,"Transarterial Embolization for the Treatment of Chronic Musculoskeletal Pain: A Systematic Review of Indications, Safety, and Efficacy."
PMC9245938,Brain Pathol,2022,cc by-nc-nd,ok,1,1,0,0,0,dataset_large,mixed,Intracranial mesenchymal tumors with FET-CREB fusion are composed of at least two epigenetic subgroups distinct from meningioma and extracranial sarcomas.
PMC8614156,J Cell Biol,2022,cc by-nc-sa,ok,2,0,1,0,1,small_table,,Micron-scale supramolecular myosin arrays help mediate cytoskeletal assembly at mature adherens junctions.
PMC8870008,Hepatol Commun,2022,cc by-nc-nd,ok,3,1,1,0,0,dataset_large,numeric,Lipidomics and Redox Lipidomics Indicate Early Stage Alcohol-Induced Liver Damage.
PMC8770599,Cancer Res,2022,cc by-nc-nd,ok,5,0,2,0,3,small_table,,Repurposing Ceritinib Induces DNA Damage and Enhances PARP Inhibitor Responses in High-Grade Serous Ovarian Carcinoma.
PMC9287237,Dig Dis Sci,2022,cc by-nc,ok,1,1,0,0,0,dataset_medium,numeric,Duodenal Microbiome and Serum Metabolites Predict Hepatocellular Carcinoma in a Multicenter Cohort of Patients with Cirrhosis.
PMC8672050,J Biol Chem,2022,cc by-nc-nd,ok,2,1,0,0,1,dataset_medium,mixed,Metabolic adaptation to the chronic loss of Ca<sup>2+</sup> signaling induced by KO of IP<sub>3</sub> receptors or the mitochondrial Ca<sup>2+</sup> uniporter.
PMC8595142,Cancer Cell,2022,,ok,3,1,0,0,2,dataset_medium,mixed,Efficacy of booster doses in augmenting waning immune responses to COVID-19 vaccine in patients with cancer.
PMC9091056,Nat Biomed Eng,2022,,ok,1,0,0,0,1,no_tabular_data,,Quantitative imaging of apoptosis following oncolytic virotherapy by magnetic resonance fingerprinting aided by deep learning.
PMC8990071,Cell Death Differ,2022,cc by,ok,5,1,2,0,2,dataset_medium,numeric,An atlas of inter- and intra-tumor heterogeneity of apoptosis competency in colorectal cancer tissue at single-cell resolution.
PMC8807356,Mol Oncol,2022,cc by,ok,23,3,0,0,20,dataset_large,mixed;omics,Co-occurrence of BAP1 and SF3B1 mutations in uveal melanoma induces cellular senescence.
PMC8605326,Life Sci Alliance,2022,cc by,ok,3,0,2,0,1,small_table,,Molecular and genetic dissection of recursive splicing.
PMC8732304,Int J Cancer,2022,cc by,ok,2,1,0,0,1,dataset_medium,numeric,Age-specific burden of cervical cancer associated with HIV: A global analysis with a focus on sub-Saharan Africa.
PMC8926923,Nat Biotechnol,2022,cc by,ok,14,11,0,0,1,dataset_large,mixed;numeric,High-confidence structural annotation of metabolites absent from spectral libraries.
PMC8506475,J Autism Dev Disord,2022,,ok,1,1,0,0,0,dataset_medium,mixed,Opportunities and Challenges in Developing Technology-Based Social Skills Interventions for Adolescents with Autism Spectrum Disorder: A Qualitative Analysis of Parent Perspectives.
PMC8503970,Transplant Cell Ther,2022,cc by-nc-nd,ok,1,0,1,0,0,small_table,,Hematopoietic Cell Transplantation is Feasible in Patients with Prior COVID-19 Infection.
PMC9296070,Cancer Discov,2022,cc by-nc-nd,ok,6,3,0,0,1,dataset_large,mixed;omics,Characterization of the Genomic and Immunologic Diversity of Malignant Brain Tumors through Multisector Analysis.
PMC8491550,J Med Chem,2022,cc by-nc-nd,ok,2,0,1,0,1,small_table,,Discovery and Mechanism of SARS-CoV-2 Main Protease Inhibitors.
PMC8816952,Cell Death Differ,2022,cc by,ok,4,2,1,0,1,dataset_large,numeric,Synergistic apoptotic effect of miR-183-5p and Polo-Like kinase 1 inhibitor NMS-P937 in breast cancer cells.
PMC8934750,Fam Cancer,2022,cc by,ok,1,0,0,0,1,no_tabular_data,,Outcomes of retesting in patients with previously uninformative cancer genetics evaluations.
PMC8748279,Int J Radiat Oncol Biol Phys,2022,cc by-nc-nd,ok,1,0,0,0,1,no_tabular_data,,Cognitive and Imaging Differences After Proton and Photon Whole Brain Irradiation in a Preclinical Model.
PMC8807392,Leukemia,2022,cc by,ok,2,1,0,0,1,dataset_large,omics,YBX1 mediates translation of oncogenic transcripts to control cell competition in AML.
PMC8873243,Hum Genet,2022,cc by,ok,9,2,2,5,0,dataset_large,mixed;omics,Predicting functional consequences of mutations using molecular interaction network features.
PMC8882202,J Med Genet,2022,cc by,ok,4,1,1,0,2,dataset_medium,mixed,International initiative for a curated <i>SDHB</i> variant database improving the diagnosis of hereditary paraganglioma and pheochromocytoma.
PMC8854443,Cancer Epidemiol,2022,,ok,1,0,1,0,0,small_table,,"Point of care tobacco treatment sustains during COVID-19, a global pandemic."
PMC8372481,Genes Dis,2022,cc by-nc-nd,ok,5,1,0,0,4,dataset_large,mixed,Mediator complex subunit 12 is a gatekeeper of SARS-CoV-2 infection in breast cancer cells.
PMC8770695,Prostate Cancer Prostatic Dis,2022,,ok,1,0,0,0,0,no_tabular_data,,Impact of Decipher Biopsy testing on clinical outcomes in localized prostate cancer in a prospective statewide collaborative.
PMC9510932,Genomics Proteomics Bioinformatics,2022,cc by,ok,37,6,5,0,3,dataset_medium,mixed;numeric,Mako: A Graph-based Pattern Growth Approach to Detect Complex Structural Variants.
PMC8847993,Mol Oncol,2022,cc by,ok,1,1,0,0,0,dataset_medium,omics,SIK2 kinase synthetic lethality is driven by spindle assembly defects in FANCA-deficient cells.
PMC8671557,Mod Pathol,2022,,ok,1,0,0,0,0,no_tabular_data,,Uterine PEComas: correlation between melanocytic marker expression and TSC alterations/TFE3 fusions.
PMC8732343,Mol Oncol,2022,cc by,ok,9,0,2,0,7,small_table,,Multiplexed digital spatial profiling of invasive breast tumors from Black and White women.
PMC8865329,Epigenetics,2022,cc by-nc-nd,ok,1,1,0,0,0,dataset_medium,mixed,DNA-methylation for the detection and distinction of 19 human malignancies.
PMC8865272,Epigenetics,2022,cc by-nc-nd,ok,2,1,0,0,1,dataset_large,omics,Differentially methylated regions within lung cancer risk loci are enriched in deregulated enhancers.
PMC7772527,Cancer Rep (Hoboken),2022,cc by,ok,5,1,0,0,4,dataset_medium,omics,Leptomeningeal metastatic cells adopt two phenotypic states.
PMC4765946,PLoS Genet,2016,cc by,ok,1,1,0,0,0,dataset_medium,mixed,Determinants of Chromosome Architecture: Insulator Pairing in cis and in trans.
PMC5003027,Mol Psychiatry,2016,cc by-nc-nd,ok,6,2,2,0,0,dataset_medium,mixed;numeric,"TSPAN5, ERICH3 and selective serotonin reuptake inhibitors in major depressive disorder: pharmacometabolomics-informed pharmacogenomics."
PMC4765774,PLoS One,2016,cc by,ok,13,0,4,6,1,small_table,,"N-Terminal-Based Targeted, Inducible Protein Degradation in Escherichia coli."
